序号,原版 event,category,vibration_intensity,audio,audio_intensity,player_only,haptics.lua 行,重复定义数,源码字面引用数,原版原始逻辑/证据,目前实现的触发逻辑,正常交互保护,空间/player_only 逻辑,目前具体震动方式,保真度与限制
1,dontstarve/wilson/hungry,DANGER,1.0,False,1.0,True,5,1,6,"haptics.lua 第 5 行注册；触发证据：stategraphs/SGbunnyman.lua:51 inst.SoundEmitter:PlaySound(""dontstarve/wilson/hungry"")；stategraphs/SGcozy_bunnyman.lua:311 inst.SoundEmitter:PlaySound(""dontstarve/wilson/hungry"")；stategraphs/SGmerm.lua:190 inst.SoundEmitter:PlaySound(""dontstarve/wilson/hungry"")；另 3 处",本地 ThePlayer hungry 动画进入沿桥接；不依赖声音（原版 audio=false）,原版 Controller Vibration=ON；Mod=ON；活动手柄已连接；非暂停；同事件/实体/实例短窗去重；本地玩家归属过滤,要求 emitter entity == ThePlayer；原版明确由本地 FrontEnd/FocalPoint 发出的事件视为监听者本地上下文；其它玩家/NPC 过滤,Hungry 原版 WAV RMS 包络（约 1.2 s 有效段）,高：本地语义准确；波形为原版 WAV 降采样
2,dontstarve/wilson/hit,DANGER,1.0,True,1.0,True,6,1,31,"haptics.lua 第 6 行注册；触发证据：stategraphs/SGhermitcrab.lua:1412 inst.SoundEmitter:PlaySound(""dontstarve/wilson/hit"")；stategraphs/SGhermitcrab.lua:3235 inst.SoundEmitter:PlaySound(""dontstarve/wilson/hit"")；stategraphs/SGhermitcrab.lua:3272 inst.SoundEmitter:PlaySound(""dontstarve/wilson/hit"")；另 28 处",客户端原声钩子 + player_classified 的 attacked 服务器脉冲；普通受击短暂延后，让特殊受击原声优先；锤击由成功动作桥接,原版 Controller Vibration=ON；Mod=ON；活动手柄已连接；非暂停；同事件/实体/实例短窗去重；本地玩家归属过滤,要求 emitter entity == ThePlayer；原版明确由本地 FrontEnd/FocalPoint 发出的事件视为监听者本地上下文；其它玩家/NPC 过滤,危险/受击三段衰减包络,高但非逐分支完美：attacked 无 stimuli 字段；相邻帧可见的特殊受击声会抑制 generic hit
3,dontstarve/charlie/warn,DANGER,1.0,True,1.0,False,9,1,1,"haptics.lua 第 9 行注册；触发证据：prefabs/player_common.lua:2811 inst.components.grue:SetSounds(""dontstarve/charlie/warn"",""dontstarve/charlie/attack"")",客户端可见的同名 SoundEmitter 调用由钩子处理；纯服务端直接复制声音无法被 Lua 通用枚举,原版 Controller Vibration=ON；Mod=ON；活动手柄已连接；非暂停；同事件/实体/实例短窗去重；空间距离过滤,DANGER 以 Sim.SetListener 三维位置进行世界空间平滑衰减，默认近—远 7–34 单位；超距归零，可由 Spatial Reach 缩放,危险/受击三段衰减包络,条件覆盖：事件表语义完整，触发可观察性由引擎路径决定
4,dontstarve/charlie/attack,DANGER,1.5,True,1.0,False,10,1,1,"haptics.lua 第 10 行注册；触发证据：prefabs/player_common.lua:2811 inst.components.grue:SetSounds(""dontstarve/charlie/warn"",""dontstarve/charlie/attack"")",客户端可见的同名 SoundEmitter 调用由钩子处理；纯服务端直接复制声音无法被 Lua 通用枚举,原版 Controller Vibration=ON；Mod=ON；活动手柄已连接；非暂停；同事件/实体/实例短窗去重；空间距离过滤,DANGER 以 Sim.SetListener 三维位置进行世界空间平滑衰减，默认近—远 7–34 单位；超距归零，可由 Spatial Reach 缩放,危险/受击三段衰减包络,条件覆盖：事件表语义完整，触发可观察性由引擎路径决定
5,dontstarve/charlie/attack_low,DANGER,1.5,True,1.0,False,11,1,1,"haptics.lua 第 11 行注册；触发证据：stategraphs/SGstalker.lua:756 FrameEvent(300, function(inst) inst.SoundEmitter:PlaySound(""dontstarve/charlie/attack_low"") end),",客户端可见的同名 SoundEmitter 调用由钩子处理；纯服务端直接复制声音无法被 Lua 通用枚举,原版 Controller Vibration=ON；Mod=ON；活动手柄已连接；非暂停；同事件/实体/实例短窗去重；空间距离过滤,DANGER 以 Sim.SetListener 三维位置进行世界空间平滑衰减，默认近—远 7–34 单位；超距归零，可由 Spatial Reach 缩放,危险/受击三段衰减包络,条件覆盖：事件表语义完整，触发可观察性由引擎路径决定
6,dontstarve/winter/freeze_1st,DANGER,1.0,True,1.0,False,14,1,1,"haptics.lua 第 14 行注册；触发证据：widgets/iceover.lua:40 ""dontstarve/winter/freeze_1st"",",SoundEmitter.PlaySound / PlaySoundWithParams 原事件 O(1) 索引钩子,原版 Controller Vibration=ON；Mod=ON；活动手柄已连接；非暂停；同事件/实体/实例短窗去重；空间距离过滤,DANGER 以 Sim.SetListener 三维位置进行世界空间平滑衰减，默认近—远 7–34 单位；超距归零，可由 Spatial Reach 缩放,Freeze overlay 原版 WAV RMS 包络（约 1.6 s）,高：客户端 Lua 原调用、参数与返回值不改变
7,dontstarve/winter/freeze_2nd,DANGER,1.0,True,1.0,False,15,1,1,"haptics.lua 第 15 行注册；触发证据：widgets/iceover.lua:41 ""dontstarve/winter/freeze_2nd"",",SoundEmitter.PlaySound / PlaySoundWithParams 原事件 O(1) 索引钩子,原版 Controller Vibration=ON；Mod=ON；活动手柄已连接；非暂停；同事件/实体/实例短窗去重；空间距离过滤,DANGER 以 Sim.SetListener 三维位置进行世界空间平滑衰减，默认近—远 7–34 单位；超距归零，可由 Spatial Reach 缩放,Freeze overlay 原版 WAV RMS 包络（约 1.6 s）,高：客户端 Lua 原调用、参数与返回值不改变
8,dontstarve/winter/freeze_3rd,DANGER,1.0,True,1.0,False,16,1,1,"haptics.lua 第 16 行注册；触发证据：widgets/iceover.lua:42 ""dontstarve/winter/freeze_3rd"",",SoundEmitter.PlaySound / PlaySoundWithParams 原事件 O(1) 索引钩子,原版 Controller Vibration=ON；Mod=ON；活动手柄已连接；非暂停；同事件/实体/实例短窗去重；空间距离过滤,DANGER 以 Sim.SetListener 三维位置进行世界空间平滑衰减，默认近—远 7–34 单位；超距归零，可由 Spatial Reach 缩放,Freeze overlay 原版 WAV RMS 包络（约 1.6 s）,高：客户端 Lua 原调用、参数与返回值不改变
9,dontstarve/winter/freeze_4th,DANGER,1.0,True,1.0,False,17,1,1,"haptics.lua 第 17 行注册；触发证据：widgets/iceover.lua:43 ""dontstarve/winter/freeze_4th"",",SoundEmitter.PlaySound / PlaySoundWithParams 原事件 O(1) 索引钩子,原版 Controller Vibration=ON；Mod=ON；活动手柄已连接；非暂停；同事件/实体/实例短窗去重；空间距离过滤,DANGER 以 Sim.SetListener 三维位置进行世界空间平滑衰减，默认近—远 7–34 单位；超距归零，可由 Spatial Reach 缩放,Freeze overlay 原版 WAV RMS 包络（约 1.6 s）,高：客户端 Lua 原调用、参数与返回值不改变
10,dontstarve_DLC001/common/HUD_hot_level1,DANGER,1.0,True,1.0,False,18,1,1,"haptics.lua 第 18 行注册；触发证据：widgets/heatover.lua:49 ""dontstarve_DLC001/common/HUD_hot_level1"",",SoundEmitter.PlaySound / PlaySoundWithParams 原事件 O(1) 索引钩子,原版 Controller Vibration=ON；Mod=ON；活动手柄已连接；非暂停；同事件/实体/实例短窗去重；空间距离过滤,DANGER 以 Sim.SetListener 三维位置进行世界空间平滑衰减，默认近—远 7–34 单位；超距归零，可由 Spatial Reach 缩放,Heatwave 原版 WAV RMS 包络（约 3.0 s）,高：客户端 Lua 原调用、参数与返回值不改变
11,dontstarve_DLC001/common/HUD_hot_level2,DANGER,1.0,True,1.0,False,19,1,1,"haptics.lua 第 19 行注册；触发证据：widgets/heatover.lua:50 ""dontstarve_DLC001/common/HUD_hot_level2"",",SoundEmitter.PlaySound / PlaySoundWithParams 原事件 O(1) 索引钩子,原版 Controller Vibration=ON；Mod=ON；活动手柄已连接；非暂停；同事件/实体/实例短窗去重；空间距离过滤,DANGER 以 Sim.SetListener 三维位置进行世界空间平滑衰减，默认近—远 7–34 单位；超距归零，可由 Spatial Reach 缩放,Heatwave 原版 WAV RMS 包络（约 3.0 s）,高：客户端 Lua 原调用、参数与返回值不改变
12,dontstarve_DLC001/common/HUD_hot_level3,DANGER,1.0,True,1.0,False,20,1,1,"haptics.lua 第 20 行注册；触发证据：widgets/heatover.lua:51 ""dontstarve_DLC001/common/HUD_hot_level3"",",SoundEmitter.PlaySound / PlaySoundWithParams 原事件 O(1) 索引钩子,原版 Controller Vibration=ON；Mod=ON；活动手柄已连接；非暂停；同事件/实体/实例短窗去重；空间距离过滤,DANGER 以 Sim.SetListener 三维位置进行世界空间平滑衰减，默认近—远 7–34 单位；超距归零，可由 Spatial Reach 缩放,Heatwave 原版 WAV RMS 包络（约 3.0 s）,高：客户端 Lua 原调用、参数与返回值不改变
13,dontstarve_DLC001/common/HUD_hot_level4,DANGER,1.0,True,1.0,False,21,1,1,"haptics.lua 第 21 行注册；触发证据：widgets/heatover.lua:52 ""dontstarve_DLC001/common/HUD_hot_level4"",",SoundEmitter.PlaySound / PlaySoundWithParams 原事件 O(1) 索引钩子,原版 Controller Vibration=ON；Mod=ON；活动手柄已连接；非暂停；同事件/实体/实例短窗去重；空间距离过滤,DANGER 以 Sim.SetListener 三维位置进行世界空间平滑衰减，默认近—远 7–34 单位；超距归零，可由 Spatial Reach 缩放,Heatwave 原版 WAV RMS 包络（约 3.0 s）,高：客户端 Lua 原调用、参数与返回值不改变
14,dontstarve/movement/run_web,PLAYER,1.0,False,1.0,False,26,1,1,"haptics.lua 第 26 行注册；触发证据：worldtiledefs.lua:157 (oncreep and ""dontstarve/movement/run_web"") or",SoundEmitter 原事件钩子（动态/数据表选声同样按最终事件匹配）,原版 Controller Vibration=ON；Mod=ON；活动手柄已连接；非暂停；同事件/实体/实例短窗去重；空间距离过滤,PLAYER 以 Sim.SetListener 三维位置进行世界空间平滑衰减，默认近—远 5–26 单位；超距归零，可由 Spatial Reach 缩放,通用单脉冲包络,高（客户端调用可见时）
15,dontstarve/movement/run_marble,PLAYER,1.0,False,1.0,False,27,1,13,"haptics.lua 第 27 行注册；触发证据：tiledefs.lua:916 runsound=""dontstarve/movement/run_marble"",；tiledefs.lua:917 walksound=""dontstarve/movement/run_marble"",；tiledefs.lua:940 runsound=""dontstarve/movement/run_marble"",；另 10 处",SoundEmitter 原事件钩子（动态/数据表选声同样按最终事件匹配）,原版 Controller Vibration=ON；Mod=ON；活动手柄已连接；非暂停；同事件/实体/实例短窗去重；空间距离过滤,PLAYER 以 Sim.SetListener 三维位置进行世界空间平滑衰减，默认近—远 5–26 单位；超距归零，可由 Spatial Reach 缩放,通用单脉冲包络,高（客户端调用可见时）
16,dontstarve/movement/slip_fall_thud,PLAYER,1.0,True,1.0,False,28,1,3,"haptics.lua 第 28 行注册；触发证据：stategraphs/SGwilson.lua:24268 FrameEvent(10, function(inst) inst.SoundEmitter:PlaySound(""dontstarve/movement/slip_fall_thud"") end),；stategraphs/SGwilson.lua:27411 FrameEvent(10, function(inst) inst.SoundEmitter:PlaySound(""dontstarve/movement/slip_fall_thud"") end),；stategraphs/SGwx78_possessedbody.lua:3482 FrameEvent(10, function(inst) inst.SoundEmitter:PlaySound(""dontstarve/movement/slip_fall_thud"") end),",客户端可见的同名 SoundEmitter 调用由钩子处理；纯服务端直接复制声音无法被 Lua 通用枚举,原版 Controller Vibration=ON；Mod=ON；活动手柄已连接；非暂停；同事件/实体/实例短窗去重；空间距离过滤,PLAYER 以 Sim.SetListener 三维位置进行世界空间平滑衰减，默认近—远 5–26 单位；超距归零，可由 Spatial Reach 缩放,通用单脉冲包络,条件覆盖：事件表语义完整，触发可观察性由引擎路径决定
17,dontstarve_DLC001/common/shocked,PLAYER,1.0,True,1.0,False,31,1,4,"haptics.lua 第 31 行注册；触发证据：fx.lua:690 sound = ""dontstarve_DLC001/common/shocked"",；fx.lua:699 sound = ""dontstarve_DLC001/common/shocked"",；fx.lua:708 sound = ""dontstarve_DLC001/common/shocked"",；另 1 处",SoundEmitter 原事件钩子（动态/数据表选声同样按最终事件匹配）,原版 Controller Vibration=ON；Mod=ON；活动手柄已连接；非暂停；同事件/实体/实例短窗去重；空间距离过滤,PLAYER 以 Sim.SetListener 三维位置进行世界空间平滑衰减，默认近—远 5–26 单位；超距归零，可由 Spatial Reach 缩放,危险/受击三段衰减包络,高（客户端调用可见时）
18,meta5/wendy/revive_emerge,PLAYER,1.0,True,1.0,False,34,1,1,"haptics.lua 第 34 行注册；触发证据：stategraphs/SGwilson.lua:3542 inst.SoundEmitter:PlaySound(""meta5/wendy/revive_emerge"")",客户端可见的同名 SoundEmitter 调用由钩子处理；纯服务端直接复制声音无法被 Lua 通用枚举,原版 Controller Vibration=ON；Mod=ON；活动手柄已连接；非暂停；同事件/实体/实例短窗去重；空间距离过滤,PLAYER 以 Sim.SetListener 三维位置进行世界空间平滑衰减，默认近—远 5–26 单位；超距归零，可由 Spatial Reach 缩放,通用单脉冲包络,条件覆盖：事件表语义完整，触发可观察性由引擎路径决定
19,meta5/grave_spawn/woody_goose,PLAYER,1.0,True,1.0,False,35,1,1,"haptics.lua 第 35 行注册；触发证据：stategraphs/SGwilson.lua:3536 inst.SoundEmitter:PlaySound(""meta5/grave_spawn/woody_goose"")",客户端可见的同名 SoundEmitter 调用由钩子处理；纯服务端直接复制声音无法被 Lua 通用枚举,原版 Controller Vibration=ON；Mod=ON；活动手柄已连接；非暂停；同事件/实体/实例短窗去重；空间距离过滤,PLAYER 以 Sim.SetListener 三维位置进行世界空间平滑衰减，默认近—远 5–26 单位；超距归零，可由 Spatial Reach 缩放,通用单脉冲包络,条件覆盖：事件表语义完整，触发可观察性由引擎路径决定
20,meta5/grave_spawn/woody_moose,PLAYER,1.0,True,1.0,False,36,1,1,"haptics.lua 第 36 行注册；触发证据：stategraphs/SGwilson.lua:3538 inst.SoundEmitter:PlaySound(""meta5/grave_spawn/woody_moose"")",客户端可见的同名 SoundEmitter 调用由钩子处理；纯服务端直接复制声音无法被 Lua 通用枚举,原版 Controller Vibration=ON；Mod=ON；活动手柄已连接；非暂停；同事件/实体/实例短窗去重；空间距离过滤,PLAYER 以 Sim.SetListener 三维位置进行世界空间平滑衰减，默认近—远 5–26 单位；超距归零，可由 Spatial Reach 缩放,通用单脉冲包络,条件覆盖：事件表语义完整，触发可观察性由引擎路径决定
21,meta5/grave_spawn/woody_beaver,PLAYER,1.0,True,1.0,False,37,1,1,"haptics.lua 第 37 行注册；触发证据：stategraphs/SGwilson.lua:3540 inst.SoundEmitter:PlaySound(""meta5/grave_spawn/woody_beaver"")",客户端可见的同名 SoundEmitter 调用由钩子处理；纯服务端直接复制声音无法被 Lua 通用枚举,原版 Controller Vibration=ON；Mod=ON；活动手柄已连接；非暂停；同事件/实体/实例短窗去重；空间距离过滤,PLAYER 以 Sim.SetListener 三维位置进行世界空间平滑衰减，默认近—远 5–26 单位；超距归零，可由 Spatial Reach 缩放,通用单脉冲包络,条件覆盖：事件表语义完整，触发可观察性由引擎路径决定
22,wanda1/wanda/rewindtime_rebirth,PLAYER,1.0,True,1.0,False,38,1,1,"haptics.lua 第 38 行注册；触发证据：stategraphs/SGwilson.lua:15316 inst.SoundEmitter:PlaySound(""wanda1/wanda/rewindtime_rebirth"")",客户端可见的同名 SoundEmitter 调用由钩子处理；纯服务端直接复制声音无法被 Lua 通用枚举,原版 Controller Vibration=ON；Mod=ON；活动手柄已连接；非暂停；同事件/实体/实例短窗去重；空间距离过滤,PLAYER 以 Sim.SetListener 三维位置进行世界空间平滑衰减，默认近—远 5–26 单位；超距归零，可由 Spatial Reach 缩放,通用单脉冲包络,条件覆盖：事件表语义完整，触发可观察性由引擎路径决定
23,dontstarve/common/resurrectionstone_break,PLAYER,1.0,True,1.0,False,39,1,2,"haptics.lua 第 39 行注册；触发证据：prefabs/resurrectionstone.lua:38 inst.SoundEmitter:PlaySound(""dontstarve/common/resurrectionstone_break"")；prefabs/resurrectionstone.lua:102 inst.SoundEmitter:PlaySound(""dontstarve/common/resurrectionstone_break"")",客户端可见的同名 SoundEmitter 调用由钩子处理；纯服务端直接复制声音无法被 Lua 通用枚举,原版 Controller Vibration=ON；Mod=ON；活动手柄已连接；非暂停；同事件/实体/实例短窗去重；空间距离过滤,PLAYER 以 Sim.SetListener 三维位置进行世界空间平滑衰减，默认近—远 5–26 单位；超距归零，可由 Spatial Reach 缩放,通用单脉冲包络,条件覆盖：事件表语义完整，触发可观察性由引擎路径决定
24,dontstarve/common/rebirth,PLAYER,1.0,True,1.0,False,40,1,1,"haptics.lua 第 40 行注册；触发证据：stategraphs/SGwilson.lua:3489 inst.SoundEmitter:PlaySound(""dontstarve/common/rebirth"")",客户端可见的同名 SoundEmitter 调用由钩子处理；纯服务端直接复制声音无法被 Lua 通用枚举,原版 Controller Vibration=ON；Mod=ON；活动手柄已连接；非暂停；同事件/实体/实例短窗去重；空间距离过滤,PLAYER 以 Sim.SetListener 三维位置进行世界空间平滑衰减，默认近—远 5–26 单位；超距归零，可由 Spatial Reach 缩放,通用单脉冲包络,条件覆盖：事件表语义完整，触发可观察性由引擎路径决定
25,dontstarve/common/rebirth_amulet_raise,PLAYER,1.0,True,1.0,False,41,1,2,"haptics.lua 第 41 行注册；触发证据：stategraphs/SGklaus.lua:373 inst.SoundEmitter:PlaySound(""dontstarve/common/rebirth_amulet_raise"")；stategraphs/SGwilson.lua:15107 inst.SoundEmitter:PlaySound(""dontstarve/common/rebirth_amulet_raise"")",客户端可见的同名 SoundEmitter 调用由钩子处理；纯服务端直接复制声音无法被 Lua 通用枚举,原版 Controller Vibration=ON；Mod=ON；活动手柄已连接；非暂停；同事件/实体/实例短窗去重；空间距离过滤,PLAYER 以 Sim.SetListener 三维位置进行世界空间平滑衰减，默认近—远 5–26 单位；超距归零，可由 Spatial Reach 缩放,通用单脉冲包络,条件覆盖：事件表语义完整，触发可观察性由引擎路径决定
26,dontstarve/common/rebirth_amulet_poof,PLAYER,1.0,True,1.0,False,42,1,3,"haptics.lua 第 42 行注册；触发证据：stategraphs/SGklaus.lua:376 inst.SoundEmitter:PlaySound(""dontstarve/common/rebirth_amulet_poof"")；stategraphs/SGklaus.lua:1002 inst.SoundEmitter:PlaySound(""dontstarve/common/rebirth_amulet_poof"")；stategraphs/SGwilson.lua:15110 inst.SoundEmitter:PlaySound(""dontstarve/common/rebirth_amulet_poof"")",客户端可见的同名 SoundEmitter 调用由钩子处理；纯服务端直接复制声音无法被 Lua 通用枚举,原版 Controller Vibration=ON；Mod=ON；活动手柄已连接；非暂停；同事件/实体/实例短窗去重；空间距离过滤,PLAYER 以 Sim.SetListener 三维位置进行世界空间平滑衰减，默认近—远 5–26 单位；超距归零，可由 Spatial Reach 缩放,通用单脉冲包络,条件覆盖：事件表语义完整，触发可观察性由引擎路径决定
27,dontstarve/wilson/chest_open,PLAYER,1.0,True,1.0,False,44,1,10,"haptics.lua 第 44 行注册；触发证据：containers.lua:511 opensound = ""dontstarve/wilson/chest_open"",；prefabs/bookstation.lua:116 inst.SoundEmitter:PlaySound(""dontstarve/wilson/chest_open"")；prefabs/chest_mimic.lua:18 open  = ""dontstarve/wilson/chest_open"",；另 7 处",客户端可见的同名 SoundEmitter 调用由钩子处理；纯服务端直接复制声音无法被 Lua 通用枚举,原版 Controller Vibration=ON；Mod=ON；活动手柄已连接；非暂停；同事件/实体/实例短窗去重；空间距离过滤,PLAYER 以 Sim.SetListener 三维位置进行世界空间平滑衰减，默认近—远 5–26 单位；超距归零，可由 Spatial Reach 缩放,通用单脉冲包络,条件覆盖：事件表语义完整，触发可观察性由引擎路径决定
28,dontstarve/wilson/chest_close,PLAYER,1.0,True,1.0,False,45,1,13,"haptics.lua 第 45 行注册；触发证据：containers.lua:512 closesound = ""dontstarve/wilson/chest_close"",；prefabs/bookstation.lua:124 inst.SoundEmitter:PlaySound(""dontstarve/wilson/chest_close"")；prefabs/chest_mimic.lua:19 close = ""dontstarve/wilson/chest_close"",；另 10 处",客户端可见的同名 SoundEmitter 调用由钩子处理；纯服务端直接复制声音无法被 Lua 通用枚举,原版 Controller Vibration=ON；Mod=ON；活动手柄已连接；非暂停；同事件/实体/实例短窗去重；空间距离过滤,PLAYER 以 Sim.SetListener 三维位置进行世界空间平滑衰减，默认近—远 5–26 单位；超距归零，可由 Spatial Reach 缩放,通用单脉冲包络,条件覆盖：事件表语义完整，触发可观察性由引擎路径决定
29,dontstarve/wilson/harvest_sticks,PLAYER,1.0,True,1.0,False,54,1,6,"haptics.lua 第 54 行注册；触发证据：prefabs/ancienttree_defs.lua:236 onpicked = ""dontstarve/wilson/harvest_sticks"",；prefabs/ancienttree_defs.lua:303 onpicked = ""dontstarve/wilson/harvest_sticks"",；prefabs/cactus.lua:105 inst.components.pickable.picksound = ""dontstarve/wilson/harvest_sticks""；另 3 处",客户端可见的同名 SoundEmitter 调用由钩子处理；纯服务端直接复制声音无法被 Lua 通用枚举,原版 Controller Vibration=ON；Mod=ON；活动手柄已连接；非暂停；同事件/实体/实例短窗去重；空间距离过滤,PLAYER 以 Sim.SetListener 三维位置进行世界空间平滑衰减，默认近—远 5–26 单位；超距归零，可由 Spatial Reach 缩放,通用单脉冲包络,条件覆盖：事件表语义完整，触发可观察性由引擎路径决定
30,aqol/new_test/wood,PLAYER,1.0,True,1.0,False,59,1,1,"haptics.lua 第 59 行注册；触发证据：constants.lua:1218 [""wood""] = ""aqol/new_test/wood"",",SoundEmitter 原事件钩子（动态/数据表选声同样按最终事件匹配）,原版 Controller Vibration=ON；Mod=ON；活动手柄已连接；非暂停；同事件/实体/实例短窗去重；空间距离过滤,PLAYER 以 Sim.SetListener 三维位置进行世界空间平滑衰减，默认近—远 5–26 单位；超距归零，可由 Spatial Reach 缩放,通用单脉冲包络,高（客户端调用可见时）
31,aqol/new_test/gem,PLAYER,1.0,True,1.0,False,60,1,1,"haptics.lua 第 60 行注册；触发证据：constants.lua:1219 [""gem""] = ""aqol/new_test/gem"",",SoundEmitter 原事件钩子（动态/数据表选声同样按最终事件匹配）,原版 Controller Vibration=ON；Mod=ON；活动手柄已连接；非暂停；同事件/实体/实例短窗去重；空间距离过滤,PLAYER 以 Sim.SetListener 三维位置进行世界空间平滑衰减，默认近—远 5–26 单位；超距归零，可由 Spatial Reach 缩放,通用单脉冲包络,高（客户端调用可见时）
32,aqol/new_test/cloth,PLAYER,1.0,True,1.0,False,61,1,1,"haptics.lua 第 61 行注册；触发证据：constants.lua:1220 [""cloth""] = ""aqol/new_test/cloth"",",SoundEmitter 原事件钩子（动态/数据表选声同样按最终事件匹配）,原版 Controller Vibration=ON；Mod=ON；活动手柄已连接；非暂停；同事件/实体/实例短窗去重；空间距离过滤,PLAYER 以 Sim.SetListener 三维位置进行世界空间平滑衰减，默认近—远 5–26 单位；超距归零，可由 Spatial Reach 缩放,通用单脉冲包络,高（客户端调用可见时）
33,aqol/new_test/metal,PLAYER,1.0,True,1.0,False,62,1,1,"haptics.lua 第 62 行注册；触发证据：constants.lua:1221 [""metal""] = ""aqol/new_test/metal"",",SoundEmitter 原事件钩子（动态/数据表选声同样按最终事件匹配）,原版 Controller Vibration=ON；Mod=ON；活动手柄已连接；非暂停；同事件/实体/实例短窗去重；空间距离过滤,PLAYER 以 Sim.SetListener 三维位置进行世界空间平滑衰减，默认近—远 5–26 单位；超距归零，可由 Spatial Reach 缩放,通用单脉冲包络,高（客户端调用可见时）
34,aqol/new_test/rock,PLAYER,1.0,True,1.0,False,63,1,1,"haptics.lua 第 63 行注册；触发证据：constants.lua:1222 [""rock""] = ""aqol/new_test/rock"",",SoundEmitter 原事件钩子（动态/数据表选声同样按最终事件匹配）,原版 Controller Vibration=ON；Mod=ON；活动手柄已连接；非暂停；同事件/实体/实例短窗去重；空间距离过滤,PLAYER 以 Sim.SetListener 三维位置进行世界空间平滑衰减，默认近—远 5–26 单位；超距归零，可由 Spatial Reach 缩放,通用单脉冲包络,高（客户端调用可见时）
35,aqol/new_test/vegetation_firm,PLAYER,1.0,True,1.0,False,64,1,1,"haptics.lua 第 64 行注册；触发证据：constants.lua:1223 [""vegetation_firm""] = ""aqol/new_test/vegetation_firm"",",SoundEmitter 原事件钩子（动态/数据表选声同样按最终事件匹配）,原版 Controller Vibration=ON；Mod=ON；活动手柄已连接；非暂停；同事件/实体/实例短窗去重；空间距离过滤,PLAYER 以 Sim.SetListener 三维位置进行世界空间平滑衰减，默认近—远 5–26 单位；超距归零，可由 Spatial Reach 缩放,通用单脉冲包络,高（客户端调用可见时）
36,aqol/new_test/vegetation_grassy,PLAYER,1.0,True,1.0,False,65,1,1,"haptics.lua 第 65 行注册；触发证据：constants.lua:1224 [""vegetation_grassy""] = ""aqol/new_test/vegetation_grassy"",",SoundEmitter 原事件钩子（动态/数据表选声同样按最终事件匹配）,原版 Controller Vibration=ON；Mod=ON；活动手柄已连接；非暂停；同事件/实体/实例短窗去重；空间距离过滤,PLAYER 以 Sim.SetListener 三维位置进行世界空间平滑衰减，默认近—远 5–26 单位；超距归零，可由 Spatial Reach 缩放,通用单脉冲包络,高（客户端调用可见时）
37,aqol/new_test/squidgy,PLAYER,1.0,True,1.0,False,66,1,1,"haptics.lua 第 66 行注册；触发证据：constants.lua:1225 [""squidgy""] = ""aqol/new_test/squidgy"",",SoundEmitter 原事件钩子（动态/数据表选声同样按最终事件匹配）,原版 Controller Vibration=ON；Mod=ON；活动手柄已连接；非暂停；同事件/实体/实例短窗去重；空间距离过滤,PLAYER 以 Sim.SetListener 三维位置进行世界空间平滑衰减，默认近—远 5–26 单位；超距归零，可由 Spatial Reach 缩放,通用单脉冲包络,高（客户端调用可见时）
38,aqol/new_test/grainy,PLAYER,1.0,True,1.0,False,67,1,1,"haptics.lua 第 67 行注册；触发证据：constants.lua:1226 [""grainy""] = ""aqol/new_test/grainy"",",SoundEmitter 原事件钩子（动态/数据表选声同样按最终事件匹配）,原版 Controller Vibration=ON；Mod=ON；活动手柄已连接；非暂停；同事件/实体/实例短窗去重；空间距离过滤,PLAYER 以 Sim.SetListener 三维位置进行世界空间平滑衰减，默认近—远 5–26 单位；超距归零，可由 Spatial Reach 缩放,通用单脉冲包络,高（客户端调用可见时）
39,dontstarve/HUD/collect_resource,PLAYER,1.0,True,1.0,False,68,1,3,"haptics.lua 第 68 行注册；触发证据：constants.lua:1228 [""DEFAULT_FALLBACK""] = ""dontstarve/HUD/collect_resource"",；screens/crowkidgamescreen.lua:536 TheFrontEnd:GetSound():PlaySound(""dontstarve/HUD/collect_resource"")；screens/tradescreen.lua:216 TheFrontEnd:GetSound():PlaySound(""dontstarve/HUD/collect_resource"")",SoundEmitter.PlaySound / PlaySoundWithParams 原事件 O(1) 索引钩子,原版 Controller Vibration=ON；Mod=ON；活动手柄已连接；非暂停；同事件/实体/实例短窗去重,UI/HUD 非空间，强度不随世界距离衰减,UI 短触点；重要 UI 动画使用双脉冲,高：客户端 Lua 原调用、参数与返回值不改变
40,dontstarve/creatures/chester/open,PLAYER,1.0,True,1.0,False,70,1,1,"haptics.lua 第 70 行注册；触发证据：prefabs/chester.lua:54 open = ""dontstarve/creatures/chester/open"",",客户端可见的同名 SoundEmitter 调用由钩子处理；纯服务端直接复制声音无法被 Lua 通用枚举,原版 Controller Vibration=ON；Mod=ON；活动手柄已连接；非暂停；同事件/实体/实例短窗去重；空间距离过滤,PLAYER 以 Sim.SetListener 三维位置进行世界空间平滑衰减，默认近—远 5–26 单位；超距归零，可由 Spatial Reach 缩放,通用单脉冲包络,条件覆盖：事件表语义完整，触发可观察性由引擎路径决定
41,dontstarve/creatures/chester/close,PLAYER,1.0,True,1.0,False,71,1,1,"haptics.lua 第 71 行注册；触发证据：prefabs/chester.lua:55 close = ""dontstarve/creatures/chester/close"",",客户端可见的同名 SoundEmitter 调用由钩子处理；纯服务端直接复制声音无法被 Lua 通用枚举,原版 Controller Vibration=ON；Mod=ON；活动手柄已连接；非暂停；同事件/实体/实例短窗去重；空间距离过滤,PLAYER 以 Sim.SetListener 三维位置进行世界空间平滑衰减，默认近—远 5–26 单位；超距归零，可由 Spatial Reach 缩放,通用单脉冲包络,条件覆盖：事件表语义完整，触发可观察性由引擎路径决定
42,dontstarve/movement/bodyfall_dirt,PLAYER,1.0,True,1.0,False,81,2,43,"haptics.lua 第 81 行注册；触发证据：prefabs/lavaarena_beetletaur.lua:181 flower.SoundEmitter:PlaySound(""dontstarve/movement/bodyfall_dirt"", nil, .35)；prefabs/moonrockseed.lua:83 inst.SoundEmitter:PlaySound(""dontstarve/movement/bodyfall_dirt"", nil, volume)；stategraphs/SGchester.lua:493 inst.SoundEmitter:PlaySound(""dontstarve/movement/bodyfall_dirt"")；另 40 处",客户端可见的同名 SoundEmitter 调用由钩子处理；纯服务端直接复制声音无法被 Lua 通用枚举,原版 Controller Vibration=ON；Mod=ON；活动手柄已连接；非暂停；同事件/实体/实例短窗去重；空间距离过滤,PLAYER 以 Sim.SetListener 三维位置进行世界空间平滑衰减，默认近—远 5–26 单位；超距归零，可由 Spatial Reach 缩放,爆炸/重击三段冲击包络,条件覆盖：事件表语义完整，触发可观察性由引擎路径决定
43,dontstarve/beefalo/saddle/regular_foley,PLAYER,1.0,True,0.05,False,73,1,0,haptics.lua 第 73 行注册；触发证据：当前 Lua 源码无字面引用（可能由动态变量、资源/引擎路径触发，或为保留定义）,事件仍动态入索引；出现客户端 SoundEmitter 调用时自动处理,原版 Controller Vibration=ON；Mod=ON；活动手柄已连接；非暂停；同事件/实体/实例短窗去重；空间距离过滤,PLAYER 以 Sim.SetListener 三维位置进行世界空间平滑衰减，默认近—远 5–26 单位；超距归零，可由 Spatial Reach 缩放,通用单脉冲包络,保留未来/动态入口；当前源码无字面触发点，不能伪造触发
44,dontstarve/beefalo/saddle/dismount,PLAYER,1.0,True,1.0,False,74,1,12,"haptics.lua 第 74 行注册；触发证据：components/rideable.lua:155 self.inst.SoundEmitter:PlaySound(""dontstarve/beefalo/saddle/dismount"")；stategraphs/SGwilson.lua:2900 inst.SoundEmitter:PlaySound(""dontstarve/beefalo/saddle/dismount"")；stategraphs/SGwilson.lua:7777 inst.SoundEmitter:PlaySound(""dontstarve/beefalo/saddle/dismount"")；另 9 处",客户端可见的同名 SoundEmitter 调用由钩子处理；纯服务端直接复制声音无法被 Lua 通用枚举,原版 Controller Vibration=ON；Mod=ON；活动手柄已连接；非暂停；同事件/实体/实例短窗去重；空间距离过滤,PLAYER 以 Sim.SetListener 三维位置进行世界空间平滑衰减，默认近—远 5–26 单位；超距归零，可由 Spatial Reach 缩放,通用单脉冲包络,条件覆盖：事件表语义完整，触发可观察性由引擎路径决定
45,dontstarve/wilson/lighter_on,PLAYER,1.0,True,1.0,False,75,1,1,"haptics.lua 第 75 行注册；触发证据：prefabs/lighter.lua:174 owner.SoundEmitter:PlaySound(""dontstarve/wilson/lighter_on"")",客户端可见的同名 SoundEmitter 调用由钩子处理；纯服务端直接复制声音无法被 Lua 通用枚举,原版 Controller Vibration=ON；Mod=ON；活动手柄已连接；非暂停；同事件/实体/实例短窗去重；空间距离过滤,PLAYER 以 Sim.SetListener 三维位置进行世界空间平滑衰减，默认近—远 5–26 单位；超距归零，可由 Spatial Reach 缩放,通用单脉冲包络,条件覆盖：事件表语义完整，触发可观察性由引擎路径决定
46,dontstarve/wilson/lighter_off,PLAYER,1.0,True,1.0,False,76,1,1,"haptics.lua 第 76 行注册；触发证据：prefabs/lighter.lua:210 owner.SoundEmitter:PlaySound(""dontstarve/wilson/lighter_off"")",客户端可见的同名 SoundEmitter 调用由钩子处理；纯服务端直接复制声音无法被 Lua 通用枚举,原版 Controller Vibration=ON；Mod=ON；活动手柄已连接；非暂停；同事件/实体/实例短窗去重；空间距离过滤,PLAYER 以 Sim.SetListener 三维位置进行世界空间平滑衰减，默认近—远 5–26 单位；超距归零，可由 Spatial Reach 缩放,通用单脉冲包络,条件覆盖：事件表语义完整，触发可观察性由引擎路径决定
47,dontstarve/wilson/lighter_LP,PLAYER,1.0,True,1.0,False,77,1,1,"haptics.lua 第 77 行注册；触发证据：prefabs/lighterfire_common.lua:69 inst.SoundEmitter:PlaySound(""dontstarve/wilson/lighter_LP"", ""torch"")",SoundEmitter 具名循环钩子；PlayingSound、SetParameter、SetVolume、KillSound/KillAllSounds 驱动,原版 Controller Vibration=ON；Mod=ON；活动手柄已连接；非暂停；同事件/实体/实例短窗去重；空间距离过滤,PLAYER 以 Sim.SetListener 三维位置进行世界空间平滑衰减，默认近—远 5–26 单位；超距归零，可由 Spatial Reach 缩放,具名循环：85 ms 更新、100 ms 连续脉冲；KillSound/音量/实体/暂停/卸载控制生命周期,高（客户端 Lua 可见循环）；已验证参数逐事件映射，未知参数保持中性
48,dontstarve/wilson/torch_swing,PLAYER,1.0,True,1.0,False,78,1,6,"haptics.lua 第 78 行注册；触发证据：prefabs/thurible.lua:29 inst._smoke.SoundEmitter:PlaySound(""dontstarve/wilson/torch_swing"")；prefabs/torch.lua:17 se:PlaySound(""dontstarve/wilson/torch_swing"")；prefabs/wargshrine.lua:146 inst.SoundEmitter:PlaySound(""dontstarve/wilson/torch_swing"")；另 3 处",客户端可见的同名 SoundEmitter 调用由钩子处理；纯服务端直接复制声音无法被 Lua 通用枚举,原版 Controller Vibration=ON；Mod=ON；活动手柄已连接；非暂停；同事件/实体/实例短窗去重；空间距离过滤,PLAYER 以 Sim.SetListener 三维位置进行世界空间平滑衰减，默认近—远 5–26 单位；超距归零，可由 Spatial Reach 缩放,Attack whoosh/weapon 原版 WAV RMS 包络（约 0.7 s 上限）,条件覆盖：事件表语义完整，触发可观察性由引擎路径决定
49,dontstarve/impacts/impact_clay_armour_dull,PLAYER,1.0,True,1.0,False,82,1,0,haptics.lua 第 82 行注册；触发证据：当前 Lua 源码无字面引用（可能由动态变量、资源/引擎路径触发，或为保留定义）,客户端原声钩子 + 服务器回传 ATTACK 后的 client-safe CanHitTarget 等价校验与原版材质解析,原版 Controller Vibration=ON；Mod=ON；活动手柄已连接；非暂停；同事件/实体/实例短窗去重；空间距离过滤,PLAYER 以 Sim.SetListener 三维位置进行世界空间平滑衰减，默认近—远 5–26 单位；超距归零，可由 Spatial Reach 缩放,Impact 原版 WAV RMS 包络（约 0.5 s）+ 原版材质/尺寸/利钝系数,中高：挥空被过滤；NPC 服务端隐藏护甲/AOE 特例无法由纯客户端完全获知
50,dontstarve/impacts/impact_clay_armour_sharp,PLAYER,1.0,True,1.0,False,83,1,0,haptics.lua 第 83 行注册；触发证据：当前 Lua 源码无字面引用（可能由动态变量、资源/引擎路径触发，或为保留定义）,客户端原声钩子 + 服务器回传 ATTACK 后的 client-safe CanHitTarget 等价校验与原版材质解析,原版 Controller Vibration=ON；Mod=ON；活动手柄已连接；非暂停；同事件/实体/实例短窗去重；空间距离过滤,PLAYER 以 Sim.SetListener 三维位置进行世界空间平滑衰减，默认近—远 5–26 单位；超距归零，可由 Spatial Reach 缩放,Impact 原版 WAV RMS 包络（约 0.5 s）+ 原版材质/尺寸/利钝系数,中高：挥空被过滤；NPC 服务端隐藏护甲/AOE 特例无法由纯客户端完全获知
51,dontstarve/impacts/impact_clay_object_dull,PLAYER,1.0,True,1.0,False,84,1,0,haptics.lua 第 84 行注册；触发证据：当前 Lua 源码无字面引用（可能由动态变量、资源/引擎路径触发，或为保留定义）,客户端原声钩子 + 服务器回传 ATTACK 后的 client-safe CanHitTarget 等价校验与原版材质解析,原版 Controller Vibration=ON；Mod=ON；活动手柄已连接；非暂停；同事件/实体/实例短窗去重；空间距离过滤,PLAYER 以 Sim.SetListener 三维位置进行世界空间平滑衰减，默认近—远 5–26 单位；超距归零，可由 Spatial Reach 缩放,Impact 原版 WAV RMS 包络（约 0.5 s）+ 原版材质/尺寸/利钝系数,中高：挥空被过滤；NPC 服务端隐藏护甲/AOE 特例无法由纯客户端完全获知
52,dontstarve/impacts/impact_clay_object_sharp,PLAYER,1.0,True,1.0,False,85,1,0,haptics.lua 第 85 行注册；触发证据：当前 Lua 源码无字面引用（可能由动态变量、资源/引擎路径触发，或为保留定义）,客户端原声钩子 + 服务器回传 ATTACK 后的 client-safe CanHitTarget 等价校验与原版材质解析,原版 Controller Vibration=ON；Mod=ON；活动手柄已连接；非暂停；同事件/实体/实例短窗去重；空间距离过滤,PLAYER 以 Sim.SetListener 三维位置进行世界空间平滑衰减，默认近—远 5–26 单位；超距归零，可由 Spatial Reach 缩放,Impact 原版 WAV RMS 包络（约 0.5 s）+ 原版材质/尺寸/利钝系数,中高：挥空被过滤；NPC 服务端隐藏护甲/AOE 特例无法由纯客户端完全获知
53,dontstarve/impacts/impact_clay_wall_dull,PLAYER,1.0,True,1.0,False,86,1,0,haptics.lua 第 86 行注册；触发证据：当前 Lua 源码无字面引用（可能由动态变量、资源/引擎路径触发，或为保留定义）,客户端原声钩子 + 服务器回传 ATTACK 后的 client-safe CanHitTarget 等价校验与原版材质解析,原版 Controller Vibration=ON；Mod=ON；活动手柄已连接；非暂停；同事件/实体/实例短窗去重；空间距离过滤,PLAYER 以 Sim.SetListener 三维位置进行世界空间平滑衰减，默认近—远 5–26 单位；超距归零，可由 Spatial Reach 缩放,Impact 原版 WAV RMS 包络（约 0.5 s）+ 原版材质/尺寸/利钝系数,中高：挥空被过滤；NPC 服务端隐藏护甲/AOE 特例无法由纯客户端完全获知
54,dontstarve/impacts/impact_clay_wall_sharp,PLAYER,1.0,True,1.0,False,87,1,0,haptics.lua 第 87 行注册；触发证据：当前 Lua 源码无字面引用（可能由动态变量、资源/引擎路径触发，或为保留定义）,客户端原声钩子 + 服务器回传 ATTACK 后的 client-safe CanHitTarget 等价校验与原版材质解析,原版 Controller Vibration=ON；Mod=ON；活动手柄已连接；非暂停；同事件/实体/实例短窗去重；空间距离过滤,PLAYER 以 Sim.SetListener 三维位置进行世界空间平滑衰减，默认近—远 5–26 单位；超距归零，可由 Spatial Reach 缩放,Impact 原版 WAV RMS 包络（约 0.5 s）+ 原版材质/尺寸/利钝系数,中高：挥空被过滤；NPC 服务端隐藏护甲/AOE 特例无法由纯客户端完全获知
55,dontstarve/impacts/impact_flesh_lrg_dull,PLAYER,1.0,True,1.0,False,88,1,0,haptics.lua 第 88 行注册；触发证据：当前 Lua 源码无字面引用（可能由动态变量、资源/引擎路径触发，或为保留定义）,客户端原声钩子 + 服务器回传 ATTACK 后的 client-safe CanHitTarget 等价校验与原版材质解析,原版 Controller Vibration=ON；Mod=ON；活动手柄已连接；非暂停；同事件/实体/实例短窗去重；空间距离过滤,PLAYER 以 Sim.SetListener 三维位置进行世界空间平滑衰减，默认近—远 5–26 单位；超距归零，可由 Spatial Reach 缩放,Impact 原版 WAV RMS 包络（约 0.5 s）+ 原版材质/尺寸/利钝系数,中高：挥空被过滤；NPC 服务端隐藏护甲/AOE 特例无法由纯客户端完全获知
56,dontstarve/impacts/impact_flesh_lrg_sharp,PLAYER,1.0,True,1.0,False,89,1,0,haptics.lua 第 89 行注册；触发证据：当前 Lua 源码无字面引用（可能由动态变量、资源/引擎路径触发，或为保留定义）,客户端原声钩子 + 服务器回传 ATTACK 后的 client-safe CanHitTarget 等价校验与原版材质解析,原版 Controller Vibration=ON；Mod=ON；活动手柄已连接；非暂停；同事件/实体/实例短窗去重；空间距离过滤,PLAYER 以 Sim.SetListener 三维位置进行世界空间平滑衰减，默认近—远 5–26 单位；超距归零，可由 Spatial Reach 缩放,Impact 原版 WAV RMS 包络（约 0.5 s）+ 原版材质/尺寸/利钝系数,中高：挥空被过滤；NPC 服务端隐藏护甲/AOE 特例无法由纯客户端完全获知
57,dontstarve/impacts/impact_flesh_med_dull,PLAYER,1.0,True,1.0,False,90,1,4,"haptics.lua 第 90 行注册；触发证据：prefabs/gelblob.lua:255 inst.SoundEmitter:PlaySound(""dontstarve/impacts/impact_flesh_med_dull"")；prefabs/worm_boss_util.lua:160 target.SoundEmitter:PlaySound(""dontstarve/impacts/impact_flesh_med_dull"")；prefabs/wurt_terraform_item.lua:335 inst.SoundEmitter:PlaySound(""dontstarve/impacts/impact_flesh_med_dull"")；另 1 处",客户端原声钩子 + 服务器回传 ATTACK 后的 client-safe CanHitTarget 等价校验与原版材质解析,原版 Controller Vibration=ON；Mod=ON；活动手柄已连接；非暂停；同事件/实体/实例短窗去重；空间距离过滤,PLAYER 以 Sim.SetListener 三维位置进行世界空间平滑衰减，默认近—远 5–26 单位；超距归零，可由 Spatial Reach 缩放,Impact 原版 WAV RMS 包络（约 0.5 s）+ 原版材质/尺寸/利钝系数,中高：挥空被过滤；NPC 服务端隐藏护甲/AOE 特例无法由纯客户端完全获知
58,dontstarve/impacts/impact_flesh_med_sharp,PLAYER,1.0,True,1.0,False,91,1,0,haptics.lua 第 91 行注册；触发证据：当前 Lua 源码无字面引用（可能由动态变量、资源/引擎路径触发，或为保留定义）,客户端原声钩子 + 服务器回传 ATTACK 后的 client-safe CanHitTarget 等价校验与原版材质解析,原版 Controller Vibration=ON；Mod=ON；活动手柄已连接；非暂停；同事件/实体/实例短窗去重；空间距离过滤,PLAYER 以 Sim.SetListener 三维位置进行世界空间平滑衰减，默认近—远 5–26 单位；超距归零，可由 Spatial Reach 缩放,Impact 原版 WAV RMS 包络（约 0.5 s）+ 原版材质/尺寸/利钝系数,中高：挥空被过滤；NPC 服务端隐藏护甲/AOE 特例无法由纯客户端完全获知
59,dontstarve/impacts/impact_flesh_sml_dull,PLAYER,1.0,True,1.0,False,92,1,0,haptics.lua 第 92 行注册；触发证据：当前 Lua 源码无字面引用（可能由动态变量、资源/引擎路径触发，或为保留定义）,客户端原声钩子 + 服务器回传 ATTACK 后的 client-safe CanHitTarget 等价校验与原版材质解析,原版 Controller Vibration=ON；Mod=ON；活动手柄已连接；非暂停；同事件/实体/实例短窗去重；空间距离过滤,PLAYER 以 Sim.SetListener 三维位置进行世界空间平滑衰减，默认近—远 5–26 单位；超距归零，可由 Spatial Reach 缩放,Impact 原版 WAV RMS 包络（约 0.5 s）+ 原版材质/尺寸/利钝系数,中高：挥空被过滤；NPC 服务端隐藏护甲/AOE 特例无法由纯客户端完全获知
60,dontstarve/impacts/impact_flesh_sml_sharp,PLAYER,1.0,True,1.0,False,93,1,0,haptics.lua 第 93 行注册；触发证据：当前 Lua 源码无字面引用（可能由动态变量、资源/引擎路径触发，或为保留定义）,客户端原声钩子 + 服务器回传 ATTACK 后的 client-safe CanHitTarget 等价校验与原版材质解析,原版 Controller Vibration=ON；Mod=ON；活动手柄已连接；非暂停；同事件/实体/实例短窗去重；空间距离过滤,PLAYER 以 Sim.SetListener 三维位置进行世界空间平滑衰减，默认近—远 5–26 单位；超距归零，可由 Spatial Reach 缩放,Impact 原版 WAV RMS 包络（约 0.5 s）+ 原版材质/尺寸/利钝系数,中高：挥空被过滤；NPC 服务端隐藏护甲/AOE 特例无法由纯客户端完全获知
61,dontstarve/impacts/impact_flesh_wet_dull,PLAYER,1.0,True,1.0,False,94,1,0,haptics.lua 第 94 行注册；触发证据：当前 Lua 源码无字面引用（可能由动态变量、资源/引擎路径触发，或为保留定义）,客户端原声钩子 + 服务器回传 ATTACK 后的 client-safe CanHitTarget 等价校验与原版材质解析,原版 Controller Vibration=ON；Mod=ON；活动手柄已连接；非暂停；同事件/实体/实例短窗去重；空间距离过滤,PLAYER 以 Sim.SetListener 三维位置进行世界空间平滑衰减，默认近—远 5–26 单位；超距归零，可由 Spatial Reach 缩放,Impact 原版 WAV RMS 包络（约 0.5 s）+ 原版材质/尺寸/利钝系数,中高：挥空被过滤；NPC 服务端隐藏护甲/AOE 特例无法由纯客户端完全获知
62,dontstarve/impacts/impact_flesh_wet_sharp,PLAYER,1.0,True,1.0,False,95,1,2,"haptics.lua 第 95 行注册；触发证据：prefabs/shadow_heart_vein.lua:109 inst.SoundEmitter:PlaySound(""dontstarve/impacts/impact_flesh_wet_sharp"")；prefabs/shadow_heart_vein.lua:119 inst.SoundEmitter:PlaySound(""dontstarve/impacts/impact_flesh_wet_sharp"")",客户端原声钩子 + 服务器回传 ATTACK 后的 client-safe CanHitTarget 等价校验与原版材质解析,原版 Controller Vibration=ON；Mod=ON；活动手柄已连接；非暂停；同事件/实体/实例短窗去重；空间距离过滤,PLAYER 以 Sim.SetListener 三维位置进行世界空间平滑衰减，默认近—远 5–26 单位；超距归零，可由 Spatial Reach 缩放,Impact 原版 WAV RMS 包络（约 0.5 s）+ 原版材质/尺寸/利钝系数,中高：挥空被过滤；NPC 服务端隐藏护甲/AOE 特例无法由纯客户端完全获知
63,dontstarve/impacts/impact_forcefield_armour_dull,PLAYER,1.0,True,1.0,False,96,1,0,haptics.lua 第 96 行注册；触发证据：当前 Lua 源码无字面引用（可能由动态变量、资源/引擎路径触发，或为保留定义）,客户端原声钩子 + 服务器回传 ATTACK 后的 client-safe CanHitTarget 等价校验与原版材质解析,原版 Controller Vibration=ON；Mod=ON；活动手柄已连接；非暂停；同事件/实体/实例短窗去重；空间距离过滤,PLAYER 以 Sim.SetListener 三维位置进行世界空间平滑衰减，默认近—远 5–26 单位；超距归零，可由 Spatial Reach 缩放,Impact 原版 WAV RMS 包络（约 0.5 s）+ 原版材质/尺寸/利钝系数,中高：挥空被过滤；NPC 服务端隐藏护甲/AOE 特例无法由纯客户端完全获知
64,dontstarve/impacts/impact_forcefield_armour_sharp,PLAYER,1.0,True,1.0,False,97,1,0,haptics.lua 第 97 行注册；触发证据：当前 Lua 源码无字面引用（可能由动态变量、资源/引擎路径触发，或为保留定义）,客户端原声钩子 + 服务器回传 ATTACK 后的 client-safe CanHitTarget 等价校验与原版材质解析,原版 Controller Vibration=ON；Mod=ON；活动手柄已连接；非暂停；同事件/实体/实例短窗去重；空间距离过滤,PLAYER 以 Sim.SetListener 三维位置进行世界空间平滑衰减，默认近—远 5–26 单位；超距归零，可由 Spatial Reach 缩放,Impact 原版 WAV RMS 包络（约 0.5 s）+ 原版材质/尺寸/利钝系数,中高：挥空被过滤；NPC 服务端隐藏护甲/AOE 特例无法由纯客户端完全获知
65,dontstarve/impacts/impact_fur_armour_dull,PLAYER,1.0,True,1.0,False,98,1,0,haptics.lua 第 98 行注册；触发证据：当前 Lua 源码无字面引用（可能由动态变量、资源/引擎路径触发，或为保留定义）,客户端原声钩子 + 服务器回传 ATTACK 后的 client-safe CanHitTarget 等价校验与原版材质解析,原版 Controller Vibration=ON；Mod=ON；活动手柄已连接；非暂停；同事件/实体/实例短窗去重；空间距离过滤,PLAYER 以 Sim.SetListener 三维位置进行世界空间平滑衰减，默认近—远 5–26 单位；超距归零，可由 Spatial Reach 缩放,Impact 原版 WAV RMS 包络（约 0.5 s）+ 原版材质/尺寸/利钝系数,中高：挥空被过滤；NPC 服务端隐藏护甲/AOE 特例无法由纯客户端完全获知
66,dontstarve/impacts/impact_fur_armour_sharp,PLAYER,1.0,True,1.0,False,99,1,0,haptics.lua 第 99 行注册；触发证据：当前 Lua 源码无字面引用（可能由动态变量、资源/引擎路径触发，或为保留定义）,客户端原声钩子 + 服务器回传 ATTACK 后的 client-safe CanHitTarget 等价校验与原版材质解析,原版 Controller Vibration=ON；Mod=ON；活动手柄已连接；非暂停；同事件/实体/实例短窗去重；空间距离过滤,PLAYER 以 Sim.SetListener 三维位置进行世界空间平滑衰减，默认近—远 5–26 单位；超距归零，可由 Spatial Reach 缩放,Impact 原版 WAV RMS 包络（约 0.5 s）+ 原版材质/尺寸/利钝系数,中高：挥空被过滤；NPC 服务端隐藏护甲/AOE 特例无法由纯客户端完全获知
67,dontstarve/impacts/impact_ghost_med_dull,PLAYER,1.0,True,1.0,False,100,1,0,haptics.lua 第 100 行注册；触发证据：当前 Lua 源码无字面引用（可能由动态变量、资源/引擎路径触发，或为保留定义）,客户端原声钩子 + 服务器回传 ATTACK 后的 client-safe CanHitTarget 等价校验与原版材质解析,原版 Controller Vibration=ON；Mod=ON；活动手柄已连接；非暂停；同事件/实体/实例短窗去重；空间距离过滤,PLAYER 以 Sim.SetListener 三维位置进行世界空间平滑衰减，默认近—远 5–26 单位；超距归零，可由 Spatial Reach 缩放,Impact 原版 WAV RMS 包络（约 0.5 s）+ 原版材质/尺寸/利钝系数,中高：挥空被过滤；NPC 服务端隐藏护甲/AOE 特例无法由纯客户端完全获知
68,dontstarve/impacts/impact_ghost_med_sharp,PLAYER,1.0,True,1.0,False,101,1,0,haptics.lua 第 101 行注册；触发证据：当前 Lua 源码无字面引用（可能由动态变量、资源/引擎路径触发，或为保留定义）,客户端原声钩子 + 服务器回传 ATTACK 后的 client-safe CanHitTarget 等价校验与原版材质解析,原版 Controller Vibration=ON；Mod=ON；活动手柄已连接；非暂停；同事件/实体/实例短窗去重；空间距离过滤,PLAYER 以 Sim.SetListener 三维位置进行世界空间平滑衰减，默认近—远 5–26 单位；超距归零，可由 Spatial Reach 缩放,Impact 原版 WAV RMS 包络（约 0.5 s）+ 原版材质/尺寸/利钝系数,中高：挥空被过滤；NPC 服务端隐藏护甲/AOE 特例无法由纯客户端完全获知
69,dontstarve/impacts/impact_hive_lrg_dull,PLAYER,1.0,True,1.0,False,102,1,0,haptics.lua 第 102 行注册；触发证据：当前 Lua 源码无字面引用（可能由动态变量、资源/引擎路径触发，或为保留定义）,客户端原声钩子 + 服务器回传 ATTACK 后的 client-safe CanHitTarget 等价校验与原版材质解析,原版 Controller Vibration=ON；Mod=ON；活动手柄已连接；非暂停；同事件/实体/实例短窗去重；空间距离过滤,PLAYER 以 Sim.SetListener 三维位置进行世界空间平滑衰减，默认近—远 5–26 单位；超距归零，可由 Spatial Reach 缩放,Impact 原版 WAV RMS 包络（约 0.5 s）+ 原版材质/尺寸/利钝系数,中高：挥空被过滤；NPC 服务端隐藏护甲/AOE 特例无法由纯客户端完全获知
70,dontstarve/impacts/impact_hive_lrg_sharp,PLAYER,1.0,True,1.0,False,103,1,0,haptics.lua 第 103 行注册；触发证据：当前 Lua 源码无字面引用（可能由动态变量、资源/引擎路径触发，或为保留定义）,客户端原声钩子 + 服务器回传 ATTACK 后的 client-safe CanHitTarget 等价校验与原版材质解析,原版 Controller Vibration=ON；Mod=ON；活动手柄已连接；非暂停；同事件/实体/实例短窗去重；空间距离过滤,PLAYER 以 Sim.SetListener 三维位置进行世界空间平滑衰减，默认近—远 5–26 单位；超距归零，可由 Spatial Reach 缩放,Impact 原版 WAV RMS 包络（约 0.5 s）+ 原版材质/尺寸/利钝系数,中高：挥空被过滤；NPC 服务端隐藏护甲/AOE 特例无法由纯客户端完全获知
71,dontstarve/impacts/impact_hive_med_dull,PLAYER,1.0,True,1.0,False,104,1,0,haptics.lua 第 104 行注册；触发证据：当前 Lua 源码无字面引用（可能由动态变量、资源/引擎路径触发，或为保留定义）,客户端原声钩子 + 服务器回传 ATTACK 后的 client-safe CanHitTarget 等价校验与原版材质解析,原版 Controller Vibration=ON；Mod=ON；活动手柄已连接；非暂停；同事件/实体/实例短窗去重；空间距离过滤,PLAYER 以 Sim.SetListener 三维位置进行世界空间平滑衰减，默认近—远 5–26 单位；超距归零，可由 Spatial Reach 缩放,Impact 原版 WAV RMS 包络（约 0.5 s）+ 原版材质/尺寸/利钝系数,中高：挥空被过滤；NPC 服务端隐藏护甲/AOE 特例无法由纯客户端完全获知
72,dontstarve/impacts/impact_hive_med_sharp,PLAYER,1.0,True,1.0,False,105,1,0,haptics.lua 第 105 行注册；触发证据：当前 Lua 源码无字面引用（可能由动态变量、资源/引擎路径触发，或为保留定义）,客户端原声钩子 + 服务器回传 ATTACK 后的 client-safe CanHitTarget 等价校验与原版材质解析,原版 Controller Vibration=ON；Mod=ON；活动手柄已连接；非暂停；同事件/实体/实例短窗去重；空间距离过滤,PLAYER 以 Sim.SetListener 三维位置进行世界空间平滑衰减，默认近—远 5–26 单位；超距归零，可由 Spatial Reach 缩放,Impact 原版 WAV RMS 包络（约 0.5 s）+ 原版材质/尺寸/利钝系数,中高：挥空被过滤；NPC 服务端隐藏护甲/AOE 特例无法由纯客户端完全获知
73,dontstarve/impacts/impact_insect_lrg_dull,PLAYER,1.0,True,1.0,False,106,1,0,haptics.lua 第 106 行注册；触发证据：当前 Lua 源码无字面引用（可能由动态变量、资源/引擎路径触发，或为保留定义）,客户端原声钩子 + 服务器回传 ATTACK 后的 client-safe CanHitTarget 等价校验与原版材质解析,原版 Controller Vibration=ON；Mod=ON；活动手柄已连接；非暂停；同事件/实体/实例短窗去重；空间距离过滤,PLAYER 以 Sim.SetListener 三维位置进行世界空间平滑衰减，默认近—远 5–26 单位；超距归零，可由 Spatial Reach 缩放,Impact 原版 WAV RMS 包络（约 0.5 s）+ 原版材质/尺寸/利钝系数,中高：挥空被过滤；NPC 服务端隐藏护甲/AOE 特例无法由纯客户端完全获知
74,dontstarve/impacts/impact_insect_lrg_sharp,PLAYER,1.0,True,1.0,False,107,1,0,haptics.lua 第 107 行注册；触发证据：当前 Lua 源码无字面引用（可能由动态变量、资源/引擎路径触发，或为保留定义）,客户端原声钩子 + 服务器回传 ATTACK 后的 client-safe CanHitTarget 等价校验与原版材质解析,原版 Controller Vibration=ON；Mod=ON；活动手柄已连接；非暂停；同事件/实体/实例短窗去重；空间距离过滤,PLAYER 以 Sim.SetListener 三维位置进行世界空间平滑衰减，默认近—远 5–26 单位；超距归零，可由 Spatial Reach 缩放,Impact 原版 WAV RMS 包络（约 0.5 s）+ 原版材质/尺寸/利钝系数,中高：挥空被过滤；NPC 服务端隐藏护甲/AOE 特例无法由纯客户端完全获知
75,dontstarve/impacts/impact_insect_med_dull,PLAYER,1.0,True,1.0,False,108,1,0,haptics.lua 第 108 行注册；触发证据：当前 Lua 源码无字面引用（可能由动态变量、资源/引擎路径触发，或为保留定义）,客户端原声钩子 + 服务器回传 ATTACK 后的 client-safe CanHitTarget 等价校验与原版材质解析,原版 Controller Vibration=ON；Mod=ON；活动手柄已连接；非暂停；同事件/实体/实例短窗去重；空间距离过滤,PLAYER 以 Sim.SetListener 三维位置进行世界空间平滑衰减，默认近—远 5–26 单位；超距归零，可由 Spatial Reach 缩放,Impact 原版 WAV RMS 包络（约 0.5 s）+ 原版材质/尺寸/利钝系数,中高：挥空被过滤；NPC 服务端隐藏护甲/AOE 特例无法由纯客户端完全获知
76,dontstarve/impacts/impact_insect_med_sharp,PLAYER,1.0,True,1.0,False,109,1,0,haptics.lua 第 109 行注册；触发证据：当前 Lua 源码无字面引用（可能由动态变量、资源/引擎路径触发，或为保留定义）,客户端原声钩子 + 服务器回传 ATTACK 后的 client-safe CanHitTarget 等价校验与原版材质解析,原版 Controller Vibration=ON；Mod=ON；活动手柄已连接；非暂停；同事件/实体/实例短窗去重；空间距离过滤,PLAYER 以 Sim.SetListener 三维位置进行世界空间平滑衰减，默认近—远 5–26 单位；超距归零，可由 Spatial Reach 缩放,Impact 原版 WAV RMS 包络（约 0.5 s）+ 原版材质/尺寸/利钝系数,中高：挥空被过滤；NPC 服务端隐藏护甲/AOE 特例无法由纯客户端完全获知
77,dontstarve/impacts/impact_insect_sml_dull,PLAYER,1.0,True,1.0,False,110,1,0,haptics.lua 第 110 行注册；触发证据：当前 Lua 源码无字面引用（可能由动态变量、资源/引擎路径触发，或为保留定义）,客户端原声钩子 + 服务器回传 ATTACK 后的 client-safe CanHitTarget 等价校验与原版材质解析,原版 Controller Vibration=ON；Mod=ON；活动手柄已连接；非暂停；同事件/实体/实例短窗去重；空间距离过滤,PLAYER 以 Sim.SetListener 三维位置进行世界空间平滑衰减，默认近—远 5–26 单位；超距归零，可由 Spatial Reach 缩放,Impact 原版 WAV RMS 包络（约 0.5 s）+ 原版材质/尺寸/利钝系数,中高：挥空被过滤；NPC 服务端隐藏护甲/AOE 特例无法由纯客户端完全获知
78,dontstarve/impacts/impact_insect_sml_sharp,PLAYER,1.0,True,1.0,False,111,1,0,haptics.lua 第 111 行注册；触发证据：当前 Lua 源码无字面引用（可能由动态变量、资源/引擎路径触发，或为保留定义）,客户端原声钩子 + 服务器回传 ATTACK 后的 client-safe CanHitTarget 等价校验与原版材质解析,原版 Controller Vibration=ON；Mod=ON；活动手柄已连接；非暂停；同事件/实体/实例短窗去重；空间距离过滤,PLAYER 以 Sim.SetListener 三维位置进行世界空间平滑衰减，默认近—远 5–26 单位；超距归零，可由 Spatial Reach 缩放,Impact 原版 WAV RMS 包络（约 0.5 s）+ 原版材质/尺寸/利钝系数,中高：挥空被过滤；NPC 服务端隐藏护甲/AOE 特例无法由纯客户端完全获知
79,dontstarve/impacts/impact_marble_armour_dull,PLAYER,1.0,True,1.0,False,112,1,0,haptics.lua 第 112 行注册；触发证据：当前 Lua 源码无字面引用（可能由动态变量、资源/引擎路径触发，或为保留定义）,客户端原声钩子 + 服务器回传 ATTACK 后的 client-safe CanHitTarget 等价校验与原版材质解析,原版 Controller Vibration=ON；Mod=ON；活动手柄已连接；非暂停；同事件/实体/实例短窗去重；空间距离过滤,PLAYER 以 Sim.SetListener 三维位置进行世界空间平滑衰减，默认近—远 5–26 单位；超距归零，可由 Spatial Reach 缩放,Impact 原版 WAV RMS 包络（约 0.5 s）+ 原版材质/尺寸/利钝系数,中高：挥空被过滤；NPC 服务端隐藏护甲/AOE 特例无法由纯客户端完全获知
80,dontstarve/impacts/impact_marble_armour_sharp,PLAYER,1.0,True,1.0,False,113,1,0,haptics.lua 第 113 行注册；触发证据：当前 Lua 源码无字面引用（可能由动态变量、资源/引擎路径触发，或为保留定义）,客户端原声钩子 + 服务器回传 ATTACK 后的 client-safe CanHitTarget 等价校验与原版材质解析,原版 Controller Vibration=ON；Mod=ON；活动手柄已连接；非暂停；同事件/实体/实例短窗去重；空间距离过滤,PLAYER 以 Sim.SetListener 三维位置进行世界空间平滑衰减，默认近—远 5–26 单位；超距归零，可由 Spatial Reach 缩放,Impact 原版 WAV RMS 包络（约 0.5 s）+ 原版材质/尺寸/利钝系数,中高：挥空被过滤；NPC 服务端隐藏护甲/AOE 特例无法由纯客户端完全获知
81,dontstarve/impacts/impact_marble_wall_dull,PLAYER,1.0,True,1.0,False,114,1,0,haptics.lua 第 114 行注册；触发证据：当前 Lua 源码无字面引用（可能由动态变量、资源/引擎路径触发，或为保留定义）,客户端原声钩子 + 服务器回传 ATTACK 后的 client-safe CanHitTarget 等价校验与原版材质解析,原版 Controller Vibration=ON；Mod=ON；活动手柄已连接；非暂停；同事件/实体/实例短窗去重；空间距离过滤,PLAYER 以 Sim.SetListener 三维位置进行世界空间平滑衰减，默认近—远 5–26 单位；超距归零，可由 Spatial Reach 缩放,Impact 原版 WAV RMS 包络（约 0.5 s）+ 原版材质/尺寸/利钝系数,中高：挥空被过滤；NPC 服务端隐藏护甲/AOE 特例无法由纯客户端完全获知
82,dontstarve/impacts/impact_marble_wall_sharp,PLAYER,1.0,True,1.0,False,115,1,0,haptics.lua 第 115 行注册；触发证据：当前 Lua 源码无字面引用（可能由动态变量、资源/引擎路径触发，或为保留定义）,客户端原声钩子 + 服务器回传 ATTACK 后的 client-safe CanHitTarget 等价校验与原版材质解析,原版 Controller Vibration=ON；Mod=ON；活动手柄已连接；非暂停；同事件/实体/实例短窗去重；空间距离过滤,PLAYER 以 Sim.SetListener 三维位置进行世界空间平滑衰减，默认近—远 5–26 单位；超距归零，可由 Spatial Reach 缩放,Impact 原版 WAV RMS 包络（约 0.5 s）+ 原版材质/尺寸/利钝系数,中高：挥空被过滤；NPC 服务端隐藏护甲/AOE 特例无法由纯客户端完全获知
83,dontstarve/impacts/impact_mech_lrg_dull,PLAYER,1.0,True,1.0,False,116,1,0,haptics.lua 第 116 行注册；触发证据：当前 Lua 源码无字面引用（可能由动态变量、资源/引擎路径触发，或为保留定义）,客户端原声钩子 + 服务器回传 ATTACK 后的 client-safe CanHitTarget 等价校验与原版材质解析,原版 Controller Vibration=ON；Mod=ON；活动手柄已连接；非暂停；同事件/实体/实例短窗去重；空间距离过滤,PLAYER 以 Sim.SetListener 三维位置进行世界空间平滑衰减，默认近—远 5–26 单位；超距归零，可由 Spatial Reach 缩放,Impact 原版 WAV RMS 包络（约 0.5 s）+ 原版材质/尺寸/利钝系数,中高：挥空被过滤；NPC 服务端隐藏护甲/AOE 特例无法由纯客户端完全获知
84,dontstarve/impacts/impact_mech_lrg_sharp,PLAYER,1.0,True,1.0,False,117,1,0,haptics.lua 第 117 行注册；触发证据：当前 Lua 源码无字面引用（可能由动态变量、资源/引擎路径触发，或为保留定义）,客户端原声钩子 + 服务器回传 ATTACK 后的 client-safe CanHitTarget 等价校验与原版材质解析,原版 Controller Vibration=ON；Mod=ON；活动手柄已连接；非暂停；同事件/实体/实例短窗去重；空间距离过滤,PLAYER 以 Sim.SetListener 三维位置进行世界空间平滑衰减，默认近—远 5–26 单位；超距归零，可由 Spatial Reach 缩放,Impact 原版 WAV RMS 包络（约 0.5 s）+ 原版材质/尺寸/利钝系数,中高：挥空被过滤；NPC 服务端隐藏护甲/AOE 特例无法由纯客户端完全获知
85,dontstarve/impacts/impact_mech_med_dull,PLAYER,1.0,True,1.0,False,118,1,0,haptics.lua 第 118 行注册；触发证据：当前 Lua 源码无字面引用（可能由动态变量、资源/引擎路径触发，或为保留定义）,客户端原声钩子 + 服务器回传 ATTACK 后的 client-safe CanHitTarget 等价校验与原版材质解析,原版 Controller Vibration=ON；Mod=ON；活动手柄已连接；非暂停；同事件/实体/实例短窗去重；空间距离过滤,PLAYER 以 Sim.SetListener 三维位置进行世界空间平滑衰减，默认近—远 5–26 单位；超距归零，可由 Spatial Reach 缩放,Impact 原版 WAV RMS 包络（约 0.5 s）+ 原版材质/尺寸/利钝系数,中高：挥空被过滤；NPC 服务端隐藏护甲/AOE 特例无法由纯客户端完全获知
86,dontstarve/impacts/impact_mech_med_sharp,PLAYER,1.0,True,1.0,False,119,1,0,haptics.lua 第 119 行注册；触发证据：当前 Lua 源码无字面引用（可能由动态变量、资源/引擎路径触发，或为保留定义）,客户端原声钩子 + 服务器回传 ATTACK 后的 client-safe CanHitTarget 等价校验与原版材质解析,原版 Controller Vibration=ON；Mod=ON；活动手柄已连接；非暂停；同事件/实体/实例短窗去重；空间距离过滤,PLAYER 以 Sim.SetListener 三维位置进行世界空间平滑衰减，默认近—远 5–26 单位；超距归零，可由 Spatial Reach 缩放,Impact 原版 WAV RMS 包络（约 0.5 s）+ 原版材质/尺寸/利钝系数,中高：挥空被过滤；NPC 服务端隐藏护甲/AOE 特例无法由纯客户端完全获知
87,dontstarve/impacts/impact_metal_armour_dull,PLAYER,1.0,True,1.0,False,120,1,0,haptics.lua 第 120 行注册；触发证据：当前 Lua 源码无字面引用（可能由动态变量、资源/引擎路径触发，或为保留定义）,客户端原声钩子 + 服务器回传 ATTACK 后的 client-safe CanHitTarget 等价校验与原版材质解析,原版 Controller Vibration=ON；Mod=ON；活动手柄已连接；非暂停；同事件/实体/实例短窗去重；空间距离过滤,PLAYER 以 Sim.SetListener 三维位置进行世界空间平滑衰减，默认近—远 5–26 单位；超距归零，可由 Spatial Reach 缩放,Impact 原版 WAV RMS 包络（约 0.5 s）+ 原版材质/尺寸/利钝系数,中高：挥空被过滤；NPC 服务端隐藏护甲/AOE 特例无法由纯客户端完全获知
88,dontstarve/impacts/impact_metal_armour_sharp,PLAYER,1.0,True,1.0,False,121,1,0,haptics.lua 第 121 行注册；触发证据：当前 Lua 源码无字面引用（可能由动态变量、资源/引擎路径触发，或为保留定义）,客户端原声钩子 + 服务器回传 ATTACK 后的 client-safe CanHitTarget 等价校验与原版材质解析,原版 Controller Vibration=ON；Mod=ON；活动手柄已连接；非暂停；同事件/实体/实例短窗去重；空间距离过滤,PLAYER 以 Sim.SetListener 三维位置进行世界空间平滑衰减，默认近—远 5–26 单位；超距归零，可由 Spatial Reach 缩放,Impact 原版 WAV RMS 包络（约 0.5 s）+ 原版材质/尺寸/利钝系数,中高：挥空被过滤；NPC 服务端隐藏护甲/AOE 特例无法由纯客户端完全获知
89,dontstarve/impacts/impact_mound_lrg_dull,PLAYER,1.0,True,1.0,False,122,1,0,haptics.lua 第 122 行注册；触发证据：当前 Lua 源码无字面引用（可能由动态变量、资源/引擎路径触发，或为保留定义）,客户端原声钩子 + 服务器回传 ATTACK 后的 client-safe CanHitTarget 等价校验与原版材质解析,原版 Controller Vibration=ON；Mod=ON；活动手柄已连接；非暂停；同事件/实体/实例短窗去重；空间距离过滤,PLAYER 以 Sim.SetListener 三维位置进行世界空间平滑衰减，默认近—远 5–26 单位；超距归零，可由 Spatial Reach 缩放,Impact 原版 WAV RMS 包络（约 0.5 s）+ 原版材质/尺寸/利钝系数,中高：挥空被过滤；NPC 服务端隐藏护甲/AOE 特例无法由纯客户端完全获知
90,dontstarve/impacts/impact_mound_lrg_sharp,PLAYER,1.0,True,1.0,False,123,1,0,haptics.lua 第 123 行注册；触发证据：当前 Lua 源码无字面引用（可能由动态变量、资源/引擎路径触发，或为保留定义）,客户端原声钩子 + 服务器回传 ATTACK 后的 client-safe CanHitTarget 等价校验与原版材质解析,原版 Controller Vibration=ON；Mod=ON；活动手柄已连接；非暂停；同事件/实体/实例短窗去重；空间距离过滤,PLAYER 以 Sim.SetListener 三维位置进行世界空间平滑衰减，默认近—远 5–26 单位；超距归零，可由 Spatial Reach 缩放,Impact 原版 WAV RMS 包络（约 0.5 s）+ 原版材质/尺寸/利钝系数,中高：挥空被过滤；NPC 服务端隐藏护甲/AOE 特例无法由纯客户端完全获知
91,dontstarve/impacts/impact_sanity_armour_dull,PLAYER,1.0,True,1.0,False,124,1,0,haptics.lua 第 124 行注册；触发证据：当前 Lua 源码无字面引用（可能由动态变量、资源/引擎路径触发，或为保留定义）,客户端原声钩子 + 服务器回传 ATTACK 后的 client-safe CanHitTarget 等价校验与原版材质解析,原版 Controller Vibration=ON；Mod=ON；活动手柄已连接；非暂停；同事件/实体/实例短窗去重；空间距离过滤,PLAYER 以 Sim.SetListener 三维位置进行世界空间平滑衰减，默认近—远 5–26 单位；超距归零，可由 Spatial Reach 缩放,Impact 原版 WAV RMS 包络（约 0.5 s）+ 原版材质/尺寸/利钝系数,中高：挥空被过滤；NPC 服务端隐藏护甲/AOE 特例无法由纯客户端完全获知
92,dontstarve/impacts/impact_sanity_armour_sharp,PLAYER,1.0,True,1.0,False,125,1,0,haptics.lua 第 125 行注册；触发证据：当前 Lua 源码无字面引用（可能由动态变量、资源/引擎路径触发，或为保留定义）,客户端原声钩子 + 服务器回传 ATTACK 后的 client-safe CanHitTarget 等价校验与原版材质解析,原版 Controller Vibration=ON；Mod=ON；活动手柄已连接；非暂停；同事件/实体/实例短窗去重；空间距离过滤,PLAYER 以 Sim.SetListener 三维位置进行世界空间平滑衰减，默认近—远 5–26 单位；超距归零，可由 Spatial Reach 缩放,Impact 原版 WAV RMS 包络（约 0.5 s）+ 原版材质/尺寸/利钝系数,中高：挥空被过滤；NPC 服务端隐藏护甲/AOE 特例无法由纯客户端完全获知
93,dontstarve/impacts/impact_shadow_med_dull,PLAYER,1.0,True,1.0,False,126,1,0,haptics.lua 第 126 行注册；触发证据：当前 Lua 源码无字面引用（可能由动态变量、资源/引擎路径触发，或为保留定义）,客户端原声钩子 + 服务器回传 ATTACK 后的 client-safe CanHitTarget 等价校验与原版材质解析,原版 Controller Vibration=ON；Mod=ON；活动手柄已连接；非暂停；同事件/实体/实例短窗去重；空间距离过滤,PLAYER 以 Sim.SetListener 三维位置进行世界空间平滑衰减，默认近—远 5–26 单位；超距归零，可由 Spatial Reach 缩放,Impact 原版 WAV RMS 包络（约 0.5 s）+ 原版材质/尺寸/利钝系数,中高：挥空被过滤；NPC 服务端隐藏护甲/AOE 特例无法由纯客户端完全获知
94,dontstarve/impacts/impact_shadow_med_sharp,PLAYER,1.0,True,1.0,False,127,1,1,"haptics.lua 第 127 行注册；触发证据：stategraphs/SGshadowwaxwell.lua:1278 inst.SoundEmitter:PlaySound(""dontstarve/impacts/impact_shadow_med_sharp"")",客户端原声钩子 + 服务器回传 ATTACK 后的 client-safe CanHitTarget 等价校验与原版材质解析,原版 Controller Vibration=ON；Mod=ON；活动手柄已连接；非暂停；同事件/实体/实例短窗去重；空间距离过滤,PLAYER 以 Sim.SetListener 三维位置进行世界空间平滑衰减，默认近—远 5–26 单位；超距归零，可由 Spatial Reach 缩放,Impact 原版 WAV RMS 包络（约 0.5 s）+ 原版材质/尺寸/利钝系数,中高：挥空被过滤；NPC 服务端隐藏护甲/AOE 特例无法由纯客户端完全获知
95,dontstarve/impacts/impact_shell_armour_dull,PLAYER,1.0,True,1.0,False,128,1,0,haptics.lua 第 128 行注册；触发证据：当前 Lua 源码无字面引用（可能由动态变量、资源/引擎路径触发，或为保留定义）,客户端原声钩子 + 服务器回传 ATTACK 后的 client-safe CanHitTarget 等价校验与原版材质解析,原版 Controller Vibration=ON；Mod=ON；活动手柄已连接；非暂停；同事件/实体/实例短窗去重；空间距离过滤,PLAYER 以 Sim.SetListener 三维位置进行世界空间平滑衰减，默认近—远 5–26 单位；超距归零，可由 Spatial Reach 缩放,Impact 原版 WAV RMS 包络（约 0.5 s）+ 原版材质/尺寸/利钝系数,中高：挥空被过滤；NPC 服务端隐藏护甲/AOE 特例无法由纯客户端完全获知
96,dontstarve/impacts/impact_shell_armour_sharp,PLAYER,1.0,True,1.0,False,129,1,0,haptics.lua 第 129 行注册；触发证据：当前 Lua 源码无字面引用（可能由动态变量、资源/引擎路径触发，或为保留定义）,客户端原声钩子 + 服务器回传 ATTACK 后的 client-safe CanHitTarget 等价校验与原版材质解析,原版 Controller Vibration=ON；Mod=ON；活动手柄已连接；非暂停；同事件/实体/实例短窗去重；空间距离过滤,PLAYER 以 Sim.SetListener 三维位置进行世界空间平滑衰减，默认近—远 5–26 单位；超距归零，可由 Spatial Reach 缩放,Impact 原版 WAV RMS 包络（约 0.5 s）+ 原版材质/尺寸/利钝系数,中高：挥空被过滤；NPC 服务端隐藏护甲/AOE 特例无法由纯客户端完全获知
97,dontstarve/impacts/impact_shell_med_dull,PLAYER,1.0,True,1.0,False,130,1,0,haptics.lua 第 130 行注册；触发证据：当前 Lua 源码无字面引用（可能由动态变量、资源/引擎路径触发，或为保留定义）,客户端原声钩子 + 服务器回传 ATTACK 后的 client-safe CanHitTarget 等价校验与原版材质解析,原版 Controller Vibration=ON；Mod=ON；活动手柄已连接；非暂停；同事件/实体/实例短窗去重；空间距离过滤,PLAYER 以 Sim.SetListener 三维位置进行世界空间平滑衰减，默认近—远 5–26 单位；超距归零，可由 Spatial Reach 缩放,Impact 原版 WAV RMS 包络（约 0.5 s）+ 原版材质/尺寸/利钝系数,中高：挥空被过滤；NPC 服务端隐藏护甲/AOE 特例无法由纯客户端完全获知
98,dontstarve/impacts/impact_shell_med_sharp,PLAYER,1.0,True,1.0,False,131,1,0,haptics.lua 第 131 行注册；触发证据：当前 Lua 源码无字面引用（可能由动态变量、资源/引擎路径触发，或为保留定义）,客户端原声钩子 + 服务器回传 ATTACK 后的 client-safe CanHitTarget 等价校验与原版材质解析,原版 Controller Vibration=ON；Mod=ON；活动手柄已连接；非暂停；同事件/实体/实例短窗去重；空间距离过滤,PLAYER 以 Sim.SetListener 三维位置进行世界空间平滑衰减，默认近—远 5–26 单位；超距归零，可由 Spatial Reach 缩放,Impact 原版 WAV RMS 包络（约 0.5 s）+ 原版材质/尺寸/利钝系数,中高：挥空被过滤；NPC 服务端隐藏护甲/AOE 特例无法由纯客户端完全获知
99,dontstarve/impacts/impact_stone_armour_dull,PLAYER,1.0,True,1.0,False,132,1,0,haptics.lua 第 132 行注册；触发证据：当前 Lua 源码无字面引用（可能由动态变量、资源/引擎路径触发，或为保留定义）,客户端原声钩子 + 服务器回传 ATTACK 后的 client-safe CanHitTarget 等价校验与原版材质解析,原版 Controller Vibration=ON；Mod=ON；活动手柄已连接；非暂停；同事件/实体/实例短窗去重；空间距离过滤,PLAYER 以 Sim.SetListener 三维位置进行世界空间平滑衰减，默认近—远 5–26 单位；超距归零，可由 Spatial Reach 缩放,Impact 原版 WAV RMS 包络（约 0.5 s）+ 原版材质/尺寸/利钝系数,中高：挥空被过滤；NPC 服务端隐藏护甲/AOE 特例无法由纯客户端完全获知
100,dontstarve/impacts/impact_stone_armour_sharp,PLAYER,1.0,True,1.0,False,133,1,0,haptics.lua 第 133 行注册；触发证据：当前 Lua 源码无字面引用（可能由动态变量、资源/引擎路径触发，或为保留定义）,客户端原声钩子 + 服务器回传 ATTACK 后的 client-safe CanHitTarget 等价校验与原版材质解析,原版 Controller Vibration=ON；Mod=ON；活动手柄已连接；非暂停；同事件/实体/实例短窗去重；空间距离过滤,PLAYER 以 Sim.SetListener 三维位置进行世界空间平滑衰减，默认近—远 5–26 单位；超距归零，可由 Spatial Reach 缩放,Impact 原版 WAV RMS 包络（约 0.5 s）+ 原版材质/尺寸/利钝系数,中高：挥空被过滤；NPC 服务端隐藏护甲/AOE 特例无法由纯客户端完全获知
101,dontstarve/impacts/impact_dreadstone_armour_dull,PLAYER,1.0,True,1.0,False,134,1,0,haptics.lua 第 134 行注册；触发证据：当前 Lua 源码无字面引用（可能由动态变量、资源/引擎路径触发，或为保留定义）,客户端原声钩子 + 服务器回传 ATTACK 后的 client-safe CanHitTarget 等价校验与原版材质解析,原版 Controller Vibration=ON；Mod=ON；活动手柄已连接；非暂停；同事件/实体/实例短窗去重；空间距离过滤,PLAYER 以 Sim.SetListener 三维位置进行世界空间平滑衰减，默认近—远 5–26 单位；超距归零，可由 Spatial Reach 缩放,Impact 原版 WAV RMS 包络（约 0.5 s）+ 原版材质/尺寸/利钝系数,中高：挥空被过滤；NPC 服务端隐藏护甲/AOE 特例无法由纯客户端完全获知
102,dontstarve/impacts/impact_dreadstone_armour_sharp,PLAYER,1.0,True,1.0,False,135,1,0,haptics.lua 第 135 行注册；触发证据：当前 Lua 源码无字面引用（可能由动态变量、资源/引擎路径触发，或为保留定义）,客户端原声钩子 + 服务器回传 ATTACK 后的 client-safe CanHitTarget 等价校验与原版材质解析,原版 Controller Vibration=ON；Mod=ON；活动手柄已连接；非暂停；同事件/实体/实例短窗去重；空间距离过滤,PLAYER 以 Sim.SetListener 三维位置进行世界空间平滑衰减，默认近—远 5–26 单位；超距归零，可由 Spatial Reach 缩放,Impact 原版 WAV RMS 包络（约 0.5 s）+ 原版材质/尺寸/利钝系数,中高：挥空被过滤；NPC 服务端隐藏护甲/AOE 特例无法由纯客户端完全获知
103,dontstarve/impacts/impact_stone_lrg_dull,PLAYER,1.0,True,1.0,False,136,1,0,haptics.lua 第 136 行注册；触发证据：当前 Lua 源码无字面引用（可能由动态变量、资源/引擎路径触发，或为保留定义）,客户端原声钩子 + 服务器回传 ATTACK 后的 client-safe CanHitTarget 等价校验与原版材质解析,原版 Controller Vibration=ON；Mod=ON；活动手柄已连接；非暂停；同事件/实体/实例短窗去重；空间距离过滤,PLAYER 以 Sim.SetListener 三维位置进行世界空间平滑衰减，默认近—远 5–26 单位；超距归零，可由 Spatial Reach 缩放,Impact 原版 WAV RMS 包络（约 0.5 s）+ 原版材质/尺寸/利钝系数,中高：挥空被过滤；NPC 服务端隐藏护甲/AOE 特例无法由纯客户端完全获知
104,dontstarve/impacts/impact_stone_lrg_sharp,PLAYER,1.0,True,1.0,False,137,1,0,haptics.lua 第 137 行注册；触发证据：当前 Lua 源码无字面引用（可能由动态变量、资源/引擎路径触发，或为保留定义）,客户端原声钩子 + 服务器回传 ATTACK 后的 client-safe CanHitTarget 等价校验与原版材质解析,原版 Controller Vibration=ON；Mod=ON；活动手柄已连接；非暂停；同事件/实体/实例短窗去重；空间距离过滤,PLAYER 以 Sim.SetListener 三维位置进行世界空间平滑衰减，默认近—远 5–26 单位；超距归零，可由 Spatial Reach 缩放,Impact 原版 WAV RMS 包络（约 0.5 s）+ 原版材质/尺寸/利钝系数,中高：挥空被过滤；NPC 服务端隐藏护甲/AOE 特例无法由纯客户端完全获知
105,dontstarve/impacts/impact_stone_med_dull,PLAYER,1.0,True,1.0,False,138,1,0,haptics.lua 第 138 行注册；触发证据：当前 Lua 源码无字面引用（可能由动态变量、资源/引擎路径触发，或为保留定义）,客户端原声钩子 + 服务器回传 ATTACK 后的 client-safe CanHitTarget 等价校验与原版材质解析,原版 Controller Vibration=ON；Mod=ON；活动手柄已连接；非暂停；同事件/实体/实例短窗去重；空间距离过滤,PLAYER 以 Sim.SetListener 三维位置进行世界空间平滑衰减，默认近—远 5–26 单位；超距归零，可由 Spatial Reach 缩放,Impact 原版 WAV RMS 包络（约 0.5 s）+ 原版材质/尺寸/利钝系数,中高：挥空被过滤；NPC 服务端隐藏护甲/AOE 特例无法由纯客户端完全获知
106,dontstarve/impacts/impact_stone_med_sharp,PLAYER,1.0,True,1.0,False,139,1,0,haptics.lua 第 139 行注册；触发证据：当前 Lua 源码无字面引用（可能由动态变量、资源/引擎路径触发，或为保留定义）,客户端原声钩子 + 服务器回传 ATTACK 后的 client-safe CanHitTarget 等价校验与原版材质解析,原版 Controller Vibration=ON；Mod=ON；活动手柄已连接；非暂停；同事件/实体/实例短窗去重；空间距离过滤,PLAYER 以 Sim.SetListener 三维位置进行世界空间平滑衰减，默认近—远 5–26 单位；超距归零，可由 Spatial Reach 缩放,Impact 原版 WAV RMS 包络（约 0.5 s）+ 原版材质/尺寸/利钝系数,中高：挥空被过滤；NPC 服务端隐藏护甲/AOE 特例无法由纯客户端完全获知
107,dontstarve/impacts/impact_stone_object_dull,PLAYER,1.0,True,1.0,False,140,1,0,haptics.lua 第 140 行注册；触发证据：当前 Lua 源码无字面引用（可能由动态变量、资源/引擎路径触发，或为保留定义）,客户端原声钩子 + 服务器回传 ATTACK 后的 client-safe CanHitTarget 等价校验与原版材质解析,原版 Controller Vibration=ON；Mod=ON；活动手柄已连接；非暂停；同事件/实体/实例短窗去重；空间距离过滤,PLAYER 以 Sim.SetListener 三维位置进行世界空间平滑衰减，默认近—远 5–26 单位；超距归零，可由 Spatial Reach 缩放,Impact 原版 WAV RMS 包络（约 0.5 s）+ 原版材质/尺寸/利钝系数,中高：挥空被过滤；NPC 服务端隐藏护甲/AOE 特例无法由纯客户端完全获知
108,dontstarve/impacts/impact_stone_object_sharp,PLAYER,1.0,True,1.0,False,141,1,0,haptics.lua 第 141 行注册；触发证据：当前 Lua 源码无字面引用（可能由动态变量、资源/引擎路径触发，或为保留定义）,客户端原声钩子 + 服务器回传 ATTACK 后的 client-safe CanHitTarget 等价校验与原版材质解析,原版 Controller Vibration=ON；Mod=ON；活动手柄已连接；非暂停；同事件/实体/实例短窗去重；空间距离过滤,PLAYER 以 Sim.SetListener 三维位置进行世界空间平滑衰减，默认近—远 5–26 单位；超距归零，可由 Spatial Reach 缩放,Impact 原版 WAV RMS 包络（约 0.5 s）+ 原版材质/尺寸/利钝系数,中高：挥空被过滤；NPC 服务端隐藏护甲/AOE 特例无法由纯客户端完全获知
109,dontstarve/impacts/impact_stone_sml_dull,PLAYER,1.0,True,1.0,False,142,1,0,haptics.lua 第 142 行注册；触发证据：当前 Lua 源码无字面引用（可能由动态变量、资源/引擎路径触发，或为保留定义）,客户端原声钩子 + 服务器回传 ATTACK 后的 client-safe CanHitTarget 等价校验与原版材质解析,原版 Controller Vibration=ON；Mod=ON；活动手柄已连接；非暂停；同事件/实体/实例短窗去重；空间距离过滤,PLAYER 以 Sim.SetListener 三维位置进行世界空间平滑衰减，默认近—远 5–26 单位；超距归零，可由 Spatial Reach 缩放,Impact 原版 WAV RMS 包络（约 0.5 s）+ 原版材质/尺寸/利钝系数,中高：挥空被过滤；NPC 服务端隐藏护甲/AOE 特例无法由纯客户端完全获知
110,dontstarve/impacts/impact_stone_sml_sharp,PLAYER,1.0,True,1.0,False,143,1,0,haptics.lua 第 143 行注册；触发证据：当前 Lua 源码无字面引用（可能由动态变量、资源/引擎路径触发，或为保留定义）,客户端原声钩子 + 服务器回传 ATTACK 后的 client-safe CanHitTarget 等价校验与原版材质解析,原版 Controller Vibration=ON；Mod=ON；活动手柄已连接；非暂停；同事件/实体/实例短窗去重；空间距离过滤,PLAYER 以 Sim.SetListener 三维位置进行世界空间平滑衰减，默认近—远 5–26 单位；超距归零，可由 Spatial Reach 缩放,Impact 原版 WAV RMS 包络（约 0.5 s）+ 原版材质/尺寸/利钝系数,中高：挥空被过滤；NPC 服务端隐藏护甲/AOE 特例无法由纯客户端完全获知
111,dontstarve/impacts/impact_stone_wall_dull,PLAYER,1.0,True,1.0,False,144,1,1,"haptics.lua 第 144 行注册；触发证据：stategraphs/SGmoonpig.lua:229 inst.SoundEmitter:PlaySound(""dontstarve/impacts/impact_stone_wall_dull"")",客户端原声钩子 + 服务器回传 ATTACK 后的 client-safe CanHitTarget 等价校验与原版材质解析,原版 Controller Vibration=ON；Mod=ON；活动手柄已连接；非暂停；同事件/实体/实例短窗去重；空间距离过滤,PLAYER 以 Sim.SetListener 三维位置进行世界空间平滑衰减，默认近—远 5–26 单位；超距归零，可由 Spatial Reach 缩放,Impact 原版 WAV RMS 包络（约 0.5 s）+ 原版材质/尺寸/利钝系数,中高：挥空被过滤；NPC 服务端隐藏护甲/AOE 特例无法由纯客户端完全获知
112,dontstarve/impacts/impact_stone_wall_sharp,PLAYER,1.0,True,1.0,False,145,1,1,"haptics.lua 第 145 行注册；触发证据：stategraphs/SGhound.lua:771 inst.SoundEmitter:PlaySound(""dontstarve/impacts/impact_stone_wall_sharp"")",客户端原声钩子 + 服务器回传 ATTACK 后的 client-safe CanHitTarget 等价校验与原版材质解析,原版 Controller Vibration=ON；Mod=ON；活动手柄已连接；非暂停；同事件/实体/实例短窗去重；空间距离过滤,PLAYER 以 Sim.SetListener 三维位置进行世界空间平滑衰减，默认近—远 5–26 单位；超距归零，可由 Spatial Reach 缩放,Impact 原版 WAV RMS 包络（约 0.5 s）+ 原版材质/尺寸/利钝系数,中高：挥空被过滤；NPC 服务端隐藏护甲/AOE 特例无法由纯客户端完全获知
113,dontstarve/impacts/impact_straw_armour_dull,PLAYER,1.0,True,1.0,False,146,1,0,haptics.lua 第 146 行注册；触发证据：当前 Lua 源码无字面引用（可能由动态变量、资源/引擎路径触发，或为保留定义）,客户端原声钩子 + 服务器回传 ATTACK 后的 client-safe CanHitTarget 等价校验与原版材质解析,原版 Controller Vibration=ON；Mod=ON；活动手柄已连接；非暂停；同事件/实体/实例短窗去重；空间距离过滤,PLAYER 以 Sim.SetListener 三维位置进行世界空间平滑衰减，默认近—远 5–26 单位；超距归零，可由 Spatial Reach 缩放,Impact 原版 WAV RMS 包络（约 0.5 s）+ 原版材质/尺寸/利钝系数,中高：挥空被过滤；NPC 服务端隐藏护甲/AOE 特例无法由纯客户端完全获知
114,dontstarve/impacts/impact_straw_armour_sharp,PLAYER,1.0,True,1.0,False,147,1,0,haptics.lua 第 147 行注册；触发证据：当前 Lua 源码无字面引用（可能由动态变量、资源/引擎路径触发，或为保留定义）,客户端原声钩子 + 服务器回传 ATTACK 后的 client-safe CanHitTarget 等价校验与原版材质解析,原版 Controller Vibration=ON；Mod=ON；活动手柄已连接；非暂停；同事件/实体/实例短窗去重；空间距离过滤,PLAYER 以 Sim.SetListener 三维位置进行世界空间平滑衰减，默认近—远 5–26 单位；超距归零，可由 Spatial Reach 缩放,Impact 原版 WAV RMS 包络（约 0.5 s）+ 原版材质/尺寸/利钝系数,中高：挥空被过滤；NPC 服务端隐藏护甲/AOE 特例无法由纯客户端完全获知
115,dontstarve/impacts/impact_straw_wall_dull,PLAYER,1.0,True,1.0,False,148,1,0,haptics.lua 第 148 行注册；触发证据：当前 Lua 源码无字面引用（可能由动态变量、资源/引擎路径触发，或为保留定义）,客户端原声钩子 + 服务器回传 ATTACK 后的 client-safe CanHitTarget 等价校验与原版材质解析,原版 Controller Vibration=ON；Mod=ON；活动手柄已连接；非暂停；同事件/实体/实例短窗去重；空间距离过滤,PLAYER 以 Sim.SetListener 三维位置进行世界空间平滑衰减，默认近—远 5–26 单位；超距归零，可由 Spatial Reach 缩放,Impact 原版 WAV RMS 包络（约 0.5 s）+ 原版材质/尺寸/利钝系数,中高：挥空被过滤；NPC 服务端隐藏护甲/AOE 特例无法由纯客户端完全获知
116,dontstarve/impacts/impact_straw_wall_sharp,PLAYER,1.0,True,1.0,False,149,1,0,haptics.lua 第 149 行注册；触发证据：当前 Lua 源码无字面引用（可能由动态变量、资源/引擎路径触发，或为保留定义）,客户端原声钩子 + 服务器回传 ATTACK 后的 client-safe CanHitTarget 等价校验与原版材质解析,原版 Controller Vibration=ON；Mod=ON；活动手柄已连接；非暂停；同事件/实体/实例短窗去重；空间距离过滤,PLAYER 以 Sim.SetListener 三维位置进行世界空间平滑衰减，默认近—远 5–26 单位；超距归零，可由 Spatial Reach 缩放,Impact 原版 WAV RMS 包络（约 0.5 s）+ 原版材质/尺寸/利钝系数,中高：挥空被过滤；NPC 服务端隐藏护甲/AOE 特例无法由纯客户端完全获知
117,dontstarve/impacts/impact_tree_lrg_dull,PLAYER,1.0,True,1.0,False,150,1,0,haptics.lua 第 150 行注册；触发证据：当前 Lua 源码无字面引用（可能由动态变量、资源/引擎路径触发，或为保留定义）,客户端原声钩子 + 服务器回传 ATTACK 后的 client-safe CanHitTarget 等价校验与原版材质解析,原版 Controller Vibration=ON；Mod=ON；活动手柄已连接；非暂停；同事件/实体/实例短窗去重；空间距离过滤,PLAYER 以 Sim.SetListener 三维位置进行世界空间平滑衰减，默认近—远 5–26 单位；超距归零，可由 Spatial Reach 缩放,Impact 原版 WAV RMS 包络（约 0.5 s）+ 原版材质/尺寸/利钝系数,中高：挥空被过滤；NPC 服务端隐藏护甲/AOE 特例无法由纯客户端完全获知
118,dontstarve/impacts/impact_tree_lrg_sharp,PLAYER,1.0,True,1.0,False,151,1,0,haptics.lua 第 151 行注册；触发证据：当前 Lua 源码无字面引用（可能由动态变量、资源/引擎路径触发，或为保留定义）,客户端原声钩子 + 服务器回传 ATTACK 后的 client-safe CanHitTarget 等价校验与原版材质解析,原版 Controller Vibration=ON；Mod=ON；活动手柄已连接；非暂停；同事件/实体/实例短窗去重；空间距离过滤,PLAYER 以 Sim.SetListener 三维位置进行世界空间平滑衰减，默认近—远 5–26 单位；超距归零，可由 Spatial Reach 缩放,Impact 原版 WAV RMS 包络（约 0.5 s）+ 原版材质/尺寸/利钝系数,中高：挥空被过滤；NPC 服务端隐藏护甲/AOE 特例无法由纯客户端完全获知
119,dontstarve/impacts/impact_tree_med_dull,PLAYER,1.0,True,1.0,False,152,1,0,haptics.lua 第 152 行注册；触发证据：当前 Lua 源码无字面引用（可能由动态变量、资源/引擎路径触发，或为保留定义）,客户端原声钩子 + 服务器回传 ATTACK 后的 client-safe CanHitTarget 等价校验与原版材质解析,原版 Controller Vibration=ON；Mod=ON；活动手柄已连接；非暂停；同事件/实体/实例短窗去重；空间距离过滤,PLAYER 以 Sim.SetListener 三维位置进行世界空间平滑衰减，默认近—远 5–26 单位；超距归零，可由 Spatial Reach 缩放,Impact 原版 WAV RMS 包络（约 0.5 s）+ 原版材质/尺寸/利钝系数,中高：挥空被过滤；NPC 服务端隐藏护甲/AOE 特例无法由纯客户端完全获知
120,dontstarve/impacts/impact_tree_med_sharp,PLAYER,1.0,True,1.0,False,153,1,0,haptics.lua 第 153 行注册；触发证据：当前 Lua 源码无字面引用（可能由动态变量、资源/引擎路径触发，或为保留定义）,客户端原声钩子 + 服务器回传 ATTACK 后的 client-safe CanHitTarget 等价校验与原版材质解析,原版 Controller Vibration=ON；Mod=ON；活动手柄已连接；非暂停；同事件/实体/实例短窗去重；空间距离过滤,PLAYER 以 Sim.SetListener 三维位置进行世界空间平滑衰减，默认近—远 5–26 单位；超距归零，可由 Spatial Reach 缩放,Impact 原版 WAV RMS 包络（约 0.5 s）+ 原版材质/尺寸/利钝系数,中高：挥空被过滤；NPC 服务端隐藏护甲/AOE 特例无法由纯客户端完全获知
121,dontstarve/impacts/impact_vegetable_med_dull,PLAYER,1.0,True,1.0,False,154,1,0,haptics.lua 第 154 行注册；触发证据：当前 Lua 源码无字面引用（可能由动态变量、资源/引擎路径触发，或为保留定义）,客户端原声钩子 + 服务器回传 ATTACK 后的 client-safe CanHitTarget 等价校验与原版材质解析,原版 Controller Vibration=ON；Mod=ON；活动手柄已连接；非暂停；同事件/实体/实例短窗去重；空间距离过滤,PLAYER 以 Sim.SetListener 三维位置进行世界空间平滑衰减，默认近—远 5–26 单位；超距归零，可由 Spatial Reach 缩放,Impact 原版 WAV RMS 包络（约 0.5 s）+ 原版材质/尺寸/利钝系数,中高：挥空被过滤；NPC 服务端隐藏护甲/AOE 特例无法由纯客户端完全获知
122,dontstarve/impacts/impact_vegetable_med_sharp,PLAYER,1.0,True,1.0,False,155,1,0,haptics.lua 第 155 行注册；触发证据：当前 Lua 源码无字面引用（可能由动态变量、资源/引擎路径触发，或为保留定义）,客户端原声钩子 + 服务器回传 ATTACK 后的 client-safe CanHitTarget 等价校验与原版材质解析,原版 Controller Vibration=ON；Mod=ON；活动手柄已连接；非暂停；同事件/实体/实例短窗去重；空间距离过滤,PLAYER 以 Sim.SetListener 三维位置进行世界空间平滑衰减，默认近—远 5–26 单位；超距归零，可由 Spatial Reach 缩放,Impact 原版 WAV RMS 包络（约 0.5 s）+ 原版材质/尺寸/利钝系数,中高：挥空被过滤；NPC 服务端隐藏护甲/AOE 特例无法由纯客户端完全获知
123,dontstarve/impacts/impact_vegetable_sml_dull,PLAYER,1.0,True,1.0,False,156,1,0,haptics.lua 第 156 行注册；触发证据：当前 Lua 源码无字面引用（可能由动态变量、资源/引擎路径触发，或为保留定义）,客户端原声钩子 + 服务器回传 ATTACK 后的 client-safe CanHitTarget 等价校验与原版材质解析,原版 Controller Vibration=ON；Mod=ON；活动手柄已连接；非暂停；同事件/实体/实例短窗去重；空间距离过滤,PLAYER 以 Sim.SetListener 三维位置进行世界空间平滑衰减，默认近—远 5–26 单位；超距归零，可由 Spatial Reach 缩放,Impact 原版 WAV RMS 包络（约 0.5 s）+ 原版材质/尺寸/利钝系数,中高：挥空被过滤；NPC 服务端隐藏护甲/AOE 特例无法由纯客户端完全获知
124,dontstarve/impacts/impact_vegetable_sml_sharp,PLAYER,1.0,True,1.0,False,157,1,0,haptics.lua 第 157 行注册；触发证据：当前 Lua 源码无字面引用（可能由动态变量、资源/引擎路径触发，或为保留定义）,客户端原声钩子 + 服务器回传 ATTACK 后的 client-safe CanHitTarget 等价校验与原版材质解析,原版 Controller Vibration=ON；Mod=ON；活动手柄已连接；非暂停；同事件/实体/实例短窗去重；空间距离过滤,PLAYER 以 Sim.SetListener 三维位置进行世界空间平滑衰减，默认近—远 5–26 单位；超距归零，可由 Spatial Reach 缩放,Impact 原版 WAV RMS 包络（约 0.5 s）+ 原版材质/尺寸/利钝系数,中高：挥空被过滤；NPC 服务端隐藏护甲/AOE 特例无法由纯客户端完全获知
125,dontstarve/impacts/impact_wood_armour_dull,PLAYER,1.0,True,1.0,False,158,1,0,haptics.lua 第 158 行注册；触发证据：当前 Lua 源码无字面引用（可能由动态变量、资源/引擎路径触发，或为保留定义）,客户端原声钩子 + 服务器回传 ATTACK 后的 client-safe CanHitTarget 等价校验与原版材质解析,原版 Controller Vibration=ON；Mod=ON；活动手柄已连接；非暂停；同事件/实体/实例短窗去重；空间距离过滤,PLAYER 以 Sim.SetListener 三维位置进行世界空间平滑衰减，默认近—远 5–26 单位；超距归零，可由 Spatial Reach 缩放,Impact 原版 WAV RMS 包络（约 0.5 s）+ 原版材质/尺寸/利钝系数,中高：挥空被过滤；NPC 服务端隐藏护甲/AOE 特例无法由纯客户端完全获知
126,dontstarve/impacts/impact_wood_armour_sharp,PLAYER,1.0,True,1.0,False,159,1,0,haptics.lua 第 159 行注册；触发证据：当前 Lua 源码无字面引用（可能由动态变量、资源/引擎路径触发，或为保留定义）,客户端原声钩子 + 服务器回传 ATTACK 后的 client-safe CanHitTarget 等价校验与原版材质解析,原版 Controller Vibration=ON；Mod=ON；活动手柄已连接；非暂停；同事件/实体/实例短窗去重；空间距离过滤,PLAYER 以 Sim.SetListener 三维位置进行世界空间平滑衰减，默认近—远 5–26 单位；超距归零，可由 Spatial Reach 缩放,Impact 原版 WAV RMS 包络（约 0.5 s）+ 原版材质/尺寸/利钝系数,中高：挥空被过滤；NPC 服务端隐藏护甲/AOE 特例无法由纯客户端完全获知
127,dontstarve/impacts/impact_wood_wall_dull,PLAYER,1.0,True,1.0,False,160,1,0,haptics.lua 第 160 行注册；触发证据：当前 Lua 源码无字面引用（可能由动态变量、资源/引擎路径触发，或为保留定义）,客户端原声钩子 + 服务器回传 ATTACK 后的 client-safe CanHitTarget 等价校验与原版材质解析,原版 Controller Vibration=ON；Mod=ON；活动手柄已连接；非暂停；同事件/实体/实例短窗去重；空间距离过滤,PLAYER 以 Sim.SetListener 三维位置进行世界空间平滑衰减，默认近—远 5–26 单位；超距归零，可由 Spatial Reach 缩放,Impact 原版 WAV RMS 包络（约 0.5 s）+ 原版材质/尺寸/利钝系数,中高：挥空被过滤；NPC 服务端隐藏护甲/AOE 特例无法由纯客户端完全获知
128,dontstarve/impacts/impact_wood_wall_sharp,PLAYER,1.0,True,1.0,False,161,1,0,haptics.lua 第 161 行注册；触发证据：当前 Lua 源码无字面引用（可能由动态变量、资源/引擎路径触发，或为保留定义）,客户端原声钩子 + 服务器回传 ATTACK 后的 client-safe CanHitTarget 等价校验与原版材质解析,原版 Controller Vibration=ON；Mod=ON；活动手柄已连接；非暂停；同事件/实体/实例短窗去重；空间距离过滤,PLAYER 以 Sim.SetListener 三维位置进行世界空间平滑衰减，默认近—远 5–26 单位；超距归零，可由 Spatial Reach 缩放,Impact 原版 WAV RMS 包络（约 0.5 s）+ 原版材质/尺寸/利钝系数,中高：挥空被过滤；NPC 服务端隐藏护甲/AOE 特例无法由纯客户端完全获知
129,dontstarve/impacts/impact_lunarplant_armour_dull,PLAYER,1.0,True,1.0,False,162,1,0,haptics.lua 第 162 行注册；触发证据：当前 Lua 源码无字面引用（可能由动态变量、资源/引擎路径触发，或为保留定义）,客户端原声钩子 + 服务器回传 ATTACK 后的 client-safe CanHitTarget 等价校验与原版材质解析,原版 Controller Vibration=ON；Mod=ON；活动手柄已连接；非暂停；同事件/实体/实例短窗去重；空间距离过滤,PLAYER 以 Sim.SetListener 三维位置进行世界空间平滑衰减，默认近—远 5–26 单位；超距归零，可由 Spatial Reach 缩放,Impact 原版 WAV RMS 包络（约 0.5 s）+ 原版材质/尺寸/利钝系数,中高：挥空被过滤；NPC 服务端隐藏护甲/AOE 特例无法由纯客户端完全获知
130,dontstarve/impacts/impact_lunarplant_armour_sharp,PLAYER,1.0,True,1.0,False,163,1,0,haptics.lua 第 163 行注册；触发证据：当前 Lua 源码无字面引用（可能由动态变量、资源/引擎路径触发，或为保留定义）,客户端原声钩子 + 服务器回传 ATTACK 后的 client-safe CanHitTarget 等价校验与原版材质解析,原版 Controller Vibration=ON；Mod=ON；活动手柄已连接；非暂停；同事件/实体/实例短窗去重；空间距离过滤,PLAYER 以 Sim.SetListener 三维位置进行世界空间平滑衰减，默认近—远 5–26 单位；超距归零，可由 Spatial Reach 缩放,Impact 原版 WAV RMS 包络（约 0.5 s）+ 原版材质/尺寸/利钝系数,中高：挥空被过滤；NPC 服务端隐藏护甲/AOE 特例无法由纯客户端完全获知
131,dontstarve/impacts/impact_shadowcloth_armour_dull,PLAYER,1.0,True,1.0,False,164,1,0,haptics.lua 第 164 行注册；触发证据：当前 Lua 源码无字面引用（可能由动态变量、资源/引擎路径触发，或为保留定义）,客户端原声钩子 + 服务器回传 ATTACK 后的 client-safe CanHitTarget 等价校验与原版材质解析,原版 Controller Vibration=ON；Mod=ON；活动手柄已连接；非暂停；同事件/实体/实例短窗去重；空间距离过滤,PLAYER 以 Sim.SetListener 三维位置进行世界空间平滑衰减，默认近—远 5–26 单位；超距归零，可由 Spatial Reach 缩放,Impact 原版 WAV RMS 包络（约 0.5 s）+ 原版材质/尺寸/利钝系数,中高：挥空被过滤；NPC 服务端隐藏护甲/AOE 特例无法由纯客户端完全获知
132,dontstarve/impacts/impact_shadowcloth_armour_sharp,PLAYER,1.0,True,1.0,False,165,1,0,haptics.lua 第 165 行注册；触发证据：当前 Lua 源码无字面引用（可能由动态变量、资源/引擎路径触发，或为保留定义）,客户端原声钩子 + 服务器回传 ATTACK 后的 client-safe CanHitTarget 等价校验与原版材质解析,原版 Controller Vibration=ON；Mod=ON；活动手柄已连接；非暂停；同事件/实体/实例短窗去重；空间距离过滤,PLAYER 以 Sim.SetListener 三维位置进行世界空间平滑衰减，默认近—远 5–26 单位；超距归零，可由 Spatial Reach 缩放,Impact 原版 WAV RMS 包络（约 0.5 s）+ 原版材质/尺寸/利钝系数,中高：挥空被过滤；NPC 服务端隐藏护甲/AOE 特例无法由纯客户端完全获知
133,dontstarve/wilson/cook,PLAYER,1.0,True,1.0,True,168,1,2,"haptics.lua 第 168 行注册；触发证据：components/cooker.lua:40 sound_inst.SoundEmitter:PlaySound(""dontstarve/wilson/cook"")；components/trapfumaroleburning.lua:123 trap.SoundEmitter:PlaySound(""dontstarve/wilson/cook"")",客户端可见的同名 SoundEmitter 调用由钩子处理；纯服务端直接复制声音无法被 Lua 通用枚举,原版 Controller Vibration=ON；Mod=ON；活动手柄已连接；非暂停；同事件/实体/实例短窗去重；本地玩家归属过滤,要求 emitter entity == ThePlayer；原版明确由本地 FrontEnd/FocalPoint 发出的事件视为监听者本地上下文；其它玩家/NPC 过滤,通用单脉冲包络,条件覆盖：事件表语义完整，触发可观察性由引擎路径决定
134,dontstarve/wilson/eat,PLAYER,1.0,True,1.0,True,169,1,5,"haptics.lua 第 169 行注册；触发证据：stategraphs/SGhermitcrab.lua:1823 inst.SoundEmitter:PlaySound(""dontstarve/wilson/eat"", ""eating"")；stategraphs/SGhermitcrab.lua:1903 inst.SoundEmitter:PlaySound(""dontstarve/wilson/eat"", ""eating"")；stategraphs/SGwilson.lua:221 inst.SoundEmitter:PlaySound(inst.sg.statemem.isdrink and ""dontstarve/wilson/sip"" or ""dontstarve/wilson/eat"", ""eating"")；另 2 处",客户端可见的同名 SoundEmitter 调用由钩子处理；纯服务端直接复制声音无法被 Lua 通用枚举,原版 Controller Vibration=ON；Mod=ON；活动手柄已连接；非暂停；同事件/实体/实例短窗去重；本地玩家归属过滤,要求 emitter entity == ThePlayer；原版明确由本地 FrontEnd/FocalPoint 发出的事件视为监听者本地上下文；其它玩家/NPC 过滤,通用单脉冲包络,条件覆盖：事件表语义完整，触发可观察性由引擎路径决定
135,dontstarve/wilson/make_trap,PLAYER,1.0,True,1.0,True,172,1,42,"haptics.lua 第 172 行注册；触发证据：stategraphs/SGdaywalker2.lua:859 inst.SoundEmitter:PlaySound(""dontstarve/wilson/make_trap"", ""rummage"")；stategraphs/SGhermitcrab.lua:2295 inst.SoundEmitter:PlaySound(""dontstarve/wilson/make_trap"", ""make"")；stategraphs/SGhermitcrab.lua:2348 inst.SoundEmitter:PlaySound(""dontstarve/wilson/make_trap"", ""make"")；另 39 处",客户端 Lua 路径由 SoundEmitter 钩子精确处理；服务端直接复制路径依赖同事件是否也有客户端回调,原版 Controller Vibration=ON；Mod=ON；活动手柄已连接；非暂停；同事件/实体/实例短窗去重；本地玩家归属过滤,要求 emitter entity == ThePlayer；原版明确由本地 FrontEnd/FocalPoint 发出的事件视为监听者本地上下文；其它玩家/NPC 过滤,通用单脉冲包络,混合：客户端路径精确，纯服务端路径存在引擎可观察性限制
136,dontstarve/wilson/attack_whoosh,PLAYER,1.0,True,1.0,True,175,1,50,"haptics.lua 第 175 行注册；触发证据：prefabs/pillow_equipment.lua:155 inst.SoundEmitter:PlaySound(""dontstarve/wilson/attack_whoosh"")；stategraphs/SGdaywalker2.lua:1277 inst.SoundEmitter:PlaySound(""dontstarve/wilson/attack_whoosh"")；stategraphs/SGhermitcrab.lua:2431 inst.SoundEmitter:PlaySound(""dontstarve/wilson/attack_whoosh"")；另 47 处",客户端 Lua 路径由 SoundEmitter 钩子精确处理；服务端直接复制路径依赖同事件是否也有客户端回调,原版 Controller Vibration=ON；Mod=ON；活动手柄已连接；非暂停；同事件/实体/实例短窗去重；本地玩家归属过滤,要求 emitter entity == ThePlayer；原版明确由本地 FrontEnd/FocalPoint 发出的事件视为监听者本地上下文；其它玩家/NPC 过滤,Attack whoosh/weapon 原版 WAV RMS 包络（约 0.7 s 上限）,混合：客户端路径精确，纯服务端路径存在引擎可观察性限制
137,dontstarve/wilson/attack_weapon,PLAYER,1.0,True,1.0,True,176,1,37,"haptics.lua 第 176 行注册；触发证据：stategraphs/SGhermitcrab.lua:2422 inst.SoundEmitter:PlaySound(""dontstarve/wilson/attack_weapon"")；stategraphs/SGhermitcrab.lua:2427 inst.SoundEmitter:PlaySound(""dontstarve/wilson/attack_weapon"")；stategraphs/SGwilson.lua:544 inst.SoundEmitter:PlaySound(""dontstarve/wilson/attack_weapon"")；另 34 处",客户端 Lua 路径由 SoundEmitter 钩子精确处理；服务端直接复制路径依赖同事件是否也有客户端回调,原版 Controller Vibration=ON；Mod=ON；活动手柄已连接；非暂停；同事件/实体/实例短窗去重；本地玩家归属过滤,要求 emitter entity == ThePlayer；原版明确由本地 FrontEnd/FocalPoint 发出的事件视为监听者本地上下文；其它玩家/NPC 过滤,Attack whoosh/weapon 原版 WAV RMS 包络（约 0.7 s 上限）,混合：客户端路径精确，纯服务端路径存在引擎可观察性限制
138,dontstarve/wilson/attack_icestaff,PLAYER,1.0,True,1.0,False,177,1,4,"haptics.lua 第 177 行注册；触发证据：stategraphs/SGwilson.lua:55 return ""dontstarve/wilson/attack_icestaff""；stategraphs/SGwilson_client.lua:17 return ""dontstarve/wilson/attack_icestaff""；stategraphs/SGwx78_possessedbody.lua:13 return ""dontstarve/wilson/attack_icestaff""；另 1 处",客户端 Lua 路径由 SoundEmitter 钩子精确处理；服务端直接复制路径依赖同事件是否也有客户端回调,原版 Controller Vibration=ON；Mod=ON；活动手柄已连接；非暂停；同事件/实体/实例短窗去重；空间距离过滤,PLAYER 以 Sim.SetListener 三维位置进行世界空间平滑衰减，默认近—远 5–26 单位；超距归零，可由 Spatial Reach 缩放,挥动/攻击双脉冲包络,混合：客户端路径精确，纯服务端路径存在引擎可观察性限制
139,dontstarve/wilson/attack_firestaff,PLAYER,1.0,True,1.0,False,178,1,14,"haptics.lua 第 178 行注册；触发证据：stategraphs/SGwilson.lua:10746 (equip:HasTag(""firestaff"") and ""dontstarve/wilson/attack_firestaff"") or；stategraphs/SGwilson.lua:10756 (equip:HasTag(""firestaff"") and ""dontstarve/wilson/attack_firestaff"") or；stategraphs/SGwilson.lua:10833 (equip:HasTag(""firestaff"") and ""dontstarve/wilson/attack_firestaff"") or；另 11 处",客户端 Lua 路径由 SoundEmitter 钩子精确处理；服务端直接复制路径依赖同事件是否也有客户端回调,原版 Controller Vibration=ON；Mod=ON；活动手柄已连接；非暂停；同事件/实体/实例短窗去重；空间距离过滤,PLAYER 以 Sim.SetListener 三维位置进行世界空间平滑衰减，默认近—远 5–26 单位；超距归零，可由 Spatial Reach 缩放,挥动/攻击双脉冲包络,混合：客户端路径精确，纯服务端路径存在引擎可观察性限制
140,dontstarve/wilson/attack_nightsword,PLAYER,1.0,True,1.0,False,179,1,6,"haptics.lua 第 179 行注册；触发证据：stategraphs/SGshadowwaxwell.lua:516 inst.SoundEmitter:PlaySound(""dontstarve/wilson/attack_nightsword"")；stategraphs/SGshadowwaxwell.lua:1277 inst.SoundEmitter:PlaySound(""dontstarve/wilson/attack_nightsword"")；stategraphs/SGwilson.lua:10843 (equip:HasTag(""shadow"") and ""dontstarve/wilson/attack_nightsword"") or；另 3 处",客户端 Lua 路径由 SoundEmitter 钩子精确处理；服务端直接复制路径依赖同事件是否也有客户端回调,原版 Controller Vibration=ON；Mod=ON；活动手柄已连接；非暂停；同事件/实体/实例短窗去重；空间距离过滤,PLAYER 以 Sim.SetListener 三维位置进行世界空间平滑衰减，默认近—远 5–26 单位；超距归零，可由 Spatial Reach 缩放,挥动/攻击双脉冲包络,混合：客户端路径精确，纯服务端路径存在引擎可观察性限制
141,wickerbottom_rework/firepen/launch,PLAYER,1.0,True,1.0,False,180,1,14,"haptics.lua 第 180 行注册；触发证据：stategraphs/SGwilson.lua:10747 (equip:HasTag(""firepen"") and ""wickerbottom_rework/firepen/launch"") or；stategraphs/SGwilson.lua:10757 (equip:HasTag(""firepen"") and ""wickerbottom_rework/firepen/launch"") or；stategraphs/SGwilson.lua:10834 (equip:HasTag(""firepen"") and ""wickerbottom_rework/firepen/launch"") or；另 11 处",客户端 Lua 路径由 SoundEmitter 钩子精确处理；服务端直接复制路径依赖同事件是否也有客户端回调,原版 Controller Vibration=ON；Mod=ON；活动手柄已连接；非暂停；同事件/实体/实例短窗去重；空间距离过滤,PLAYER 以 Sim.SetListener 三维位置进行世界空间平滑衰减，默认近—远 5–26 单位；超距归零，可由 Spatial Reach 缩放,通用单脉冲包络,混合：客户端路径精确，纯服务端路径存在引擎可观察性限制
142,dontstarve/wilson/blowdart_shoot,PLAYER,1.0,True,1.0,False,181,1,9,"haptics.lua 第 181 行注册；触发证据：stategraphs/SGwalrus.lua:182 TimeEvent(17*FRAMES, function(inst) inst.SoundEmitter:PlaySound(""dontstarve/wilson/blowdart_shoot"") end),；stategraphs/SGwilson.lua:10418 inst.SoundEmitter:PlaySound(""dontstarve/wilson/blowdart_shoot"", nil, nil, true)；stategraphs/SGwilson.lua:10429 inst.SoundEmitter:PlaySound(""dontstarve/wilson/blowdart_shoot"", nil, nil, true)；另 6 处",客户端 Lua 路径由 SoundEmitter 钩子精确处理；服务端直接复制路径依赖同事件是否也有客户端回调,原版 Controller Vibration=ON；Mod=ON；活动手柄已连接；非暂停；同事件/实体/实例短窗去重；空间距离过滤,PLAYER 以 Sim.SetListener 三维位置进行世界空间平滑衰减，默认近—远 5–26 单位；超距归零，可由 Spatial Reach 缩放,通用单脉冲包络,混合：客户端路径精确，纯服务端路径存在引擎可观察性限制
143,dontstarve/wilson/boomerang_catch,PLAYER,1.0,True,1.0,False,182,1,3,"haptics.lua 第 182 行注册；触发证据：stategraphs/SGhermitcrab.lua:2742 inst.SoundEmitter:PlaySound(""dontstarve/wilson/boomerang_catch"")；stategraphs/SGwilson.lua:10695 inst.SoundEmitter:PlaySound(""dontstarve/wilson/boomerang_catch"")；stategraphs/SGwilson.lua:18755 inst.SoundEmitter:PlaySound(""dontstarve/wilson/boomerang_catch"")",客户端可见的同名 SoundEmitter 调用由钩子处理；纯服务端直接复制声音无法被 Lua 通用枚举,原版 Controller Vibration=ON；Mod=ON；活动手柄已连接；非暂停；同事件/实体/实例短窗去重；空间距离过滤,PLAYER 以 Sim.SetListener 三维位置进行世界空间平滑衰减，默认近—远 5–26 单位；超距归零，可由 Spatial Reach 缩放,通用单脉冲包络,条件覆盖：事件表语义完整，触发可观察性由引擎路径决定
144,dontstarve/wilson/hit_animal,PLAYER,1.0,True,1.0,False,184,1,4,"haptics.lua 第 184 行注册；触发证据：prefabs/birds.lua:356 inst.components.health.murdersound = ""dontstarve/wilson/hit_animal""；prefabs/birds_mutant.lua:186 inst.components.health.murdersound = ""dontstarve/wilson/hit_animal""；prefabs/birds_mutant_rift.lua:189 inst.components.health.murdersound = ""dontstarve/wilson/hit_animal""；另 1 处",客户端可见的同名 SoundEmitter 调用由钩子处理；纯服务端直接复制声音无法被 Lua 通用枚举,原版 Controller Vibration=ON；Mod=ON；活动手柄已连接；非暂停；同事件/实体/实例短窗去重；空间距离过滤,PLAYER 以 Sim.SetListener 三维位置进行世界空间平滑衰减，默认近—远 5–26 单位；超距归零，可由 Spatial Reach 缩放,危险/受击三段衰减包络,条件覆盖：事件表语义完整，触发可观察性由引擎路径决定
145,dontstarve/wilson/hit_armour,PLAYER,1.0,True,1.0,False,185,1,6,"haptics.lua 第 185 行注册；触发证据：prefabs/armor_grass.lua:7 owner.SoundEmitter:PlaySound(""dontstarve/wilson/hit_armour"")；prefabs/armor_ruins.lua:9 owner.SoundEmitter:PlaySound(""dontstarve/wilson/hit_armour"")；prefabs/armor_snurtleshell.lua:7 owner.SoundEmitter:PlaySound(""dontstarve/wilson/hit_armour"")；另 3 处",客户端可见的同名 SoundEmitter 调用由钩子处理；纯服务端直接复制声音无法被 Lua 通用枚举,原版 Controller Vibration=ON；Mod=ON；活动手柄已连接；非暂停；同事件/实体/实例短窗去重；空间距离过滤,PLAYER 以 Sim.SetListener 三维位置进行世界空间平滑衰减，默认近—远 5–26 单位；超距归零，可由 Spatial Reach 缩放,危险/受击三段衰减包络,条件覆盖：事件表语义完整，触发可观察性由引擎路径决定
146,dontstarve/wilson/hit_marble,PLAYER,1.0,True,1.0,False,186,1,2,"haptics.lua 第 186 行注册；触发证据：prefabs/armor_marble.lua:7 owner.SoundEmitter:PlaySound(""dontstarve/wilson/hit_marble"")；prefabs/armor_rocky.lua:7 owner.SoundEmitter:PlaySound(""dontstarve/wilson/hit_marble"")",客户端可见的同名 SoundEmitter 调用由钩子处理；纯服务端直接复制声音无法被 Lua 通用枚举,原版 Controller Vibration=ON；Mod=ON；活动手柄已连接；非暂停；同事件/实体/实例短窗去重；空间距离过滤,PLAYER 以 Sim.SetListener 三维位置进行世界空间平滑衰减，默认近—远 5–26 单位；超距归零，可由 Spatial Reach 缩放,危险/受击三段衰减包络,条件覆盖：事件表语义完整，触发可观察性由引擎路径决定
147,dontstarve/wilson/hit_metal,PLAYER,1.0,True,1.0,False,187,1,2,"haptics.lua 第 187 行注册；触发证据：prefabs/wintersfeastoven.lua:24 hit = ""dontstarve/wilson/hit_metal"",；stategraphs/SGrat_gym.lua:212 TimeEvent(0 * FRAMES, function(inst) inst.SoundEmitter:PlaySound(""dontstarve/wilson/hit_metal"") end),",客户端可见的同名 SoundEmitter 调用由钩子处理；纯服务端直接复制声音无法被 Lua 通用枚举,原版 Controller Vibration=ON；Mod=ON；活动手柄已连接；非暂停；同事件/实体/实例短窗去重；空间距离过滤,PLAYER 以 Sim.SetListener 三维位置进行世界空间平滑衰减，默认近—远 5–26 单位；超距归零，可由 Spatial Reach 缩放,危险/受击三段衰减包络,条件覆盖：事件表语义完整，触发可观察性由引擎路径决定
148,dontstarve/wilson/hit_nightarmour,PLAYER,1.0,True,1.0,False,188,1,1,"haptics.lua 第 188 行注册；触发证据：prefabs/armor_sanity.lua:7 owner.SoundEmitter:PlaySound(""dontstarve/wilson/hit_nightarmour"")",客户端可见的同名 SoundEmitter 调用由钩子处理；纯服务端直接复制声音无法被 Lua 通用枚举,原版 Controller Vibration=ON；Mod=ON；活动手柄已连接；非暂停；同事件/实体/实例短窗去重；空间距离过滤,PLAYER 以 Sim.SetListener 三维位置进行世界空间平滑衰减，默认近—远 5–26 单位；超距归零，可由 Spatial Reach 缩放,危险/受击三段衰减包络,条件覆盖：事件表语义完整，触发可观察性由引擎路径决定
149,dontstarve/wilson/hit_scalemail,PLAYER,1.0,True,1.0,False,189,1,1,"haptics.lua 第 189 行注册；触发证据：prefabs/armor_dragonfly.lua:10 owner.SoundEmitter:PlaySound(""dontstarve/wilson/hit_scalemail"")",客户端可见的同名 SoundEmitter 调用由钩子处理；纯服务端直接复制声音无法被 Lua 通用枚举,原版 Controller Vibration=ON；Mod=ON；活动手柄已连接；非暂停；同事件/实体/实例短窗去重；空间距离过滤,PLAYER 以 Sim.SetListener 三维位置进行世界空间平滑衰减，默认近—远 5–26 单位；超距归零，可由 Spatial Reach 缩放,危险/受击三段衰减包络,条件覆盖：事件表语义完整，触发可观察性由引擎路径决定
150,dontstarve/wilson/hit_stone,PLAYER,1.0,True,1.0,False,190,1,0,haptics.lua 第 190 行注册；触发证据：当前 Lua 源码无字面引用（可能由动态变量、资源/引擎路径触发，或为保留定义）,事件仍动态入索引；出现客户端 SoundEmitter 调用时自动处理,原版 Controller Vibration=ON；Mod=ON；活动手柄已连接；非暂停；同事件/实体/实例短窗去重；空间距离过滤,PLAYER 以 Sim.SetListener 三维位置进行世界空间平滑衰减，默认近—远 5–26 单位；超距归零，可由 Spatial Reach 缩放,危险/受击三段衰减包络,保留未来/动态入口；当前源码无字面触发点，不能伪造触发
151,dontstarve/wilson/hit_straw,PLAYER,1.0,True,1.0,False,191,1,0,haptics.lua 第 191 行注册；触发证据：当前 Lua 源码无字面引用（可能由动态变量、资源/引擎路径触发，或为保留定义）,事件仍动态入索引；出现客户端 SoundEmitter 调用时自动处理,原版 Controller Vibration=ON；Mod=ON；活动手柄已连接；非暂停；同事件/实体/实例短窗去重；空间距离过滤,PLAYER 以 Sim.SetListener 三维位置进行世界空间平滑衰减，默认近—远 5–26 单位；超距归零，可由 Spatial Reach 缩放,危险/受击三段衰减包络,保留未来/动态入口；当前源码无字面触发点，不能伪造触发
152,dontstarve/wilson/hit_unbreakable,PLAYER,1.0,True,1.0,False,192,1,0,haptics.lua 第 192 行注册；触发证据：当前 Lua 源码无字面引用（可能由动态变量、资源/引擎路径触发，或为保留定义）,事件仍动态入索引；出现客户端 SoundEmitter 调用时自动处理,原版 Controller Vibration=ON；Mod=ON；活动手柄已连接；非暂停；同事件/实体/实例短窗去重；空间距离过滤,PLAYER 以 Sim.SetListener 三维位置进行世界空间平滑衰减，默认近—远 5–26 单位；超距归零，可由 Spatial Reach 缩放,危险/受击三段衰减包络,保留未来/动态入口；当前源码无字面触发点，不能伪造触发
153,dontstarve/wilson/hit_wood,PLAYER,1.0,True,1.0,False,193,1,0,haptics.lua 第 193 行注册；触发证据：当前 Lua 源码无字面引用（可能由动态变量、资源/引擎路径触发，或为保留定义）,事件仍动态入索引；出现客户端 SoundEmitter 调用时自动处理,原版 Controller Vibration=ON；Mod=ON；活动手柄已连接；非暂停；同事件/实体/实例短窗去重；空间距离过滤,PLAYER 以 Sim.SetListener 三维位置进行世界空间平滑衰减，默认近—远 5–26 单位；超距归零，可由 Spatial Reach 缩放,危险/受击三段衰减包络,保留未来/动态入口；当前源码无字面触发点，不能伪造触发
154,dontstarve/wilson/hit_dreadstone,PLAYER,1.0,True,1.0,False,194,1,1,"haptics.lua 第 194 行注册；触发证据：prefabs/armor_dreadstone.lua:7 owner.SoundEmitter:PlaySound(""dontstarve/wilson/hit_dreadstone"")",客户端可见的同名 SoundEmitter 调用由钩子处理；纯服务端直接复制声音无法被 Lua 通用枚举,原版 Controller Vibration=ON；Mod=ON；活动手柄已连接；非暂停；同事件/实体/实例短窗去重；空间距离过滤,PLAYER 以 Sim.SetListener 三维位置进行世界空间平滑衰减，默认近—远 5–26 单位；超距归零，可由 Spatial Reach 缩放,危险/受击三段衰减包络,条件覆盖：事件表语义完整，触发可观察性由引擎路径决定
155,dontstarve/common/whip_pre,PLAYER,1.0,True,1.0,False,196,1,4,"haptics.lua 第 196 行注册；触发证据：stategraphs/SGwilson.lua:10785 inst.SoundEmitter:PlaySound(""dontstarve/common/whip_pre"", nil, nil, true)；stategraphs/SGwilson_client.lua:5051 inst.SoundEmitter:PlaySound(""dontstarve/common/whip_pre"", nil, nil, true)；stategraphs/SGwx78_possessedbody.lua:1019 inst.SoundEmitter:PlaySound(""dontstarve/common/whip_pre"", nil, nil, true)；另 1 处",客户端 Lua 路径由 SoundEmitter 钩子精确处理；服务端直接复制路径依赖同事件是否也有客户端回调,原版 Controller Vibration=ON；Mod=ON；活动手柄已连接；非暂停；同事件/实体/实例短窗去重；空间距离过滤,PLAYER 以 Sim.SetListener 三维位置进行世界空间平滑衰减，默认近—远 5–26 单位；超距归零，可由 Spatial Reach 缩放,通用单脉冲包络,混合：客户端路径精确，纯服务端路径存在引擎可观察性限制
156,dontstarve/common/whip_small,PLAYER,1.0,True,1.0,False,197,1,2,"haptics.lua 第 197 行注册；触发证据：prefabs/bullkelp_root.lua:45 target.SoundEmitter:PlaySound(""dontstarve/common/whip_small"")；prefabs/whip.lua:87 target.SoundEmitter:PlaySound(inst.skin_sound_small or ""dontstarve/common/whip_small"")",客户端可见的同名 SoundEmitter 调用由钩子处理；纯服务端直接复制声音无法被 Lua 通用枚举,原版 Controller Vibration=ON；Mod=ON；活动手柄已连接；非暂停；同事件/实体/实例短窗去重；空间距离过滤,PLAYER 以 Sim.SetListener 三维位置进行世界空间平滑衰减，默认近—远 5–26 单位；超距归零，可由 Spatial Reach 缩放,通用单脉冲包络,条件覆盖：事件表语义完整，触发可观察性由引擎路径决定
157,dontstarve/common/whip_large,PLAYER,1.0,True,1.0,False,198,1,3,"haptics.lua 第 198 行注册；触发证据：prefabs/whip.lua:83 target.SoundEmitter:PlaySound(inst.skin_sound_large or ""dontstarve/common/whip_large"")；stategraphs/SGhermitcrab.lua:2417 inst.SoundEmitter:PlaySound(""dontstarve/common/whip_large"")；stategraphs/SGwilson.lua:8552 inst.SoundEmitter:PlaySound(""dontstarve/common/whip_large"")",客户端可见的同名 SoundEmitter 调用由钩子处理；纯服务端直接复制声音无法被 Lua 通用枚举,原版 Controller Vibration=ON；Mod=ON；活动手柄已连接；非暂停；同事件/实体/实例短窗去重；空间距离过滤,PLAYER 以 Sim.SetListener 三维位置进行世界空间平滑衰减，默认近—远 5–26 单位；超距归零，可由 Spatial Reach 缩放,通用单脉冲包络,条件覆盖：事件表语义完整，触发可观察性由引擎路径决定
158,dontstarve/creatures/spat/spit_playerstruggle,PLAYER,1.0,True,1.0,False,201,1,2,"haptics.lua 第 201 行注册；触发证据：stategraphs/SGwilson.lua:19152 inst.SoundEmitter:PlaySound(""dontstarve/creatures/spat/spit_playerstruggle"", ""struggling"")；stategraphs/SGwx78_possessedbody.lua:2904 inst.SoundEmitter:PlaySound(""dontstarve/creatures/spat/spit_playerstruggle"", ""struggling"")",客户端可见的同名 SoundEmitter 调用由钩子处理；纯服务端直接复制声音无法被 Lua 通用枚举,原版 Controller Vibration=ON；Mod=ON；活动手柄已连接；非暂停；同事件/实体/实例短窗去重；空间距离过滤,PLAYER 以 Sim.SetListener 三维位置进行世界空间平滑衰减，默认近—远 5–26 单位；超距归零，可由 Spatial Reach 缩放,通用单脉冲包络,条件覆盖：事件表语义完整，触发可观察性由引擎路径决定
159,dontstarve/creatures/spat/spit_playerunstuck,PLAYER,1.0,True,1.0,False,202,1,3,"haptics.lua 第 202 行注册；触发证据：stategraphs/SGmolebat.lua:246 inst.SoundEmitter:PlaySound(""dontstarve/creatures/spat/spit_playerunstuck"")；stategraphs/SGwilson.lua:19249 inst.SoundEmitter:PlaySound(""dontstarve/creatures/spat/spit_playerunstuck"")；stategraphs/SGwx78_possessedbody.lua:2985 inst.SoundEmitter:PlaySound(""dontstarve/creatures/spat/spit_playerunstuck"")",客户端可见的同名 SoundEmitter 调用由钩子处理；纯服务端直接复制声音无法被 Lua 通用枚举,原版 Controller Vibration=ON；Mod=ON；活动手柄已连接；非暂停；同事件/实体/实例短窗去重；空间距离过滤,PLAYER 以 Sim.SetListener 三维位置进行世界空间平滑衰减，默认近—远 5–26 单位；超距归零，可由 Spatial Reach 缩放,通用单脉冲包络,条件覆盖：事件表语义完整，触发可观察性由引擎路径决定
160,dontstarve/common/plant,PLAYER,2.0,True,1.0,False,205,1,16,"haptics.lua 第 205 行注册；触发证据：actions.lua:5511 new_weed.SoundEmitter:PlaySound(""dontstarve/common/plant"")；components/farmplantable.lua:20 plant.SoundEmitter:PlaySound(""dontstarve/common/plant"")；prefabs/bullkelp_root.lua:61 deployer.SoundEmitter:PlaySound(""dontstarve/common/plant"")；另 13 处",客户端可见的同名 SoundEmitter 调用由钩子处理；纯服务端直接复制声音无法被 Lua 通用枚举,原版 Controller Vibration=ON；Mod=ON；活动手柄已连接；非暂停；同事件/实体/实例短窗去重；空间距离过滤,PLAYER 以 Sim.SetListener 三维位置进行世界空间平滑衰减，默认近—远 5–26 单位；超距归零，可由 Spatial Reach 缩放,工具双脉冲包络,条件覆盖：事件表语义完整，触发可观察性由引擎路径决定
161,dontstarve/common/tool_slip,PLAYER,1.0,True,1.0,False,206,1,2,"haptics.lua 第 206 行注册；触发证据：stategraphs/SGhermitcrab.lua:3739 inst.SoundEmitter:PlaySound(""dontstarve/common/tool_slip"")；stategraphs/SGwilson.lua:14956 inst.SoundEmitter:PlaySound(""dontstarve/common/tool_slip"")",客户端可见的同名 SoundEmitter 调用由钩子处理；纯服务端直接复制声音无法被 Lua 通用枚举,原版 Controller Vibration=ON；Mod=ON；活动手柄已连接；非暂停；同事件/实体/实例短窗去重；空间距离过滤,PLAYER 以 Sim.SetListener 三维位置进行世界空间平滑衰减，默认近—远 5–26 单位；超距归零，可由 Spatial Reach 缩放,通用单脉冲包络,条件覆盖：事件表语义完整，触发可观察性由引擎路径决定
162,dontstarve/wilson/dig,PLAYER,1.0,True,1.0,False,207,1,13,"haptics.lua 第 207 行注册；触发证据：prefabs/turfs.lua:11 deployer.SoundEmitter:PlaySound(""dontstarve/wilson/dig"")；stategraphs/SGhermitcrab.lua:1484 inst.SoundEmitter:PlaySound(""dontstarve/wilson/dig"")；stategraphs/SGhermitcrab.lua:1553 inst.SoundEmitter:PlaySound(tool ~= nil and tool.overridebugnetsound or ""dontstarve/wilson/dig"")；另 10 处",客户端原声钩子 + player_classified performaction 回传后的工作事件解析,原版 Controller Vibration=ON；Mod=ON；活动手柄已连接；非暂停；同事件/实体/实例短窗去重；空间距离过滤,PLAYER 以 Sim.SetListener 三维位置进行世界空间平滑衰减，默认近—远 5–26 单位；超距归零，可由 Spatial Reach 缩放,Dig 原版 WAV RMS 包络（约 0.3 s）,高：取消/失败动作不震；目标特殊材质按原版标签选择
163,dontstarve/wilson/equip_item,PLAYER,1.0,True,1.0,False,208,1,1,"haptics.lua 第 208 行注册；触发证据：prefabs/player_common.lua:493 TheFocalPoint.SoundEmitter:PlaySound(""dontstarve/wilson/equip_item"")",客户端可见的同名 SoundEmitter 调用由钩子处理；纯服务端直接复制声音无法被 Lua 通用枚举,原版 Controller Vibration=ON；Mod=ON；活动手柄已连接；非暂停；同事件/实体/实例短窗去重；空间距离过滤,PLAYER 以 Sim.SetListener 三维位置进行世界空间平滑衰减，默认近—远 5–26 单位；超距归零，可由 Spatial Reach 缩放,通用单脉冲包络,条件覆盖：事件表语义完整，触发可观察性由引擎路径决定
164,dontstarve/wilson/equip_item_gold,PLAYER,1.0,True,1.0,False,209,1,7,"haptics.lua 第 209 行注册；触发证据：prefabs/axe.lua:147 data.owner.SoundEmitter:PlaySound(""dontstarve/wilson/equip_item_gold"")；prefabs/farm_hoe.lua:148 data.owner.SoundEmitter:PlaySound(""dontstarve/wilson/equip_item_gold"")；prefabs/pickaxe.lua:136 data.owner.SoundEmitter:PlaySound(""dontstarve/wilson/equip_item_gold"")；另 4 处",客户端可见的同名 SoundEmitter 调用由钩子处理；纯服务端直接复制声音无法被 Lua 通用枚举,原版 Controller Vibration=ON；Mod=ON；活动手柄已连接；非暂停；同事件/实体/实例短窗去重；空间距离过滤,PLAYER 以 Sim.SetListener 三维位置进行世界空间平滑衰减，默认近—远 5–26 单位；超距归零，可由 Spatial Reach 缩放,通用单脉冲包络,条件覆盖：事件表语义完整，触发可观察性由引擎路径决定
165,dontstarve/wilson/plant_seeds,PLAYER,2.0,True,1.0,False,210,1,4,"haptics.lua 第 210 行注册；触发证据：prefabs/farmplot.lua:329 inst.components.grower.onplantfn = function() inst.SoundEmitter:PlaySound(""dontstarve/wilson/plant_seeds"") end；prefabs/seeds.lua:136 --plant.SoundEmitter:PlaySound(""dontstarve/wilson/plant_seeds"")；prefabs/veggies.lua:192 --plant.SoundEmitter:PlaySound(""dontstarve/wilson/plant_seeds"")；另 1 处",客户端可见的同名 SoundEmitter 调用由钩子处理；纯服务端直接复制声音无法被 Lua 通用枚举,原版 Controller Vibration=ON；Mod=ON；活动手柄已连接；非暂停；同事件/实体/实例短窗去重；空间距离过滤,PLAYER 以 Sim.SetListener 三维位置进行世界空间平滑衰减，默认近—远 5–26 单位；超距归零，可由 Spatial Reach 缩放,工具双脉冲包络,条件覆盖：事件表语义完整，触发可观察性由引擎路径决定
166,dontstarve/wilson/plant_tree,PLAYER,2.0,True,1.0,False,211,1,10,"haptics.lua 第 211 行注册；触发证据：prefabs/acorn.lua:20 sapling.SoundEmitter:PlaySound(""dontstarve/wilson/plant_tree"")；prefabs/ancienttrees.lua:141 sapling.SoundEmitter:PlaySound(""dontstarve/wilson/plant_tree"")；prefabs/ancienttree_seed.lua:32 sapling.SoundEmitter:PlaySound(""dontstarve/wilson/plant_tree"")；另 7 处",客户端可见的同名 SoundEmitter 调用由钩子处理；纯服务端直接复制声音无法被 Lua 通用枚举,原版 Controller Vibration=ON；Mod=ON；活动手柄已连接；非暂停；同事件/实体/实例短窗去重；空间距离过滤,PLAYER 以 Sim.SetListener 三维位置进行世界空间平滑衰减，默认近—远 5–26 单位；超距归零，可由 Spatial Reach 缩放,工具双脉冲包络,条件覆盖：事件表语义完整，触发可观察性由引擎路径决定
167,dontstarve/wilson/rock_break,PLAYER,1.0,True,1.0,False,212,1,9,"haptics.lua 第 212 行注册；触发证据：prefabs/chesspieces.lua:170 inst.SoundEmitter:PlaySound(""dontstarve/wilson/rock_break"")；prefabs/gargoyles.lua:43 inst.SoundEmitter:PlaySound(""dontstarve/wilson/rock_break"")；prefabs/gargoyles.lua:99 inst.SoundEmitter:PlaySound(""dontstarve/wilson/rock_break"")；另 6 处",客户端可见的同名 SoundEmitter 调用由钩子处理；纯服务端直接复制声音无法被 Lua 通用枚举,原版 Controller Vibration=ON；Mod=ON；活动手柄已连接；非暂停；同事件/实体/实例短窗去重；空间距离过滤,PLAYER 以 Sim.SetListener 三维位置进行世界空间平滑衰减，默认近—远 5–26 单位；超距归零，可由 Spatial Reach 缩放,通用单脉冲包络,条件覆盖：事件表语义完整，触发可观察性由引擎路径决定
168,dontstarve/wilson/use_armour_break,PLAYER,1.0,True,1.0,False,213,1,3,"haptics.lua 第 213 行注册；触发证据：stategraphs/SGhermitcrab.lua:3769 inst.SoundEmitter:PlaySound(""dontstarve/wilson/use_armour_break"")；stategraphs/SGwilson.lua:14988 inst.SoundEmitter:PlaySound(""dontstarve/wilson/use_armour_break"")；stategraphs/SGwx78_possessedbody.lua:2382 inst.SoundEmitter:PlaySound(""dontstarve/wilson/use_armour_break"")",客户端可见的同名 SoundEmitter 调用由钩子处理；纯服务端直接复制声音无法被 Lua 通用枚举,原版 Controller Vibration=ON；Mod=ON；活动手柄已连接；非暂停；同事件/实体/实例短窗去重；空间距离过滤,PLAYER 以 Sim.SetListener 三维位置进行世界空间平滑衰减，默认近—远 5–26 单位；超距归零，可由 Spatial Reach 缩放,通用单脉冲包络,条件覆盖：事件表语义完整，触发可观察性由引擎路径决定
169,dontstarve/wilson/use_axe_tree,PLAYER,1.0,True,1.0,False,214,1,29,"haptics.lua 第 214 行注册；触发证据：prefabs/ancienttrees.lua:242 ""dontstarve/wilson/use_axe_tree""；prefabs/carnival_plaza.lua:36 ""dontstarve/wilson/use_axe_tree""；prefabs/cave_banana_tree.lua:58 inst.SoundEmitter:PlaySound(""dontstarve/wilson/use_axe_tree"")；另 26 处",客户端原声钩子 + player_classified performaction 回传后的工作事件解析,原版 Controller Vibration=ON；Mod=ON；活动手柄已连接；非暂停；同事件/实体/实例短窗去重；空间距离过滤,PLAYER 以 Sim.SetListener 三维位置进行世界空间平滑衰减，默认近—远 5–26 单位；超距归零，可由 Spatial Reach 缩放,Chop tree 原版 WAV RMS 包络（约 0.2 s）,高：取消/失败动作不震；目标特殊材质按原版标签选择
170,dontstarve/wilson/use_axe_mushroom,PLAYER,1.0,True,1.0,False,215,1,4,"haptics.lua 第 215 行注册；触发证据：prefabs/mushtree.lua:489 inst.SoundEmitter:PlaySound(""dontstarve/wilson/use_axe_mushroom"")；prefabs/mushtree_moon.lua:157 inst.SoundEmitter:PlaySound(""dontstarve/wilson/use_axe_mushroom"")；prefabs/mushtree_webbed.lua:172 inst.SoundEmitter:PlaySound(""dontstarve/wilson/use_axe_mushroom"")；另 1 处",客户端原声钩子 + player_classified performaction 回传后的工作事件解析,原版 Controller Vibration=ON；Mod=ON；活动手柄已连接；非暂停；同事件/实体/实例短窗去重；空间距离过滤,PLAYER 以 Sim.SetListener 三维位置进行世界空间平滑衰减，默认近—远 5–26 单位；超距归零，可由 Spatial Reach 缩放,Chop mushtree 原版 WAV RMS 包络（约 0.2 s）,高：取消/失败动作不震；目标特殊材质按原版标签选择
171,dontstarve/wilson/use_break,PLAYER,1.0,True,1.0,False,216,1,6,"haptics.lua 第 216 行注册；触发证据：prefabs/daywalker2.lua:389 inst.SoundEmitter:PlaySound(""dontstarve/wilson/use_break"")；prefabs/daywalker2.lua:769 inst.SoundEmitter:PlaySound(""dontstarve/wilson/use_break"")；stategraphs/SGdaywalker2.lua:2300 inst.SoundEmitter:PlaySound(""dontstarve/wilson/use_break"")；另 3 处",客户端可见的同名 SoundEmitter 调用由钩子处理；纯服务端直接复制声音无法被 Lua 通用枚举,原版 Controller Vibration=ON；Mod=ON；活动手柄已连接；非暂停；同事件/实体/实例短窗去重；空间距离过滤,PLAYER 以 Sim.SetListener 三维位置进行世界空间平滑衰减，默认近—远 5–26 单位；超距归零，可由 Spatial Reach 缩放,通用单脉冲包络,条件覆盖：事件表语义完整，触发可观察性由引擎路径决定
172,dontstarve/wilson/use_bugnet,PLAYER,1.0,True,1.0,False,217,1,3,"haptics.lua 第 217 行注册；触发证据：stategraphs/SGhermitcrab.lua:1543 inst.SoundEmitter:PlaySound(""dontstarve/wilson/use_bugnet"", nil, nil, true)；stategraphs/SGwilson.lua:6111 inst.SoundEmitter:PlaySound(""dontstarve/wilson/use_bugnet"", nil, nil, true)；stategraphs/SGwilson_client.lua:2430 inst.SoundEmitter:PlaySound(""dontstarve/wilson/use_bugnet"", nil, nil, true)",客户端 Lua 路径由 SoundEmitter 钩子精确处理；服务端直接复制路径依赖同事件是否也有客户端回调,原版 Controller Vibration=ON；Mod=ON；活动手柄已连接；非暂停；同事件/实体/实例短窗去重；空间距离过滤,PLAYER 以 Sim.SetListener 三维位置进行世界空间平滑衰减，默认近—远 5–26 单位；超距归零，可由 Spatial Reach 缩放,通用单脉冲包络,混合：客户端路径精确，纯服务端路径存在引擎可观察性限制
173,dontstarve/wilson/use_gemstaff,PLAYER,1.0,True,1.0,False,218,1,3,"haptics.lua 第 218 行注册；触发证据：prefabs/deer_fx.lua:358 inst.SoundEmitter:PlaySound(""dontstarve/wilson/use_gemstaff"")；stategraphs/SGwilson.lua:16065 inst.sg.statemem.castsound = staff.skin_castsound or staff.castsound or ""dontstarve/wilson/use_gemstaff""；stategraphs/SGwilson.lua:16067 inst.sg.statemem.castsound = ""dontstarve/wilson/use_gemstaff""",客户端可见的同名 SoundEmitter 调用由钩子处理；纯服务端直接复制声音无法被 Lua 通用枚举,原版 Controller Vibration=ON；Mod=ON；活动手柄已连接；非暂停；同事件/实体/实例短窗去重；空间距离过滤,PLAYER 以 Sim.SetListener 三维位置进行世界空间平滑衰减，默认近—远 5–26 单位；超距归零，可由 Spatial Reach 缩放,通用单脉冲包络,条件覆盖：事件表语义完整，触发可观察性由引擎路径决定
174,dontstarve/wilson/use_pick_rock,PLAYER,1.0,True,1.0,False,219,1,1,"haptics.lua 第 219 行注册；触发证据：stategraphs/commonstates.lua:2464 ""dontstarve/wilson/use_pick_rock""",客户端原声钩子 + player_classified performaction 回传后的工作事件解析,原版 Controller Vibration=ON；Mod=ON；活动手柄已连接；非暂停；同事件/实体/实例短窗去重；空间距离过滤,PLAYER 以 Sim.SetListener 三维位置进行世界空间平滑衰减，默认近—远 5–26 单位；超距归零，可由 Spatial Reach 缩放,Pickaxe rock 原版 WAV RMS 包络（约 0.8 s）,高：取消/失败动作不震；目标特殊材质按原版标签选择
175,dontstarve/wilson/use_umbrella_down,PLAYER,1.0,True,1.0,False,220,1,0,haptics.lua 第 220 行注册；触发证据：当前 Lua 源码无字面引用（可能由动态变量、资源/引擎路径触发，或为保留定义）,事件仍动态入索引；出现客户端 SoundEmitter 调用时自动处理,原版 Controller Vibration=ON；Mod=ON；活动手柄已连接；非暂停；同事件/实体/实例短窗去重；空间距离过滤,PLAYER 以 Sim.SetListener 三维位置进行世界空间平滑衰减，默认近—远 5–26 单位；超距归零，可由 Spatial Reach 缩放,通用单脉冲包络,保留未来/动态入口；当前源码无字面触发点，不能伪造触发
176,dontstarve/wilson/use_umbrella_up,PLAYER,1.0,True,1.0,False,221,1,0,haptics.lua 第 221 行注册；触发证据：当前 Lua 源码无字面引用（可能由动态变量、资源/引擎路径触发，或为保留定义）,事件仍动态入索引；出现客户端 SoundEmitter 调用时自动处理,原版 Controller Vibration=ON；Mod=ON；活动手柄已连接；非暂停；同事件/实体/实例短窗去重；空间距离过滤,PLAYER 以 Sim.SetListener 三维位置进行世界空间平滑衰减，默认近—远 5–26 单位；超距归零，可由 Spatial Reach 缩放,通用单脉冲包络,保留未来/动态入口；当前源码无字面触发点，不能伪造触发
177,dontstarve/characters/woodie/beaver_chop_tree,PLAYER,1.0,True,1.0,False,222,1,15,"haptics.lua 第 222 行注册；触发证据：prefabs/ancienttrees.lua:241 ""dontstarve/characters/woodie/beaver_chop_tree"" or；prefabs/carnival_plaza.lua:35 ""dontstarve/characters/woodie/beaver_chop_tree"" or；prefabs/deciduoustrees.lua:432 ""dontstarve/characters/woodie/beaver_chop_tree"" or；另 12 处",客户端原声钩子 + player_classified performaction 回传后的工作事件解析,原版 Controller Vibration=ON；Mod=ON；活动手柄已连接；非暂停；同事件/实体/实例短窗去重；空间距离过滤,PLAYER 以 Sim.SetListener 三维位置进行世界空间平滑衰减，默认近—远 5–26 单位；超距归零，可由 Spatial Reach 缩放,Chop tree 原版 WAV RMS 包络（约 0.2 s）,高：取消/失败动作不震；目标特殊材质按原版标签选择
178,farming/common/watering_can/use,PLAYER,1.0,True,1.0,False,223,1,1,"haptics.lua 第 223 行注册；触发证据：stategraphs/SGwilson.lua:20259 inst.SoundEmitter:PlaySound(""farming/common/watering_can/use"")",客户端可见的同名 SoundEmitter 调用由钩子处理；纯服务端直接复制声音无法被 Lua 通用枚举,原版 Controller Vibration=ON；Mod=ON；活动手柄已连接；非暂停；同事件/实体/实例短窗去重；空间距离过滤,PLAYER 以 Sim.SetListener 三维位置进行世界空间平滑衰减，默认近—远 5–26 单位；超距归零，可由 Spatial Reach 缩放,通用单脉冲包络,条件覆盖：事件表语义完整，触发可观察性由引擎路径决定
179,dontstarve/common/dropGeneric,PLAYER,1.0,True,1.0,False,224,1,4,"haptics.lua 第 224 行注册；触发证据：prefabs/carnivalgame_golf_tee.lua:107 inst.SoundEmitter:PlaySound(""dontstarve/common/dropGeneric"")；prefabs/player_common.lua:506 inst.SoundEmitter:PlaySound(""dontstarve/common/dropGeneric"")；prefabs/sharkboi.lua:369 inst.SoundEmitter:PlaySound(""dontstarve/common/dropGeneric"")；另 1 处",客户端可见的同名 SoundEmitter 调用由钩子处理；纯服务端直接复制声音无法被 Lua 通用枚举,原版 Controller Vibration=ON；Mod=ON；活动手柄已连接；非暂停；同事件/实体/实例短窗去重；空间距离过滤,PLAYER 以 Sim.SetListener 三维位置进行世界空间平滑衰减，默认近—远 5–26 单位；超距归零，可由 Spatial Reach 缩放,通用单脉冲包络,条件覆盖：事件表语义完整，触发可观察性由引擎路径决定
180,turnoftides/common/together/moon_glass/mine,PLAYER,1.0,True,1.0,False,225,1,3,"haptics.lua 第 225 行注册；触发证据：fx.lua:2480 sound = ""turnoftides/common/together/moon_glass/mine"",；stategraphs/commonstates.lua:2463 ((moonglass or crystal) and ""turnoftides/common/together/moon_glass/mine"") or；stategraphs/SGwilson.lua:20604 inst.SoundEmitter:PlaySound(""turnoftides/common/together/moon_glass/mine"")",客户端原声钩子 + player_classified performaction 回传后的工作事件解析,原版 Controller Vibration=ON；Mod=ON；活动手柄已连接；非暂停；同事件/实体/实例短窗去重；空间距离过滤,PLAYER 以 Sim.SetListener 三维位置进行世界空间平滑衰减，默认近—远 5–26 单位；超距归零，可由 Spatial Reach 缩放,Moonglass mine 原版 WAV RMS 包络（约 0.5 s）,高：取消/失败动作不震；目标特殊材质按原版标签选择
181,turnoftides/common/together/moon_glass/break,PLAYER,1.0,True,1.0,False,226,1,2,"haptics.lua 第 226 行注册；触发证据：prefabs/alterguardian_phase2spike.lua:268 inst.SoundEmitter:PlaySound(""turnoftides/common/together/moon_glass/break"",nil,.25)；prefabs/gestalt_guard_evolved.lua:297 inst.SoundEmitter:PlaySound(""turnoftides/common/together/moon_glass/break"")",客户端可见的同名 SoundEmitter 调用由钩子处理；纯服务端直接复制声音无法被 Lua 通用枚举,原版 Controller Vibration=ON；Mod=ON；活动手柄已连接；非暂停；同事件/实体/实例短窗去重；空间距离过滤,PLAYER 以 Sim.SetListener 三维位置进行世界空间平滑衰减，默认近—远 5–26 单位；超距归零，可由 Spatial Reach 缩放,通用单脉冲包络,条件覆盖：事件表语义完整，触发可观察性由引擎路径决定
182,dontstarve_DLC001/common/iceboulder_hit,PLAYER,1.0,True,1.0,False,227,1,16,"haptics.lua 第 227 行注册；触发证据：fx.lua:3525 inst.SoundEmitter:PlaySoundWithParams(""dontstarve_DLC001/common/iceboulder_hit"")；fx.lua:3527 i.SoundEmitter:PlaySoundWithParams(""dontstarve_DLC001/common/iceboulder_hit"", {intensity=0.1})；fx.lua:3530 i.SoundEmitter:PlaySoundWithParams(""dontstarve_DLC001/common/iceboulder_hit"", {intensity=0.1})；另 13 处",客户端原声钩子 + player_classified performaction 回传后的工作事件解析,原版 Controller Vibration=ON；Mod=ON；活动手柄已连接；非暂停；同事件/实体/实例短窗去重；空间距离过滤,PLAYER 以 Sim.SetListener 三维位置进行世界空间平滑衰减，默认近—远 5–26 单位；超距归零，可由 Spatial Reach 缩放,Mine ice 原版 WAV RMS 包络（约 1.0 s）,高：取消/失败动作不震；目标特殊材质按原版标签选择
183,dontstarve_DLC001/common/iceboulder_smash,BOSS,1.0,True,1.0,False,399,2,8,"haptics.lua 第 399 行注册；触发证据：fx.lua:3277 sound = ""dontstarve_DLC001/common/iceboulder_smash"",；prefabs/crabking_icewall.lua:35 inst.SoundEmitter:PlaySound(""dontstarve_DLC001/common/iceboulder_smash"")；prefabs/rock_ice.lua:207 inst.SoundEmitter:PlaySound(""dontstarve_DLC001/common/iceboulder_smash"")；另 5 处",客户端可见的同名 SoundEmitter 调用由钩子处理；纯服务端直接复制声音无法被 Lua 通用枚举,原版 Controller Vibration=ON；Mod=ON；活动手柄已连接；非暂停；同事件/实体/实例短窗去重；空间距离过滤,BOSS 以 Sim.SetListener 三维位置进行世界空间平滑衰减，默认近—远 12–64 单位；超距归零，可由 Spatial Reach 缩放,爆炸/重击三段冲击包络,条件覆盖：事件表语义完整，触发可观察性由引擎路径决定
184,rifts6/rock_tree/chop_normal,PLAYER,1.0,True,1.0,False,229,1,1,"haptics.lua 第 229 行注册；触发证据：prefabs/tree_rocks.lua:596 inst.SoundEmitter:PlaySound(""rifts6/rock_tree/chop_normal"")",客户端原声钩子 + player_classified performaction 回传后的工作事件解析,原版 Controller Vibration=ON；Mod=ON；活动手柄已连接；非暂停；同事件/实体/实例短窗去重；空间距离过滤,PLAYER 以 Sim.SetListener 三维位置进行世界空间平滑衰减，默认近—远 5–26 单位；超距归零，可由 Spatial Reach 缩放,Chop tree 原版 WAV RMS 包络（约 0.2 s）,高：取消/失败动作不震；目标特殊材质按原版标签选择
185,dontstarve/common/fishingpole_linebreak,PLAYER,1.0,True,1.0,False,232,1,2,"haptics.lua 第 232 行注册；触发证据：stategraphs/SGhermitcrab.lua:3606 inst.SoundEmitter:PlaySound(""dontstarve/common/fishingpole_linebreak"")；stategraphs/SGwilson.lua:14123 inst.SoundEmitter:PlaySound(""dontstarve/common/fishingpole_linebreak"")",客户端可见的同名 SoundEmitter 调用由钩子处理；纯服务端直接复制声音无法被 Lua 通用枚举,原版 Controller Vibration=ON；Mod=ON；活动手柄已连接；非暂停；同事件/实体/实例短窗去重；空间距离过滤,PLAYER 以 Sim.SetListener 三维位置进行世界空间平滑衰减，默认近—远 5–26 单位；超距归零，可由 Spatial Reach 缩放,通用单脉冲包络,条件覆盖：事件表语义完整，触发可观察性由引擎路径决定
186,dontstarve/common/fishingpole_sethook,PLAYER,1.0,True,1.0,False,233,1,0,haptics.lua 第 233 行注册；触发证据：当前 Lua 源码无字面引用（可能由动态变量、资源/引擎路径触发，或为保留定义）,事件仍动态入索引；出现客户端 SoundEmitter 调用时自动处理,原版 Controller Vibration=ON；Mod=ON；活动手柄已连接；非暂停；同事件/实体/实例短窗去重；空间距离过滤,PLAYER 以 Sim.SetListener 三维位置进行世界空间平滑衰减，默认近—远 5–26 单位；超距归零，可由 Spatial Reach 缩放,通用单脉冲包络,保留未来/动态入口；当前源码无字面触发点，不能伪造触发
187,dontstarve/common/fishpole_reel_in1_LP,PLAYER,1.0,True,1.0,False,234,1,3,"haptics.lua 第 234 行注册；触发证据：stategraphs/SGhermitcrab.lua:3416 --inst.SoundEmitter:PlaySound(""dontstarve/common/fishpole_reel_in1_LP"", ""unreel_loop"") -- SFX WIP；stategraphs/SGhermitcrab.lua:3511 --inst.SoundEmitter:PlaySound(""dontstarve/common/fishpole_reel_in1_LP"", ""sethook_loop"") -- SFX WIP；stategraphs/SGwilson.lua:13984 inst.SoundEmitter:PlaySound(""dontstarve/common/fishpole_reel_in1_LP"", ""reel_loop"")",SoundEmitter 具名循环钩子；PlayingSound、SetParameter、SetVolume、KillSound/KillAllSounds 驱动,原版 Controller Vibration=ON；Mod=ON；活动手柄已连接；非暂停；同事件/实体/实例短窗去重；空间距离过滤,PLAYER 以 Sim.SetListener 三维位置进行世界空间平滑衰减，默认近—远 5–26 单位；超距归零，可由 Spatial Reach 缩放,具名循环：85 ms 更新、100 ms 连续脉冲；KillSound/音量/实体/暂停/卸载控制生命周期,高（客户端 Lua 可见循环）；已验证参数逐事件映射，未知参数保持中性
188,dontstarve/common/fishpole_strain,PLAYER,1.0,True,1.0,False,235,1,2,"haptics.lua 第 235 行注册；触发证据：stategraphs/SGwilson.lua:13931 inst.SoundEmitter:PlaySound(""dontstarve/common/fishpole_strain"", ""unreel_loop"")；stategraphs/SGwilson.lua:13942 inst.SoundEmitter:PlaySound(""dontstarve/common/fishpole_strain"", ""unreel_loop"")",客户端可见的同名 SoundEmitter 调用由钩子处理；纯服务端直接复制声音无法被 Lua 通用枚举,原版 Controller Vibration=ON；Mod=ON；活动手柄已连接；非暂停；同事件/实体/实例短窗去重；空间距离过滤,PLAYER 以 Sim.SetListener 三维位置进行世界空间平滑衰减，默认近—远 5–26 单位；超距归零，可由 Spatial Reach 缩放,通用单脉冲包络,条件覆盖：事件表语义完整，触发可观察性由引擎路径决定
189,dontstarve/common/fishingpole_cast_ocean,PLAYER,1.0,True,1.0,False,236,1,1,"haptics.lua 第 236 行注册；触发证据：stategraphs/SGwilson.lua:13876 inst.SoundEmitter:PlaySound(""dontstarve/common/fishingpole_cast_ocean"")",客户端可见的同名 SoundEmitter 调用由钩子处理；纯服务端直接复制声音无法被 Lua 通用枚举,原版 Controller Vibration=ON；Mod=ON；活动手柄已连接；非暂停；同事件/实体/实例短窗去重；空间距离过滤,PLAYER 以 Sim.SetListener 三维位置进行世界空间平滑衰减，默认近—远 5–26 单位；超距归零，可由 Spatial Reach 缩放,通用单脉冲包络,条件覆盖：事件表语义完整，触发可观察性由引擎路径决定
190,turnoftides/common/together/boat/mast/sail_up,PLAYER,1.0,True,1.0,False,239,1,12,"haptics.lua 第 239 行注册；触发证据：stategraphs/SGwilson.lua:21441 inst.SoundEmitter:PlaySound(""turnoftides/common/together/boat/mast/sail_up"")；stategraphs/SGwilson.lua:21444 inst.SoundEmitter:PlaySound(""turnoftides/common/together/boat/mast/sail_up"")；stategraphs/SGwilson.lua:21447 inst.SoundEmitter:PlaySound(""turnoftides/common/together/boat/mast/sail_up"")；另 9 处",客户端可见的同名 SoundEmitter 调用由钩子处理；纯服务端直接复制声音无法被 Lua 通用枚举,原版 Controller Vibration=ON；Mod=ON；活动手柄已连接；非暂停；同事件/实体/实例短窗去重；空间距离过滤,PLAYER 以 Sim.SetListener 三维位置进行世界空间平滑衰减，默认近—远 5–26 单位；超距归零，可由 Spatial Reach 缩放,通用单脉冲包络,条件覆盖：事件表语义完整，触发可观察性由引擎路径决定
191,turnoftides/common/together/boat/mast/sail_down,PLAYER,1.0,True,1.0,False,240,1,2,"haptics.lua 第 240 行注册；触发证据：stategraphs/SGwilson.lua:21380 inst.SoundEmitter:PlaySound(""turnoftides/common/together/boat/mast/sail_down"")；stategraphs/SGwx78_possessedbody.lua:3215 inst.SoundEmitter:PlaySound(""turnoftides/common/together/boat/mast/sail_down"")",客户端可见的同名 SoundEmitter 调用由钩子处理；纯服务端直接复制声音无法被 Lua 通用枚举,原版 Controller Vibration=ON；Mod=ON；活动手柄已连接；非暂停；同事件/实体/实例短窗去重；空间距离过滤,PLAYER 以 Sim.SetListener 三维位置进行世界空间平滑衰减，默认近—远 5–26 单位；超距归零，可由 Spatial Reach 缩放,通用单脉冲包络,条件覆盖：事件表语义完整，触发可观察性由引擎路径决定
192,turnoftides/common/together/boat/jump_on,PLAYER,1.0,True,1.0,False,241,1,5,"haptics.lua 第 241 行注册；触发证据：stategraphs/SGchester.lua:704 SoundFrameEvent(0, ""turnoftides/common/together/boat/jump_on_small""),；stategraphs/SGplayer_hosted.lua:987 CommonStates.AddHopStates(states, true, hop_anims, hop_timelines, ""turnoftides/common/together/boat/jump_on"", landed_in_falling_state, {start_embarking_pre_frame = 4*FRAMES})；stategraphs/SGwilson.lua:28704 return not inst.sg:HasStateTag(""teetering"") and ""turnoftides/common/together/boat/jump_on"" or nil；另 2 处",客户端 Lua 路径由 SoundEmitter 钩子精确处理；服务端直接复制路径依赖同事件是否也有客户端回调,原版 Controller Vibration=ON；Mod=ON；活动手柄已连接；非暂停；同事件/实体/实例短窗去重；空间距离过滤,PLAYER 以 Sim.SetListener 三维位置进行世界空间平滑衰减，默认近—远 5–26 单位；超距归零，可由 Spatial Reach 缩放,通用单脉冲包络,混合：客户端路径精确，纯服务端路径存在引擎可观察性限制
193,dontstarve/wilson/flute_LP,PLAYER,1.0,True,1.0,False,244,1,1,"haptics.lua 第 244 行注册；触发证据：stategraphs/SGwilson.lua:9225 inst.SoundEmitter:PlaySound(inst.sg.statemem.sound or ""dontstarve/wilson/flute_LP"", ""flute"")",SoundEmitter 具名循环钩子；PlayingSound、SetParameter、SetVolume、KillSound/KillAllSounds 驱动,原版 Controller Vibration=ON；Mod=ON；活动手柄已连接；非暂停；同事件/实体/实例短窗去重；空间距离过滤,PLAYER 以 Sim.SetListener 三维位置进行世界空间平滑衰减，默认近—远 5–26 单位；超距归零，可由 Spatial Reach 缩放,具名循环：85 ms 更新、100 ms 连续脉冲；KillSound/音量/实体/暂停/卸载控制生命周期,高（客户端 Lua 可见循环）；已验证参数逐事件映射，未知参数保持中性
194,dontstarve/common/horn_beefalo,PLAYER,1.0,True,1.0,False,245,1,1,"haptics.lua 第 245 行注册；触发证据：stategraphs/SGwilson.lua:9279 inst.SoundEmitter:PlaySound(inst.sg.statemem.sound or ""dontstarve/common/horn_beefalo"")",客户端可见的同名 SoundEmitter 调用由钩子处理；纯服务端直接复制声音无法被 Lua 通用枚举,原版 Controller Vibration=ON；Mod=ON；活动手柄已连接；非暂停；同事件/实体/实例短窗去重；空间距离过滤,PLAYER 以 Sim.SetListener 三维位置进行世界空间平滑衰减，默认近—远 5–26 单位；超距归零，可由 Spatial Reach 缩放,通用单脉冲包络,条件覆盖：事件表语义完整，触发可观察性由引擎路径决定
195,dontstarve/common/together/houndwhistle,PLAYER,1.0,True,1.0,False,246,1,1,"haptics.lua 第 246 行注册；触发证据：stategraphs/SGwilson.lua:9370 inst.SoundEmitter:PlaySound(inst.sg.statemem.sound or ""dontstarve/common/together/houndwhistle"")",客户端可见的同名 SoundEmitter 调用由钩子处理；纯服务端直接复制声音无法被 Lua 通用枚举,原版 Controller Vibration=ON；Mod=ON；活动手柄已连接；非暂停；同事件/实体/实例短窗去重；空间距离过滤,PLAYER 以 Sim.SetListener 三维位置进行世界空间平滑衰减，默认近—远 5–26 单位；超距归零，可由 Spatial Reach 缩放,通用单脉冲包络,条件覆盖：事件表语义完整，触发可观察性由引擎路径决定
196,dontstarve_DLC001/common/glommer_bell,PLAYER,1.0,True,1.0,False,247,1,1,"haptics.lua 第 247 行注册；触发证据：stategraphs/SGwilson.lua:9330 inst.SoundEmitter:PlaySound(inst.sg.statemem.sound or ""dontstarve_DLC001/common/glommer_bell"")",客户端可见的同名 SoundEmitter 调用由钩子处理；纯服务端直接复制声音无法被 Lua 通用枚举,原版 Controller Vibration=ON；Mod=ON；活动手柄已连接；非暂停；同事件/实体/实例短窗去重；空间距离过滤,PLAYER 以 Sim.SetListener 三维位置进行世界空间平滑衰减，默认近—远 5–26 单位；超距归零，可由 Spatial Reach 缩放,通用单脉冲包络,条件覆盖：事件表语义完整，触发可观察性由引擎路径决定
197,hookline_2/characters/trident_attack,PLAYER,1.0,True,1.0,False,248,1,1,"haptics.lua 第 248 行注册；触发证据：stategraphs/SGwilson.lua:9810 TimeEvent(23 * FRAMES, function(inst) inst.SoundEmitter:PlaySound(""hookline_2/characters/trident_attack"") end),",客户端可见的同名 SoundEmitter 调用由钩子处理；纯服务端直接复制声音无法被 Lua 通用枚举,原版 Controller Vibration=ON；Mod=ON；活动手柄已连接；非暂停；同事件/实体/实例短窗去重；空间距离过滤,PLAYER 以 Sim.SetListener 三维位置进行世界空间平滑衰减，默认近—远 5–26 单位；超距归零，可由 Spatial Reach 缩放,通用单脉冲包络,条件覆盖：事件表语义完整，触发可观察性由引擎路径决定
198,rifts6/vault_portal/teleport_fx,PLAYER,1.0,True,1.0,False,251,1,2,"haptics.lua 第 251 行注册；触发证据：prefabs/vault_orb_refined.lua:88 inst.crushitemcast_sound = ""rifts6/vault_portal/teleport_fx""；prefabs/vault_teleporter.lua:493 inst.SoundEmitter:PlaySound(""rifts6/vault_portal/teleport_fx"")",客户端可见的同名 SoundEmitter 调用由钩子处理；纯服务端直接复制声音无法被 Lua 通用枚举,原版 Controller Vibration=ON；Mod=ON；活动手柄已连接；非暂停；同事件/实体/实例短窗去重；空间距离过滤,PLAYER 以 Sim.SetListener 三维位置进行世界空间平滑衰减，默认近—远 5–26 单位；超距归零，可由 Spatial Reach 缩放,通用单脉冲包络,条件覆盖：事件表语义完整，触发可观察性由引擎路径决定
199,rifts6/vault_portal/teleport_arrive_FX,PLAYER,1.0,True,1.0,False,252,1,2,"haptics.lua 第 252 行注册；触发证据：prefabs/vault_orb_refined.lua:29 doer.SoundEmitter:PlaySound(""rifts6/vault_portal/teleport_arrive_FX"")；prefabs/vault_teleporter.lua:497 inst.SoundEmitter:PlaySound(""rifts6/vault_portal/teleport_arrive_FX"")",客户端可见的同名 SoundEmitter 调用由钩子处理；纯服务端直接复制声音无法被 Lua 通用枚举,原版 Controller Vibration=ON；Mod=ON；活动手柄已连接；非暂停；同事件/实体/实例短窗去重；空间距离过滤,PLAYER 以 Sim.SetListener 三维位置进行世界空间平滑衰减，默认近—远 5–26 单位；超距归零，可由 Spatial Reach 缩放,通用单脉冲包络,条件覆盖：事件表语义完整，触发可观察性由引擎路径决定
200,dontstarve/characters/walter/slingshot/stretch,PLAYER,1.0,True,1.0,True,256,1,3,"haptics.lua 第 256 行注册；触发证据：stategraphs/SGwilson.lua:18218 inst.SoundEmitter:PlaySound(""dontstarve/characters/walter/slingshot/stretch"")；stategraphs/SGwilson.lua:18422 inst.SoundEmitter:PlaySound(""dontstarve/characters/walter/slingshot/stretch"")；stategraphs/SGwilson.lua:18613 inst.SoundEmitter:PlaySound(""dontstarve/characters/walter/slingshot/stretch"")",客户端可见的同名 SoundEmitter 调用由钩子处理；纯服务端直接复制声音无法被 Lua 通用枚举,原版 Controller Vibration=ON；Mod=ON；活动手柄已连接；非暂停；同事件/实体/实例短窗去重；本地玩家归属过滤,要求 emitter entity == ThePlayer；原版明确由本地 FrontEnd/FocalPoint 发出的事件视为监听者本地上下文；其它玩家/NPC 过滤,通用单脉冲包络,条件覆盖：事件表语义完整，触发可观察性由引擎路径决定
201,dontstarve/characters/walter/slingshot/shoot,PLAYER,1.0,True,1.0,True,257,1,3,"haptics.lua 第 257 行注册；触发证据：stategraphs/SGwilson.lua:18321 inst.SoundEmitter:PlaySound(""dontstarve/characters/walter/slingshot/shoot"")；stategraphs/SGwilson.lua:18500 inst.SoundEmitter:PlaySound(""dontstarve/characters/walter/slingshot/shoot"")；stategraphs/SGwilson.lua:18510 inst.SoundEmitter:PlaySound(""dontstarve/characters/walter/slingshot/shoot"")",客户端可见的同名 SoundEmitter 调用由钩子处理；纯服务端直接复制声音无法被 Lua 通用枚举,原版 Controller Vibration=ON；Mod=ON；活动手柄已连接；非暂停；同事件/实体/实例短窗去重；本地玩家归属过滤,要求 emitter entity == ThePlayer；原版明确由本地 FrontEnd/FocalPoint 发出的事件视为监听者本地上下文；其它玩家/NPC 过滤,通用单脉冲包络,条件覆盖：事件表语义完整，触发可观察性由引擎路径决定
202,meta5/walter/finger_whistle,PLAYER,1.0,True,1.0,True,258,1,1,"haptics.lua 第 258 行注册；触发证据：stategraphs/SGwilson.lua:25415 FrameEvent(15, function(inst) inst.SoundEmitter:PlaySound(""meta5/walter/finger_whistle"") end),",客户端可见的同名 SoundEmitter 调用由钩子处理；纯服务端直接复制声音无法被 Lua 通用枚举,原版 Controller Vibration=ON；Mod=ON；活动手柄已连接；非暂停；同事件/实体/实例短窗去重；本地玩家归属过滤,要求 emitter entity == ThePlayer；原版明确由本地 FrontEnd/FocalPoint 发出的事件视为监听者本地上下文；其它玩家/NPC 过滤,通用单脉冲包络,条件覆盖：事件表语义完整，触发可观察性由引擎路径决定
203,wanda1/wanda/jump_whoosh,PLAYER,1.0,True,1.0,True,261,1,8,"haptics.lua 第 261 行注册；触发证据：stategraphs/SGplayer_hosted.lua:645 inst.SoundEmitter:PlaySound(""wanda1/wanda/jump_whoosh"")；stategraphs/SGplayer_hosted.lua:653 inst.SoundEmitter:PlaySound(""wanda1/wanda/jump_whoosh"")；stategraphs/SGwilson.lua:15545 inst.SoundEmitter:PlaySound(""wanda1/wanda/jump_whoosh"")；另 5 处",客户端可见的同名 SoundEmitter 调用由钩子处理；纯服务端直接复制声音无法被 Lua 通用枚举,原版 Controller Vibration=ON；Mod=ON；活动手柄已连接；非暂停；同事件/实体/实例短窗去重；本地玩家归属过滤,要求 emitter entity == ThePlayer；原版明确由本地 FrontEnd/FocalPoint 发出的事件视为监听者本地上下文；其它玩家/NPC 过滤,挥动/攻击双脉冲包络,条件覆盖：事件表语义完整，触发可观察性由引擎路径决定
204,wanda2/characters/wanda/younger_transition,PLAYER,1.0,True,1.0,True,262,1,3,"haptics.lua 第 262 行注册；触发证据：prefabs/wanda.lua:117 inst.SoundEmitter:PlaySound(""wanda2/characters/wanda/younger_transition"")；prefabs/wanda.lua:148 inst.SoundEmitter:PlaySound(""wanda2/characters/wanda/younger_transition"")；stategraphs/SGwilson.lua:2841 TimeEvent(0*FRAMES, function(inst) inst.SoundEmitter:PlaySound(""wanda2/characters/wanda/younger_transition"") end),",客户端可见的同名 SoundEmitter 调用由钩子处理；纯服务端直接复制声音无法被 Lua 通用枚举,原版 Controller Vibration=ON；Mod=ON；活动手柄已连接；非暂停；同事件/实体/实例短窗去重；本地玩家归属过滤,要求 emitter entity == ThePlayer；原版明确由本地 FrontEnd/FocalPoint 发出的事件视为监听者本地上下文；其它玩家/NPC 过滤,通用单脉冲包络,条件覆盖：事件表语义完整，触发可观察性由引擎路径决定
205,wanda2/characters/wanda/older_transition,PLAYER,1.0,True,1.0,True,263,1,3,"haptics.lua 第 263 行注册；触发证据：prefabs/wanda.lua:82 inst.SoundEmitter:PlaySound(""wanda2/characters/wanda/older_transition"")；prefabs/wanda.lua:112 inst.SoundEmitter:PlaySound(""wanda2/characters/wanda/older_transition"")；stategraphs/SGwilson.lua:2866 TimeEvent(0*FRAMES, function(inst) inst.SoundEmitter:PlaySound(""wanda2/characters/wanda/older_transition"") end),",客户端可见的同名 SoundEmitter 调用由钩子处理；纯服务端直接复制声音无法被 Lua 通用枚举,原版 Controller Vibration=ON；Mod=ON；活动手柄已连接；非暂停；同事件/实体/实例短窗去重；本地玩家归属过滤,要求 emitter entity == ThePlayer；原版明确由本地 FrontEnd/FocalPoint 发出的事件视为监听者本地上下文；其它玩家/NPC 过滤,通用单脉冲包络,条件覆盖：事件表语义完整，触发可观察性由引擎路径决定
206,wanda2/characters/wanda/watch/heal,PLAYER,1.0,True,1.0,True,264,1,1,"haptics.lua 第 264 行注册；触发证据：stategraphs/SGwilson.lua:20311 inst.SoundEmitter:PlaySound(""wanda2/characters/wanda/watch/heal"")",客户端可见的同名 SoundEmitter 调用由钩子处理；纯服务端直接复制声音无法被 Lua 通用枚举,原版 Controller Vibration=ON；Mod=ON；活动手柄已连接；非暂停；同事件/实体/实例短窗去重；本地玩家归属过滤,要求 emitter entity == ThePlayer；原版明确由本地 FrontEnd/FocalPoint 发出的事件视为监听者本地上下文；其它玩家/NPC 过滤,通用单脉冲包络,条件覆盖：事件表语义完整，触发可观察性由引擎路径决定
207,wanda2/characters/wanda/watch/warp,PLAYER,1.0,True,1.0,True,265,1,1,"haptics.lua 第 265 行注册；触发证据：stategraphs/SGwilson.lua:20393 TimeEvent(1*FRAMES, function(inst) inst.SoundEmitter:PlaySound(""wanda2/characters/wanda/watch/warp"") end),",客户端可见的同名 SoundEmitter 调用由钩子处理；纯服务端直接复制声音无法被 Lua 通用枚举,原版 Controller Vibration=ON；Mod=ON；活动手柄已连接；非暂停；同事件/实体/实例短窗去重；本地玩家归属过滤,要求 emitter entity == ThePlayer；原版明确由本地 FrontEnd/FocalPoint 发出的事件视为监听者本地上下文；其它玩家/NPC 过滤,通用单脉冲包络,条件覆盖：事件表语义完整，触发可观察性由引擎路径决定
208,wanda2/characters/wanda/watch/recall,PLAYER,1.0,True,1.0,True,266,1,1,"haptics.lua 第 266 行注册；触发证据：stategraphs/SGwilson.lua:20536 TimeEvent(1*FRAMES, function(inst) inst.SoundEmitter:PlaySound(""wanda2/characters/wanda/watch/recall"")",客户端可见的同名 SoundEmitter 调用由钩子处理；纯服务端直接复制声音无法被 Lua 通用枚举,原版 Controller Vibration=ON；Mod=ON；活动手柄已连接；非暂停；同事件/实体/实例短窗去重；本地玩家归属过滤,要求 emitter entity == ThePlayer；原版明确由本地 FrontEnd/FocalPoint 发出的事件视为监听者本地上下文；其它玩家/NPC 过滤,通用单脉冲包络,条件覆盖：事件表语义完整，触发可观察性由引擎路径决定
209,wanda2/characters/wanda/watch/weapon/pst,PLAYER,1.0,True,1.0,True,267,1,5,"haptics.lua 第 267 行注册；触发证据：stategraphs/SGwilson.lua:8636 inst.SoundEmitter:PlaySound(inst.sg.statemem.ispocketwatch_fueled and ""wanda2/characters/wanda/watch/weapon/pst_shadow"" or ""wanda2/characters/wanda/watch/weapon/pst"")；stategraphs/SGwilson.lua:11002 inst.SoundEmitter:PlaySound(inst.sg.statemem.ispocketwatch_fueled and ""wanda2/characters/wanda/watch/weapon/pst_shadow"" or ""wanda2/characters/wanda/watch/weapon/pst"")；stategraphs/SGwilson_client.lua:5254 inst.SoundEmitter:PlaySound(inst.sg.statemem.ispocketwatch_fueled and ""wanda2/characters/wanda/watch/weapon/pst_shadow"" or ""wanda2/characters/wanda/watch/weapon/pst"")；另 2 处",客户端 Lua 路径由 SoundEmitter 钩子精确处理；服务端直接复制路径依赖同事件是否也有客户端回调,原版 Controller Vibration=ON；Mod=ON；活动手柄已连接；非暂停；同事件/实体/实例短窗去重；本地玩家归属过滤,要求 emitter entity == ThePlayer；原版明确由本地 FrontEnd/FocalPoint 发出的事件视为监听者本地上下文；其它玩家/NPC 过滤,通用单脉冲包络,混合：客户端路径精确，纯服务端路径存在引擎可观察性限制
210,wanda2/characters/wanda/watch/weapon/pst_shadow,PLAYER,1.0,True,1.0,True,268,1,5,"haptics.lua 第 268 行注册；触发证据：stategraphs/SGwilson.lua:8636 inst.SoundEmitter:PlaySound(inst.sg.statemem.ispocketwatch_fueled and ""wanda2/characters/wanda/watch/weapon/pst_shadow"" or ""wanda2/characters/wanda/watch/weapon/pst"")；stategraphs/SGwilson.lua:11002 inst.SoundEmitter:PlaySound(inst.sg.statemem.ispocketwatch_fueled and ""wanda2/characters/wanda/watch/weapon/pst_shadow"" or ""wanda2/characters/wanda/watch/weapon/pst"")；stategraphs/SGwilson_client.lua:5254 inst.SoundEmitter:PlaySound(inst.sg.statemem.ispocketwatch_fueled and ""wanda2/characters/wanda/watch/weapon/pst_shadow"" or ""wanda2/characters/wanda/watch/weapon/pst"")；另 2 处",客户端 Lua 路径由 SoundEmitter 钩子精确处理；服务端直接复制路径依赖同事件是否也有客户端回调,原版 Controller Vibration=ON；Mod=ON；活动手柄已连接；非暂停；同事件/实体/实例短窗去重；本地玩家归属过滤,要求 emitter entity == ThePlayer；原版明确由本地 FrontEnd/FocalPoint 发出的事件视为监听者本地上下文；其它玩家/NPC 过滤,通用单脉冲包络,混合：客户端路径精确，纯服务端路径存在引擎可观察性限制
211,webber1/spiderwhistle/blow,PLAYER,1.0,True,1.0,True,271,1,1,"haptics.lua 第 271 行注册；触发证据：stategraphs/SGwilson.lua:22548 TimeEvent(26 * FRAMES, function(inst) inst.SoundEmitter:PlaySound(""webber1/spiderwhistle/blow"",nil,.8) end),",客户端可见的同名 SoundEmitter 调用由钩子处理；纯服务端直接复制声音无法被 Lua 通用枚举,原版 Controller Vibration=ON；Mod=ON；活动手柄已连接；非暂停；同事件/实体/实例短窗去重；本地玩家归属过滤,要求 emitter entity == ThePlayer；原版明确由本地 FrontEnd/FocalPoint 发出的事件视为监听者本地上下文；其它玩家/NPC 过滤,通用单脉冲包络,条件覆盖：事件表语义完整，触发可观察性由引擎路径决定
212,webber2/common/spider_repellent,PLAYER,1.0,True,1.0,True,272,1,1,"haptics.lua 第 272 行注册；触发证据：stategraphs/SGwilson.lua:22578 TimeEvent(15 * FRAMES, function(inst) inst.SoundEmitter:PlaySound(""webber2/common/spider_repellent"") end),",客户端可见的同名 SoundEmitter 调用由钩子处理；纯服务端直接复制声音无法被 Lua 通用枚举,原版 Controller Vibration=ON；Mod=ON；活动手柄已连接；非暂停；同事件/实体/实例短窗去重；本地玩家归属过滤,要求 emitter entity == ThePlayer；原版明确由本地 FrontEnd/FocalPoint 发出的事件视为监听者本地上下文；其它玩家/NPC 过滤,通用单脉冲包络,条件覆盖：事件表语义完整，触发可观察性由引擎路径决定
213,dontstarve/characters/wendy/summon,PLAYER,1.0,True,1.0,True,275,1,3,"haptics.lua 第 275 行注册；触发证据：stategraphs/SGwilson.lua:9568 TimeEvent(6*FRAMES, function(inst) inst.SoundEmitter:PlaySound(""dontstarve/characters/wendy/summon_pre"") end),；stategraphs/SGwilson.lua:9589 TimeEvent(53*FRAMES, function(inst) inst.SoundEmitter:PlaySound(""dontstarve/characters/wendy/summon"") end),；stategraphs/SGwilson.lua:9667 TimeEvent(6*FRAMES, function(inst) inst.SoundEmitter:PlaySound(""dontstarve/characters/wendy/summon_pre"") end),",客户端可见的同名 SoundEmitter 调用由钩子处理；纯服务端直接复制声音无法被 Lua 通用枚举,原版 Controller Vibration=ON；Mod=ON；活动手柄已连接；非暂停；同事件/实体/实例短窗去重；本地玩家归属过滤,要求 emitter entity == ThePlayer；原版明确由本地 FrontEnd/FocalPoint 发出的事件视为监听者本地上下文；其它玩家/NPC 过滤,通用单脉冲包络,条件覆盖：事件表语义完整，触发可观察性由引擎路径决定
214,meta5/wendy/pour_elixir_f17,PLAYER,1.0,True,1.0,True,276,1,1,"haptics.lua 第 276 行注册；触发证据：stategraphs/SGwilson.lua:24970 inst.SoundEmitter:PlaySound(""meta5/wendy/pour_elixir_f17"")",客户端可见的同名 SoundEmitter 调用由钩子处理；纯服务端直接复制声音无法被 Lua 通用枚举,原版 Controller Vibration=ON；Mod=ON；活动手柄已连接；非暂停；同事件/实体/实例短窗去重；本地玩家归属过滤,要求 emitter entity == ThePlayer；原版明确由本地 FrontEnd/FocalPoint 发出的事件视为监听者本地上下文；其它玩家/NPC 过滤,通用单脉冲包络,条件覆盖：事件表语义完整，触发可观察性由引擎路径决定
215,meta5/wendy/player_drink,PLAYER,1.0,True,1.0,True,277,1,2,"haptics.lua 第 277 行注册；触发证据：play_the_vault.lua:199 VISIONIST = ""meta5/wendy/player_drink""；stategraphs/SGwilson.lua:25031 inst.SoundEmitter:PlaySound(""meta5/wendy/player_drink"", ""drink"")",客户端可见的同名 SoundEmitter 调用由钩子处理；纯服务端直接复制声音无法被 Lua 通用枚举,原版 Controller Vibration=ON；Mod=ON；活动手柄已连接；非暂停；同事件/实体/实例短窗去重；本地玩家归属过滤,要求 emitter entity == ThePlayer；原版明确由本地 FrontEnd/FocalPoint 发出的事件视为监听者本地上下文；其它玩家/NPC 过滤,通用单脉冲包络,条件覆盖：事件表语义完整，触发可观察性由引擎路径决定
216,meta3/willow/pyrokinetic_activate,PLAYER,1.0,True,1.0,True,280,1,1,"haptics.lua 第 280 行注册；触发证据：stategraphs/SGwilson.lua:16848 inst.SoundEmitter:PlaySound(""meta3/willow/pyrokinetic_activate"")",客户端可见的同名 SoundEmitter 调用由钩子处理；纯服务端直接复制声音无法被 Lua 通用枚举,原版 Controller Vibration=ON；Mod=ON；活动手柄已连接；非暂停；同事件/实体/实例短窗去重；本地玩家归属过滤,要求 emitter entity == ThePlayer；原版明确由本地 FrontEnd/FocalPoint 发出的事件视为监听者本地上下文；其它玩家/NPC 过滤,通用单脉冲包络,条件覆盖：事件表语义完整，触发可观察性由引擎路径决定
217,dontstarve/wilson/shave_LP,PLAYER,2.0,True,1.0,True,283,1,2,"haptics.lua 第 283 行注册；触发证据：prefabs/player_common.lua:490 inst.SoundEmitter:PlaySound(""dontstarve/wilson/shave_LP"", ""equipbeard"")；stategraphs/SGwilson.lua:9087 inst.SoundEmitter:PlaySound(""dontstarve/wilson/shave_LP"", ""shave"")",SoundEmitter 具名循环钩子；PlayingSound、SetParameter、SetVolume、KillSound/KillAllSounds 驱动,原版 Controller Vibration=ON；Mod=ON；活动手柄已连接；非暂停；同事件/实体/实例短窗去重；本地玩家归属过滤,要求 emitter entity == ThePlayer；原版明确由本地 FrontEnd/FocalPoint 发出的事件视为监听者本地上下文；其它玩家/NPC 过滤,具名循环：85 ms 更新、100 ms 连续脉冲；KillSound/音量/实体/暂停/卸载控制生命周期,高（客户端 Lua 可见循环）；已验证参数逐事件映射，未知参数保持中性
218,meta4/winona_remote/click,PLAYER,1.0,True,1.0,True,286,1,1,"haptics.lua 第 286 行注册；触发证据：stategraphs/SGwilson.lua:17034 inst.SoundEmitter:PlaySound(""meta4/winona_remote/click"")",客户端可见的同名 SoundEmitter 调用由钩子处理；纯服务端直接复制声音无法被 Lua 通用枚举,原版 Controller Vibration=ON；Mod=ON；活动手柄已连接；非暂停；同事件/实体/实例短窗去重；本地玩家归属过滤,要求 emitter entity == ThePlayer；原版明确由本地 FrontEnd/FocalPoint 发出的事件视为监听者本地上下文；其它玩家/NPC 过滤,通用单脉冲包络,条件覆盖：事件表语义完整，触发可观察性由引擎路径决定
219,meta4/winona_teleumbrella/telaumbrella_out,PLAYER,1.0,True,1.0,True,287,1,1,"haptics.lua 第 287 行注册；触发证据：stategraphs/SGwilson.lua:24570 inst.SoundEmitter:PlaySound(""meta4/winona_teleumbrella/telaumbrella_out"")",客户端可见的同名 SoundEmitter 调用由钩子处理；纯服务端直接复制声音无法被 Lua 通用枚举,原版 Controller Vibration=ON；Mod=ON；活动手柄已连接；非暂停；同事件/实体/实例短窗去重；本地玩家归属过滤,要求 emitter entity == ThePlayer；原版明确由本地 FrontEnd/FocalPoint 发出的事件视为监听者本地上下文；其它玩家/NPC 过滤,通用单脉冲包络,条件覆盖：事件表语义完整，触发可观察性由引擎路径决定
220,wolfgang2/characters/wolfgang/grunt,PLAYER,1.0,True,1.0,True,290,1,4,"haptics.lua 第 290 行注册；触发证据：stategraphs/SGwilson.lua:8124 inst.SoundEmitter:PlaySound(""wolfgang2/characters/wolfgang/grunt"")；stategraphs/SGwilson.lua:8193 inst.SoundEmitter:PlaySound(""wolfgang2/characters/wolfgang/grunt"")；stategraphs/SGwilson.lua:8202 inst.SoundEmitter:PlaySound(""wolfgang2/characters/wolfgang/grunt"")；另 1 处",客户端可见的同名 SoundEmitter 调用由钩子处理；纯服务端直接复制声音无法被 Lua 通用枚举,原版 Controller Vibration=ON；Mod=ON；活动手柄已连接；非暂停；同事件/实体/实例短窗去重；本地玩家归属过滤,要求 emitter entity == ThePlayer；原版明确由本地 FrontEnd/FocalPoint 发出的事件视为监听者本地上下文；其它玩家/NPC 过滤,通用单脉冲包络,条件覆盖：事件表语义完整，触发可观察性由引擎路径决定
221,dontstarve/characters/woodie/moose/roar,PLAYER,1.0,True,1.0,True,293,1,1,"haptics.lua 第 293 行注册；触发证据：stategraphs/SGwilson.lua:3092 inst.SoundEmitter:PlaySound(""dontstarve/characters/woodie/moose/roar"")",客户端可见的同名 SoundEmitter 调用由钩子处理；纯服务端直接复制声音无法被 Lua 通用枚举,原版 Controller Vibration=ON；Mod=ON；活动手柄已连接；非暂停；同事件/实体/实例短窗去重；本地玩家归属过滤,要求 emitter entity == ThePlayer；原版明确由本地 FrontEnd/FocalPoint 发出的事件视为监听者本地上下文；其它玩家/NPC 过滤,咆哮/蓄力三段包络（上升—峰值—衰减）,条件覆盖：事件表语义完整，触发可观察性由引擎路径决定
222,dontstarve/characters/woodie/moose/punch,PLAYER,1.0,True,1.0,True,294,1,2,"haptics.lua 第 294 行注册；触发证据：stategraphs/SGwilson.lua:10920 inst.SoundEmitter:PlaySound(""dontstarve/characters/woodie/moose/punch"", nil, nil, true)；stategraphs/SGwilson_client.lua:5209 inst.SoundEmitter:PlaySound(""dontstarve/characters/woodie/moose/punch"", nil, nil, true)",客户端 Lua 路径由 SoundEmitter 钩子精确处理；服务端直接复制路径依赖同事件是否也有客户端回调,原版 Controller Vibration=ON；Mod=ON；活动手柄已连接；非暂停；同事件/实体/实例短窗去重；本地玩家归属过滤,要求 emitter entity == ThePlayer；原版明确由本地 FrontEnd/FocalPoint 发出的事件视为监听者本地上下文；其它玩家/NPC 过滤,通用单脉冲包络,混合：客户端路径精确，纯服务端路径存在引擎可观察性限制
223,dontstarve/characters/woodie/moose/slide,PLAYER,1.0,True,1.0,True,295,1,2,"haptics.lua 第 295 行注册；触发证据：stategraphs/SGwilson.lua:21834 inst.SoundEmitter:PlaySound(""dontstarve/characters/woodie/moose/slide"", nil, 0.3)；stategraphs/SGwilson.lua:22142 inst.SoundEmitter:PlaySound(""dontstarve/characters/woodie/moose/slide"")",客户端可见的同名 SoundEmitter 调用由钩子处理；纯服务端直接复制声音无法被 Lua 通用枚举,原版 Controller Vibration=ON；Mod=ON；活动手柄已连接；非暂停；同事件/实体/实例短窗去重；本地玩家归属过滤,要求 emitter entity == ThePlayer；原版明确由本地 FrontEnd/FocalPoint 发出的事件视为监听者本地上下文；其它玩家/NPC 过滤,通用单脉冲包络,条件覆盖：事件表语义完整，触发可观察性由引擎路径决定
224,meta2/woodie/weremoose_groundpound,PLAYER,1.0,True,1.0,True,296,1,2,"haptics.lua 第 296 行注册；触发证据：stategraphs/SGwilson.lua:10874 inst.SoundEmitter:PlaySound(""meta2/woodie/weremoose_groundpound"", nil, nil, true)；stategraphs/SGwilson_client.lua:5155 inst.SoundEmitter:PlaySound(""meta2/woodie/weremoose_groundpound"", nil, nil, true)",客户端 Lua 路径由 SoundEmitter 钩子精确处理；服务端直接复制路径依赖同事件是否也有客户端回调,原版 Controller Vibration=ON；Mod=ON；活动手柄已连接；非暂停；同事件/实体/实例短窗去重；本地玩家归属过滤,要求 emitter entity == ThePlayer；原版明确由本地 FrontEnd/FocalPoint 发出的事件视为监听者本地上下文；其它玩家/NPC 过滤,爆炸/重击三段冲击包络,混合：客户端路径精确，纯服务端路径存在引擎可观察性限制
225,meta2/woodie/werebeaver_groundpound,PLAYER,1.0,True,1.0,True,297,1,1,"haptics.lua 第 297 行注册；触发证据：stategraphs/SGwilson.lua:22235 inst.SoundEmitter:PlaySound(""meta2/woodie/werebeaver_groundpound"")",客户端可见的同名 SoundEmitter 调用由钩子处理；纯服务端直接复制声音无法被 Lua 通用枚举,原版 Controller Vibration=ON；Mod=ON；活动手柄已连接；非暂停；同事件/实体/实例短窗去重；本地玩家归属过滤,要求 emitter entity == ThePlayer；原版明确由本地 FrontEnd/FocalPoint 发出的事件视为监听者本地上下文；其它玩家/NPC 过滤,爆炸/重击三段冲击包络,条件覆盖：事件表语义完整，触发可观察性由引擎路径决定
226,meta2/woodie/weregoose_takeoff,PLAYER,1.0,True,1.0,True,298,1,1,"haptics.lua 第 298 行注册；触发证据：stategraphs/SGwilson.lua:22297 inst.SoundEmitter:PlaySound(""meta2/woodie/weregoose_takeoff"")",客户端可见的同名 SoundEmitter 调用由钩子处理；纯服务端直接复制声音无法被 Lua 通用枚举,原版 Controller Vibration=ON；Mod=ON；活动手柄已连接；非暂停；同事件/实体/实例短窗去重；本地玩家归属过滤,要求 emitter entity == ThePlayer；原版明确由本地 FrontEnd/FocalPoint 发出的事件视为监听者本地上下文；其它玩家/NPC 过滤,通用单脉冲包络,条件覆盖：事件表语义完整，触发可观察性由引擎路径决定
227,meta2/woodie/weregoose_land,PLAYER,1.0,True,1.0,True,299,1,1,"haptics.lua 第 299 行注册；触发证据：stategraphs/SGwilson.lua:22390 inst.SoundEmitter:PlaySound(""meta2/woodie/weregoose_land"")",客户端可见的同名 SoundEmitter 调用由钩子处理；纯服务端直接复制声音无法被 Lua 通用枚举,原版 Controller Vibration=ON；Mod=ON；活动手柄已连接；非暂停；同事件/实体/实例短窗去重；本地玩家归属过滤,要求 emitter entity == ThePlayer；原版明确由本地 FrontEnd/FocalPoint 发出的事件视为监听者本地上下文；其它玩家/NPC 过滤,脚步/落地双脉冲包络,条件覆盖：事件表语义完整，触发可观察性由引擎路径决定
228,dontstarve/characters/wormwood/living_log_craft,PLAYER,1.0,True,1.0,True,302,1,1,"haptics.lua 第 302 行注册；触发证据：stategraphs/SGwilson.lua:20993 inst.SoundEmitter:PlaySound(""dontstarve/characters/wormwood/living_log_craft"")",客户端可见的同名 SoundEmitter 调用由钩子处理；纯服务端直接复制声音无法被 Lua 通用枚举,原版 Controller Vibration=ON；Mod=ON；活动手柄已连接；非暂停；同事件/实体/实例短窗去重；本地玩家归属过滤,要求 emitter entity == ThePlayer；原版明确由本地 FrontEnd/FocalPoint 发出的事件视为监听者本地上下文；其它玩家/NPC 过滤,通用单脉冲包络,条件覆盖：事件表语义完整，触发可观察性由引擎路径决定
229,dontstarve/characters/wormwood/fertalize_LP,PLAYER,1.0,True,1.0,True,303,1,2,"haptics.lua 第 303 行注册；触发证据：stategraphs/SGwilson.lua:21045 inst.SoundEmitter:PlaySound(""dontstarve/characters/wormwood/fertalize_LP"", ""rub"")；stategraphs/SGwilson.lua:21117 inst.SoundEmitter:PlaySound(""dontstarve/characters/wormwood/fertalize_LP"", ""rub"")",SoundEmitter 具名循环钩子；PlayingSound、SetParameter、SetVolume、KillSound/KillAllSounds 驱动,原版 Controller Vibration=ON；Mod=ON；活动手柄已连接；非暂停；同事件/实体/实例短窗去重；本地玩家归属过滤,要求 emitter entity == ThePlayer；原版明确由本地 FrontEnd/FocalPoint 发出的事件视为监听者本地上下文；其它玩家/NPC 过滤,具名循环：85 ms 更新、100 ms 连续脉冲；KillSound/音量/实体/暂停/卸载控制生命周期,高（客户端 Lua 可见循环）；已验证参数逐事件映射，未知参数保持中性
230,dontstarve/characters/wortox/soul/hop_out,PLAYER,1.0,True,1.0,True,306,1,6,"haptics.lua 第 306 行注册；触发证据：fx.lua:3603 inst.SoundEmitter:PlaySound(""dontstarve/characters/wortox/soul/hop_out"")；fx.lua:3614 inst.SoundEmitter:PlaySound(""dontstarve/characters/wortox/soul/hop_out"")；fx.lua:3626 inst.SoundEmitter:PlaySound(""dontstarve/characters/wortox/soul/hop_out"")；另 3 处",客户端可见的同名 SoundEmitter 调用由钩子处理；纯服务端直接复制声音无法被 Lua 通用枚举,原版 Controller Vibration=ON；Mod=ON；活动手柄已连接；非暂停；同事件/实体/实例短窗去重；本地玩家归属过滤,要求 emitter entity == ThePlayer；原版明确由本地 FrontEnd/FocalPoint 发出的事件视为监听者本地上下文；其它玩家/NPC 过滤,通用单脉冲包络,条件覆盖：事件表语义完整，触发可观察性由引擎路径决定
231,dontstarve/characters/wx78/spark,PLAYER,1.0,True,1.0,True,311,1,2,"haptics.lua 第 311 行注册；触发证据：prefabs/electric_charged_fx.lua:8 inst.SoundEmitter:PlaySound(""dontstarve/characters/wx78/spark"")；prefabs/sparks.lua:3 inst.SoundEmitter:PlaySound(inst.sound_to_play or ""dontstarve/characters/wx78/spark"")",客户端可见的同名 SoundEmitter 调用由钩子处理；纯服务端直接复制声音无法被 Lua 通用枚举,原版 Controller Vibration=ON；Mod=ON；活动手柄已连接；非暂停；同事件/实体/实例短窗去重；本地玩家归属过滤,要求 emitter entity == ThePlayer；原版明确由本地 FrontEnd/FocalPoint 发出的事件视为监听者本地上下文；其它玩家/NPC 过滤,通用单脉冲包络,条件覆盖：事件表语义完整，触发可观察性由引擎路径决定
232,WX_rework/chassis/internal_rumble,PLAYER,1.0,True,1.0,True,312,1,8,"haptics.lua 第 312 行注册；触发证据：stategraphs/SGwilson.lua:3726 inst.SoundEmitter:PlaySound(""WX_rework/chassis/internal_rumble"")；stategraphs/SGwilson.lua:3746 inst.SoundEmitter:PlaySound(""WX_rework/chassis/internal_rumble"")；stategraphs/SGwilson.lua:28099 FrameEvent(0, function(inst) inst.SoundEmitter:PlaySound(""WX_rework/chassis/internal_rumble"") end),；另 5 处",客户端可见的同名 SoundEmitter 调用由钩子处理；纯服务端直接复制声音无法被 Lua 通用枚举,原版 Controller Vibration=ON；Mod=ON；活动手柄已连接；非暂停；同事件/实体/实例短窗去重；本地玩家归属过滤,要求 emitter entity == ThePlayer；原版明确由本地 FrontEnd/FocalPoint 发出的事件视为监听者本地上下文；其它玩家/NPC 过滤,通用单脉冲包络,条件覆盖：事件表语义完整，触发可观察性由引擎路径决定
233,WX_rework/tube/HUD_in,PLAYER,1.0,True,1.0,False,313,1,2,"haptics.lua 第 313 行注册；触发证据：widgets/upgrademodulesdisplay.lua:477 PlayFirstSound(""WX_rework/tube/HUD_in"")；widgets/upgrademodulesdisplay_inspecting.lua:1145 PlayFirstSound(""WX_rework/tube/HUD_in"")",SoundEmitter.PlaySound / PlaySoundWithParams 原事件 O(1) 索引钩子,原版 Controller Vibration=ON；Mod=ON；活动手柄已连接；非暂停；同事件/实体/实例短窗去重；空间距离过滤,PLAYER 以 Sim.SetListener 三维位置进行世界空间平滑衰减，默认近—远 5–26 单位；超距归零，可由 Spatial Reach 缩放,通用单脉冲包络,高：客户端 Lua 原调用、参数与返回值不改变
234,WX_rework/tube/HUD_out,PLAYER,1.0,True,1.0,False,314,1,8,"haptics.lua 第 314 行注册；触发证据：widgets/upgrademodulesdisplay.lua:296 self:PlayUpgradeModuleSound(""WX_rework/tube/HUD_out"")；widgets/upgrademodulesdisplay.lua:481 PlayFirstSound(""WX_rework/tube/HUD_out"")；widgets/upgrademodulesdisplay.lua:485 PlayFirstSound(""WX_rework/tube/HUD_out"")；另 5 处",SoundEmitter.PlaySound / PlaySoundWithParams 原事件 O(1) 索引钩子,原版 Controller Vibration=ON；Mod=ON；活动手柄已连接；非暂停；同事件/实体/实例短窗去重；空间距离过滤,PLAYER 以 Sim.SetListener 三维位置进行世界空间平滑衰减，默认近—远 5–26 单位；超距归零，可由 Spatial Reach 缩放,通用单脉冲包络,高：客户端 Lua 原调用、参数与返回值不改变
235,WX_rework/tube/HUD_on,PLAYER,1.0,True,1.0,False,315,1,2,"haptics.lua 第 315 行注册；触发证据：widgets/upgrademodulesdisplay.lua:255 self:PlayUpgradeModuleSound(""WX_rework/tube/HUD_on"", true)；widgets/upgrademodulesdisplay_inspecting.lua:864 TheFrontEnd:GetSound():PlaySound(""WX_rework/tube/HUD_on"")",SoundEmitter.PlaySound / PlaySoundWithParams 原事件 O(1) 索引钩子,原版 Controller Vibration=ON；Mod=ON；活动手柄已连接；非暂停；同事件/实体/实例短窗去重；空间距离过滤,PLAYER 以 Sim.SetListener 三维位置进行世界空间平滑衰减，默认近—远 5–26 单位；超距归零，可由 Spatial Reach 缩放,通用单脉冲包络,高：客户端 Lua 原调用、参数与返回值不改变
236,WX_rework/tube/HUD_off,PLAYER,1.0,True,1.0,False,316,1,2,"haptics.lua 第 316 行注册；触发证据：widgets/upgrademodulesdisplay.lua:242 self:PlayUpgradeModuleSound(""WX_rework/tube/HUD_off"", true)；widgets/upgrademodulesdisplay_inspecting.lua:850 TheFrontEnd:GetSound():PlaySound(""WX_rework/tube/HUD_off"")",SoundEmitter.PlaySound / PlaySoundWithParams 原事件 O(1) 索引钩子,原版 Controller Vibration=ON；Mod=ON；活动手柄已连接；非暂停；同事件/实体/实例短窗去重；空间距离过滤,PLAYER 以 Sim.SetListener 三维位置进行世界空间平滑衰减，默认近—远 5–26 单位；超距归零，可由 Spatial Reach 缩放,通用单脉冲包络,高：客户端 Lua 原调用、参数与返回值不改变
237,WX_rework/module_tray/shadowheart2_implant,PLAYER,1.0,True,1.0,False,317,1,1,"haptics.lua 第 317 行注册；触发证据：widgets/upgrademodulesdisplay_inspecting.lua:208 plug_sound = ""WX_rework/module_tray/shadowheart2_implant"",",SoundEmitter.PlaySound / PlaySoundWithParams 原事件 O(1) 索引钩子,原版 Controller Vibration=ON；Mod=ON；活动手柄已连接；非暂停；同事件/实体/实例短窗去重；空间距离过滤,PLAYER 以 Sim.SetListener 三维位置进行世界空间平滑衰减，默认近—远 5–26 单位；超距归零，可由 Spatial Reach 缩放,工具双脉冲包络,高：客户端 Lua 原调用、参数与返回值不改变
238,WX_rework/module_tray/shadowheart_implant,PLAYER,1.0,True,1.0,False,318,1,1,"haptics.lua 第 318 行注册；触发证据：widgets/upgrademodulesdisplay_inspecting.lua:197 plug_sound = ""WX_rework/module_tray/shadowheart_implant"",",SoundEmitter.PlaySound / PlaySoundWithParams 原事件 O(1) 索引钩子,原版 Controller Vibration=ON；Mod=ON；活动手柄已连接；非暂停；同事件/实体/实例短窗去重；空间距离过滤,PLAYER 以 Sim.SetListener 三维位置进行世界空间平滑衰减，默认近—远 5–26 单位；超距归零，可由 Spatial Reach 缩放,工具双脉冲包络,高：客户端 Lua 原调用、参数与返回值不改变
239,WX_rework/module_tray/shadowfuel_implant,PLAYER,1.0,True,1.0,False,319,1,2,"haptics.lua 第 319 行注册；触发证据：widgets/upgrademodulesdisplay_inspecting.lua:179 plug_sound = ""WX_rework/module_tray/shadowfuel_implant"",；widgets/upgrademodulesdisplay_inspecting.lua:189 plug_sound = ""WX_rework/module_tray/shadowfuel_implant"",",SoundEmitter.PlaySound / PlaySoundWithParams 原事件 O(1) 索引钩子,原版 Controller Vibration=ON；Mod=ON；活动手柄已连接；非暂停；同事件/实体/实例短窗去重；空间距离过滤,PLAYER 以 Sim.SetListener 三维位置进行世界空间平滑衰减，默认近—远 5–26 单位；超距归零，可由 Spatial Reach 缩放,工具双脉冲包络,高：客户端 Lua 原调用、参数与返回值不改变
240,WX_rework/bee_shield/activate,PLAYER,1.0,True,1.0,True,320,1,3,"haptics.lua 第 320 行注册；触发证据：widgets/healthbadge.lua:300 TheFrontEnd:GetSound():PlaySound(""WX_rework/bee_shield/activate"")；widgets/healthbadge.lua:308 PlaySound(""WX_rework/bee_shield/activate"")；widgets/healthbadge.lua:313 PlaySound(""WX_rework/bee_shield/activate"")",SoundEmitter.PlaySound / PlaySoundWithParams 原事件 O(1) 索引钩子,原版 Controller Vibration=ON；Mod=ON；活动手柄已连接；非暂停；同事件/实体/实例短窗去重；本地玩家归属过滤,要求 emitter entity == ThePlayer；原版明确由本地 FrontEnd/FocalPoint 发出的事件视为监听者本地上下文；其它玩家/NPC 过滤,通用单脉冲包络,高：客户端 Lua 原调用、参数与返回值不改变
241,WX_rework/bee_shield/break,PLAYER,1.0,True,1.0,True,321,1,2,"haptics.lua 第 321 行注册；触发证据：widgets/healthbadge.lua:328 PlaySound(""WX_rework/bee_shield/break"")；widgets/healthbadge.lua:334 PlaySound(""WX_rework/bee_shield/break"")",SoundEmitter.PlaySound / PlaySoundWithParams 原事件 O(1) 索引钩子,原版 Controller Vibration=ON；Mod=ON；活动手柄已连接；非暂停；同事件/实体/实例短窗去重；本地玩家归属过滤,要求 emitter entity == ThePlayer；原版明确由本地 FrontEnd/FocalPoint 发出的事件视为监听者本地上下文；其它玩家/NPC 过滤,通用单脉冲包络,高：客户端 Lua 原调用、参数与返回值不改变
242,WX_rework/screech/loop,PLAYER,2.0,True,1.0,True,322,1,2,"haptics.lua 第 322 行注册；触发证据：stategraphs/SGwx78_common.lua:1040 inst.SoundEmitter:PlaySound(""WX_rework/screech/loop"", ""wx_screech"")；stategraphs/SGwx78_common.lua:1072 inst.SoundEmitter:PlaySound(""WX_rework/screech/loop"", ""wx_screech"")",SoundEmitter 具名循环钩子；PlayingSound、SetParameter、SetVolume、KillSound/KillAllSounds 驱动,原版 Controller Vibration=ON；Mod=ON；活动手柄已连接；非暂停；同事件/实体/实例短窗去重；本地玩家归属过滤,要求 emitter entity == ThePlayer；原版明确由本地 FrontEnd/FocalPoint 发出的事件视为监听者本地上下文；其它玩家/NPC 过滤,具名循环：85 ms 更新、100 ms 连续脉冲；KillSound/音量/实体/暂停/卸载控制生命周期,高（客户端 Lua 可见循环）；已验证参数逐事件映射，未知参数保持中性
243,rifts5/wagdrone_flying/electro_ball_explode,PLAYER,2.0,True,1.0,False,323,1,3,"haptics.lua 第 323 行注册；触发证据：prefabs/wagdrone_projectile.lua:81 inst.SoundEmitter:PlaySound(""rifts5/wagdrone_flying/electro_ball_explode"")；prefabs/wagdrone_projectile.lua:151 inst.SoundEmitter:PlaySound(""rifts5/wagdrone_flying/electro_ball_explode"")；prefabs/wx78_taser_projectile.lua:163 inst.SoundEmitter:PlaySound(""rifts5/wagdrone_flying/electro_ball_explode"")",客户端可见的同名 SoundEmitter 调用由钩子处理；纯服务端直接复制声音无法被 Lua 通用枚举,原版 Controller Vibration=ON；Mod=ON；活动手柄已连接；非暂停；同事件/实体/实例短窗去重；空间距离过滤,PLAYER 以 Sim.SetListener 三维位置进行世界空间平滑衰减，默认近—远 5–26 单位；超距归零，可由 Spatial Reach 缩放,爆炸/重击三段冲击包络,条件覆盖：事件表语义完整，触发可观察性由引擎路径决定
244,dontstarve/common/fireAddFuel,ENVIRONMENT,1.0,True,1.0,False,330,1,25,"haptics.lua 第 330 行注册；触发证据：fx.lua:1758 sound = ""dontstarve/common/fireAddFuel"",；fx.lua:1767 sound = ""dontstarve/common/fireAddFuel"",；fx.lua:1776 sound = ""dontstarve/common/fireAddFuel"",；另 22 处",客户端可见的同名 SoundEmitter 调用由钩子处理；纯服务端直接复制声音无法被 Lua 通用枚举,原版 Controller Vibration=ON；Mod=ON；活动手柄已连接；非暂停；同事件/实体/实例短窗去重；空间距离过滤,ENVIRONMENT 以 Sim.SetListener 三维位置进行世界空间平滑衰减，默认近—远 8–46 单位；超距归零，可由 Spatial Reach 缩放,环境双段脉冲包络,条件覆盖：事件表语义完整，触发可观察性由引擎路径决定
245,dontstarve/common/forestfire,ENVIRONMENT,2.0,True,1.0,False,331,1,4,"haptics.lua 第 331 行注册；触发证据：prefabs/character_fire.lua:64 sound = ""dontstarve/common/forestfire"",；prefabs/fire.lua:24 {anim=""level4"", anim_controlled_burn=""level4_controlled_burn"", sound=""dontstarve/common/forestfire"", radius=6, intensity=.9, falloff=.2, colour = {255/255,190/255,121/255}, soundintensity=1},；prefabs/fire.lua:25 {anim=""level5"", anim_controlled_burn=""level5_controlled_burn"", sound=""dontstarve/common/forestfire"", radius=7, intensity=.9, falloff=.2, colour = {255/255,190/255,121/255}, soundintensity=1},；另 1 处",客户端可见的同名 SoundEmitter 调用由钩子处理；纯服务端直接复制声音无法被 Lua 通用枚举,原版 Controller Vibration=ON；Mod=ON；活动手柄已连接；非暂停；同事件/实体/实例短窗去重；空间距离过滤,ENVIRONMENT 以 Sim.SetListener 三维位置进行世界空间平滑衰减，默认近—远 8–46 单位；超距归零，可由 Spatial Reach 缩放,环境双段脉冲包络,条件覆盖：事件表语义完整，触发可观察性由引擎路径决定
246,dontstarve/common/campfire,ENVIRONMENT,1.0,True,1.0,False,332,1,20,"haptics.lua 第 332 行注册；触发证据：prefabs/campfirefire.lua:19 {anim=""level1"", sound=""dontstarve/common/campfire"", radius=2, intensity=.8, falloff=.33, colour=LIGHT_COLOUR, soundintensity=.1},；prefabs/campfirefire.lua:20 {anim=""level2"", sound=""dontstarve/common/campfire"", radius=3, intensity=.8, falloff=.33, colour=LIGHT_COLOUR, soundintensity=.3},；prefabs/campfirefire.lua:21 {anim=""level3"", sound=""dontstarve/common/campfire"", radius=4, intensity=.8, falloff=.33, colour=LIGHT_COLOUR, soundintensity=.6},；另 17 处",客户端 Lua 路径由 SoundEmitter 钩子精确处理；服务端直接复制路径依赖同事件是否也有客户端回调,原版 Controller Vibration=ON；Mod=ON；活动手柄已连接；非暂停；同事件/实体/实例短窗去重；空间距离过滤,ENVIRONMENT 以 Sim.SetListener 三维位置进行世界空间平滑衰减，默认近—远 8–46 单位；超距归零，可由 Spatial Reach 缩放,环境双段脉冲包络,混合：客户端路径精确，纯服务端路径存在引擎可观察性限制
247,dontstarve/common/treefire,ENVIRONMENT,1.0,True,1.0,False,333,1,4,"haptics.lua 第 333 行注册；触发证据：prefabs/bernie_big.lua:754 inst.SoundEmitter:PlaySound(""dontstarve/common/treefire"",""firelp"")；prefabs/character_fire.lua:47 sound = ""dontstarve/common/treefire"",；prefabs/character_fire.lua:81 sound = ""dontstarve/common/treefire"",；另 1 处",客户端可见的同名 SoundEmitter 调用由钩子处理；纯服务端直接复制声音无法被 Lua 通用枚举,原版 Controller Vibration=ON；Mod=ON；活动手柄已连接；非暂停；同事件/实体/实例短窗去重；空间距离过滤,ENVIRONMENT 以 Sim.SetListener 三维位置进行世界空间平滑衰减，默认近—远 8–46 单位；超距归零，可由 Spatial Reach 缩放,环境双段脉冲包络,条件覆盖：事件表语义完整，触发可观察性由引擎路径决定
248,dontstarve/common/nightmareAddFuel,ENVIRONMENT,1.0,True,1.0,False,334,1,16,"haptics.lua 第 334 行注册；触发证据：prefabs/amulet.lua:329 TheFocalPoint.SoundEmitter:PlaySound(""dontstarve/common/nightmareAddFuel"")；prefabs/amulet.lua:336 inst.SoundEmitter:PlaySound(""dontstarve/common/nightmareAddFuel"")；prefabs/amulet.lua:338 owner.SoundEmitter:PlaySound(""dontstarve/common/nightmareAddFuel"")；另 13 处",客户端可见的同名 SoundEmitter 调用由钩子处理；纯服务端直接复制声音无法被 Lua 通用枚举,原版 Controller Vibration=ON；Mod=ON；活动手柄已连接；非暂停；同事件/实体/实例短窗去重；空间距离过滤,ENVIRONMENT 以 Sim.SetListener 三维位置进行世界空间平滑衰减，默认近—远 8–46 单位；超距归零，可由 Spatial Reach 缩放,环境双段脉冲包络,条件覆盖：事件表语义完整，触发可观察性由引擎路径决定
249,dontstarve/wilson/burned,ENVIRONMENT,1.0,True,1.0,False,335,1,2,"haptics.lua 第 335 行注册；触发证据：widgets/fireover.lua:39 TheFocalPoint.SoundEmitter:PlaySound(""dontstarve/wilson/burned"", nil, low and .23 or nil)；widgets/fireover.lua:74 TheFocalPoint.SoundEmitter:PlaySound(""dontstarve/wilson/burned"", nil, .66)",SoundEmitter.PlaySound / PlaySoundWithParams 原事件 O(1) 索引钩子,原版 Controller Vibration=ON；Mod=ON；活动手柄已连接；非暂停；同事件/实体/实例短窗去重；空间距离过滤,ENVIRONMENT 以 Sim.SetListener 三维位置进行世界空间平滑衰减，默认近—远 8–46 单位；超距归零，可由 Spatial Reach 缩放,环境双段脉冲包络,高：客户端 Lua 原调用、参数与返回值不改变
250,dontstarve_DLC001/common/coldfire,ENVIRONMENT,1.0,True,1.0,False,336,1,4,"haptics.lua 第 336 行注册；触发证据：prefabs/coldfirefire.lua:20 { anim = ""level1_redux"", sound = ""dontstarve_DLC001/common/coldfire"", radius = 2, intensity = .8, falloff = .33, colour = lightColour, soundintensity = .1 },；prefabs/coldfirefire.lua:21 { anim = ""level2_redux"", sound = ""dontstarve_DLC001/common/coldfire"", radius = 3, intensity = .8, falloff = .33, colour = lightColour, soundintensity = .3 },；prefabs/coldfirefire.lua:22 { anim = ""level3_redux"", sound = ""dontstarve_DLC001/common/coldfire"", radius = 4, intensity = .8, falloff = .33, colour = lightColour, soundintensity = .6 },；另 1 处",客户端可见的同名 SoundEmitter 调用由钩子处理；纯服务端直接复制声音无法被 Lua 通用枚举,原版 Controller Vibration=ON；Mod=ON；活动手柄已连接；非暂停；同事件/实体/实例短窗去重；空间距离过滤,ENVIRONMENT 以 Sim.SetListener 三维位置进行世界空间平滑衰减，默认近—远 8–46 单位；超距归零，可由 Spatial Reach 缩放,环境双段脉冲包络,条件覆盖：事件表语义完整，触发可观察性由引擎路径决定
251,dontstarve/common/fireOut,ENVIRONMENT,1.0,True,1.0,False,337,1,8,"haptics.lua 第 337 行注册；触发证据：fx.lua:3154 sound = ""dontstarve/common/fireOut"",；components/firefx.lua:147 self.inst.SoundEmitter:PlaySound(self.extinguishsound or ""dontstarve/common/fireOut"")；components/freezefx.lua:119 self.inst.SoundEmitter:PlaySound(""dontstarve/common/fireOut"")；另 5 处",客户端 Lua 路径由 SoundEmitter 钩子精确处理；服务端直接复制路径依赖同事件是否也有客户端回调,原版 Controller Vibration=ON；Mod=ON；活动手柄已连接；非暂停；同事件/实体/实例短窗去重；空间距离过滤,ENVIRONMENT 以 Sim.SetListener 三维位置进行世界空间平滑衰减，默认近—远 8–46 单位；超距归零，可由 Spatial Reach 缩放,环境双段脉冲包络,混合：客户端路径精确，纯服务端路径存在引擎可观察性限制
252,dontstarve/common/meteor_impact,ENVIRONMENT,1.0,True,1.0,False,339,1,1,"haptics.lua 第 339 行注册；触发证据：prefabs/shadowmeteor.lua:47 inst.SoundEmitter:PlaySound(""dontstarve/common/meteor_impact"")",客户端可见的同名 SoundEmitter 调用由钩子处理；纯服务端直接复制声音无法被 Lua 通用枚举,原版 Controller Vibration=ON；Mod=ON；活动手柄已连接；非暂停；同事件/实体/实例短窗去重；空间距离过滤,ENVIRONMENT 以 Sim.SetListener 三维位置进行世界空间平滑衰减，默认近—远 8–46 单位；超距归零，可由 Spatial Reach 缩放,环境双段脉冲包络,条件覆盖：事件表语义完整，触发可观察性由引擎路径决定
253,dontstarve/common/meteor_spawn,ENVIRONMENT,1.0,True,1.0,False,340,1,2,"haptics.lua 第 340 行注册；触发证据：prefabs/meteorwarning.lua:57 inst.SoundEmitter:PlaySound(""dontstarve/common/meteor_spawn"")；prefabs/moon_device.lua:308 inst.SoundEmitter:PlaySound(""dontstarve/common/meteor_spawn"")",客户端可见的同名 SoundEmitter 调用由钩子处理；纯服务端直接复制声音无法被 Lua 通用枚举,原版 Controller Vibration=ON；Mod=ON；活动手柄已连接；非暂停；同事件/实体/实例短窗去重；空间距离过滤,ENVIRONMENT 以 Sim.SetListener 三维位置进行世界空间平滑衰减，默认近—远 8–46 单位；超距归零，可由 Spatial Reach 缩放,环境双段脉冲包络,条件覆盖：事件表语义完整，触发可观察性由引擎路径决定
254,dontstarve/AMB/rain,UNSPECIFIED,1.0,True,0.5,False,343,1,1,"haptics.lua 第 343 行注册；触发证据：components/weather.lua:260 ""dontstarve/AMB/rain""",客户端可见的同名 SoundEmitter 调用由钩子处理；纯服务端直接复制声音无法被 Lua 通用枚举,原版 Controller Vibration=ON；Mod=ON；活动手柄已连接；非暂停；同事件/实体/实例短窗去重；空间距离过滤,PLAYER 以 Sim.SetListener 三维位置进行世界空间平滑衰减，默认近—远 5–26 单位；超距归零，可由 Spatial Reach 缩放,通用单脉冲包络,条件覆盖：事件表语义完整，触发可观察性由引擎路径决定
255,rifts3/lunarhail/lunar_rainAMB,ENVIRONMENT,1.0,True,1.0,False,344,1,1,"haptics.lua 第 344 行注册；触发证据：components/weather.lua:259 ""rifts3/lunarhail/lunar_rainAMB"" or",客户端可见的同名 SoundEmitter 调用由钩子处理；纯服务端直接复制声音无法被 Lua 通用枚举,原版 Controller Vibration=ON；Mod=ON；活动手柄已连接；非暂停；同事件/实体/实例短窗去重；空间距离过滤,ENVIRONMENT 以 Sim.SetListener 三维位置进行世界空间平滑衰减，默认近—远 8–46 单位；超距归零，可由 Spatial Reach 缩放,环境双段脉冲包络,条件覆盖：事件表语义完整，触发可观察性由引擎路径决定
256,dontstarve_DLC001/common/rain_on_tree,ENVIRONMENT,1.0,True,1.0,False,345,1,2,"haptics.lua 第 345 行注册；触发证据：components/caveweather.lua:208 local sound = ""dontstarve_DLC001/common/rain_on_tree""；components/weather.lua:283 ""dontstarve_DLC001/common/rain_on_tree""",客户端可见的同名 SoundEmitter 调用由钩子处理；纯服务端直接复制声音无法被 Lua 通用枚举,原版 Controller Vibration=ON；Mod=ON；活动手柄已连接；非暂停；同事件/实体/实例短窗去重；空间距离过滤,ENVIRONMENT 以 Sim.SetListener 三维位置进行世界空间平滑衰减，默认近—远 8–46 单位；超距归零，可由 Spatial Reach 缩放,环境双段脉冲包络,条件覆盖：事件表语义完整，触发可观察性由引擎路径决定
257,rifts3/lunarhail/lunarhail_on_tree,ENVIRONMENT,1.0,True,1.0,False,346,1,1,"haptics.lua 第 346 行注册；触发证据：components/weather.lua:282 ""rifts3/lunarhail/lunarhail_on_tree"" or",客户端可见的同名 SoundEmitter 调用由钩子处理；纯服务端直接复制声音无法被 Lua 通用枚举,原版 Controller Vibration=ON；Mod=ON；活动手柄已连接；非暂停；同事件/实体/实例短窗去重；空间距离过滤,ENVIRONMENT 以 Sim.SetListener 三维位置进行世界空间平滑衰减，默认近—远 8–46 单位；超距归零，可由 Spatial Reach 缩放,环境双段脉冲包络,条件覆盖：事件表语义完整，触发可观察性由引擎路径决定
258,dontstarve/AMB/caves/rain,ENVIRONMENT,1.0,True,1.0,False,347,1,1,"haptics.lua 第 347 行注册；触发证据：components/caveweather.lua:188 local sound = ""dontstarve/AMB/caves/rain""",客户端可见的同名 SoundEmitter 调用由钩子处理；纯服务端直接复制声音无法被 Lua 通用枚举,原版 Controller Vibration=ON；Mod=ON；活动手柄已连接；非暂停；同事件/实体/实例短窗去重；空间距离过滤,ENVIRONMENT 以 Sim.SetListener 三维位置进行世界空间平滑衰减，默认近—远 8–46 单位；超距归零，可由 Spatial Reach 缩放,环境双段脉冲包络,条件覆盖：事件表语义完整，触发可观察性由引擎路径决定
259,dontstarve/cave/cave_rain_on_umbrella,ENVIRONMENT,1.0,True,1.0,False,348,1,1,"haptics.lua 第 348 行注册；触发证据：components/caveweather.lua:232 ""dontstarve/cave/cave_rain_on_umbrella""",客户端可见的同名 SoundEmitter 调用由钩子处理；纯服务端直接复制声音无法被 Lua 通用枚举,原版 Controller Vibration=ON；Mod=ON；活动手柄已连接；非暂停；同事件/实体/实例短窗去重；空间距离过滤,ENVIRONMENT 以 Sim.SetListener 三维位置进行世界空间平滑衰减，默认近—远 8–46 单位；超距归零，可由 Spatial Reach 缩放,环境双段脉冲包络,条件覆盖：事件表语义完整，触发可观察性由引擎路径决定
260,dontstarve/rain/rain_on_umbrella,ENVIRONMENT,1.0,True,1.0,False,349,1,1,"haptics.lua 第 349 行注册；触发证据：components/weather.lua:312 ""dontstarve/rain/rain_on_umbrella""",客户端可见的同名 SoundEmitter 调用由钩子处理；纯服务端直接复制声音无法被 Lua 通用枚举,原版 Controller Vibration=ON；Mod=ON；活动手柄已连接；非暂停；同事件/实体/实例短窗去重；空间距离过滤,ENVIRONMENT 以 Sim.SetListener 三维位置进行世界空间平滑衰减，默认近—远 8–46 单位；超距归零，可由 Spatial Reach 缩放,环境双段脉冲包络,条件覆盖：事件表语义完整，触发可观察性由引擎路径决定
261,rifts3/lunarhail/hail_on_umbrella,ENVIRONMENT,1.0,True,1.0,False,350,1,1,"haptics.lua 第 350 行注册；触发证据：components/weather.lua:311 ""rifts3/lunarhail/hail_on_umbrella"" or",客户端可见的同名 SoundEmitter 调用由钩子处理；纯服务端直接复制声音无法被 Lua 通用枚举,原版 Controller Vibration=ON；Mod=ON；活动手柄已连接；非暂停；同事件/实体/实例短窗去重；空间距离过滤,ENVIRONMENT 以 Sim.SetListener 三维位置进行世界空间平滑衰减，默认近—远 8–46 单位；超距归零，可由 Spatial Reach 缩放,环境双段脉冲包络,条件覆盖：事件表语义完整，触发可观察性由引擎路径决定
262,meta4/winona_teleumbrella/rain_on_teleumbrella,ENVIRONMENT,1.0,True,1.0,False,351,1,2,"haptics.lua 第 351 行注册；触发证据：components/caveweather.lua:231 ""meta4/winona_teleumbrella/rain_on_teleumbrella"" or；components/weather.lua:308 ""meta4/winona_teleumbrella/rain_on_teleumbrella""",客户端可见的同名 SoundEmitter 调用由钩子处理；纯服务端直接复制声音无法被 Lua 通用枚举,原版 Controller Vibration=ON；Mod=ON；活动手柄已连接；非暂停；同事件/实体/实例短窗去重；空间距离过滤,ENVIRONMENT 以 Sim.SetListener 三维位置进行世界空间平滑衰减，默认近—远 8–46 单位；超距归零，可由 Spatial Reach 缩放,环境双段脉冲包络,条件覆盖：事件表语义完整，触发可观察性由引擎路径决定
263,meta4/winona_teleumbrella/hail_on_teleumbrella,ENVIRONMENT,1.0,True,1.0,False,352,1,1,"haptics.lua 第 352 行注册；触发证据：components/weather.lua:307 ""meta4/winona_teleumbrella/hail_on_teleumbrella"" or",客户端可见的同名 SoundEmitter 调用由钩子处理；纯服务端直接复制声音无法被 Lua 通用枚举,原版 Controller Vibration=ON；Mod=ON；活动手柄已连接；非暂停；同事件/实体/实例短窗去重；空间距离过滤,ENVIRONMENT 以 Sim.SetListener 三维位置进行世界空间平滑衰减，默认近—远 8–46 单位；超距归零，可由 Spatial Reach 缩放,环境双段脉冲包络,条件覆盖：事件表语义完整，触发可观察性由引擎路径决定
264,dontstarve/rain/thunder_close,ENVIRONMENT,1.0,True,1.0,False,353,1,6,"haptics.lua 第 353 行注册；触发证据：prefabs/lightning.lua:40 inst.SoundEmitter:PlaySound(""dontstarve/rain/thunder_close"", nil, intensity, true)；prefabs/lightning.lua:75 inst.SoundEmitter:PlaySound(""dontstarve/rain/thunder_close"", nil, nil, true)；prefabs/moonstorm_lightning.lua:40 inst.SoundEmitter:PlaySound(""dontstarve/rain/thunder_close"", nil, intensity, true)；另 3 处",客户端 Lua 路径由 SoundEmitter 钩子精确处理；服务端直接复制路径依赖同事件是否也有客户端回调,原版 Controller Vibration=ON；Mod=ON；活动手柄已连接；非暂停；同事件/实体/实例短窗去重；空间距离过滤,ENVIRONMENT 以 Sim.SetListener 三维位置进行世界空间平滑衰减，默认近—远 8–46 单位；超距归零，可由 Spatial Reach 缩放,环境双段脉冲包络,混合：客户端路径精确，纯服务端路径存在引擎可观察性限制
265,rifts/portal/rift_explode,ENVIRONMENT,1.0,True,1.0,False,356,1,2,"haptics.lua 第 356 行注册；触发证据：prefabs/lunarrift_portal.lua:288 inst.SoundEmitter:PlaySound(""rifts/portal/rift_explode"")；prefabs/lunarrift_portal.lua:326 inst.SoundEmitter:PlaySound(""rifts/portal/rift_explode_buildup"")",客户端可见的同名 SoundEmitter 调用由钩子处理；纯服务端直接复制声音无法被 Lua 通用枚举,原版 Controller Vibration=ON；Mod=ON；活动手柄已连接；非暂停；同事件/实体/实例短窗去重；空间距离过滤,ENVIRONMENT 以 Sim.SetListener 三维位置进行世界空间平滑衰减，默认近—远 8–46 单位；超距归零，可由 Spatial Reach 缩放,爆炸/重击三段冲击包络,条件覆盖：事件表语义完整，触发可观察性由引擎路径决定
266,rifts2/shadow_rift/groundcrack_expand,ENVIRONMENT,1.0,True,1.0,False,357,1,2,"haptics.lua 第 357 行注册；触发证据：prefabs/shadowrift_portal.lua:114 inst.SoundEmitter:PlaySound(""rifts2/shadow_rift/groundcrack_expand"")；prefabs/shadowrift_portal.lua:147 inst.SoundEmitter:PlaySound(""rifts2/shadow_rift/groundcrack_expand"")",客户端可见的同名 SoundEmitter 调用由钩子处理；纯服务端直接复制声音无法被 Lua 通用枚举,原版 Controller Vibration=ON；Mod=ON；活动手柄已连接；非暂停；同事件/实体/实例短窗去重；空间距离过滤,ENVIRONMENT 以 Sim.SetListener 三维位置进行世界空间平滑衰减，默认近—远 8–46 单位；超距归零，可由 Spatial Reach 缩放,环境双段脉冲包络,条件覆盖：事件表语义完整，触发可观察性由引擎路径决定
267,dontstarve/common/teleportworm/open,ENVIRONMENT,1.0,True,1.0,False,360,1,4,"haptics.lua 第 360 行注册；触发证据：prefabs/carnivalgame_golfprops.lua:1158 inst.SoundEmitter:PlaySound(""dontstarve/common/teleportworm/open_golf"")；prefabs/carnivalgame_golfprops.lua:1234 placesound = ""dontstarve/common/teleportworm/open_golf"",；stategraphs/SGwormhole.lua:43 inst.SoundEmitter:PlaySound(""dontstarve/common/teleportworm/open"")；另 1 处",客户端可见的同名 SoundEmitter 调用由钩子处理；纯服务端直接复制声音无法被 Lua 通用枚举,原版 Controller Vibration=ON；Mod=ON；活动手柄已连接；非暂停；同事件/实体/实例短窗去重；空间距离过滤,ENVIRONMENT 以 Sim.SetListener 三维位置进行世界空间平滑衰减，默认近—远 8–46 单位；超距归零，可由 Spatial Reach 缩放,环境双段脉冲包络,条件覆盖：事件表语义完整，触发可观察性由引擎路径决定
268,dontstarve/common/teleportworm/close,ENVIRONMENT,1.0,True,1.0,False,361,1,2,"haptics.lua 第 361 行注册；触发证据：stategraphs/SGwormhole.lua:65 inst.SoundEmitter:PlaySound(""dontstarve/common/teleportworm/close"")；stategraphs/SGwormhole_limited.lua:95 inst.SoundEmitter:PlaySound(""dontstarve/common/teleportworm/close"")",客户端可见的同名 SoundEmitter 调用由钩子处理；纯服务端直接复制声音无法被 Lua 通用枚举,原版 Controller Vibration=ON；Mod=ON；活动手柄已连接；非暂停；同事件/实体/实例短窗去重；空间距离过滤,ENVIRONMENT 以 Sim.SetListener 三维位置进行世界空间平滑衰减，默认近—远 8–46 单位；超距归零，可由 Spatial Reach 缩放,环境双段脉冲包络,条件覆盖：事件表语义完整，触发可观察性由引擎路径决定
269,dontstarve/common/teleportworm/travel,ENVIRONMENT,1.0,True,1.0,False,362,1,1,"haptics.lua 第 362 行注册；触发证据：prefabs/player_classified.lua:1037 TheFocalPoint.SoundEmitter:PlaySound(""dontstarve/common/teleportworm/travel"")",SoundEmitter 原事件钩子（动态/数据表选声同样按最终事件匹配）,原版 Controller Vibration=ON；Mod=ON；活动手柄已连接；非暂停；同事件/实体/实例短窗去重；空间距离过滤,ENVIRONMENT 以 Sim.SetListener 三维位置进行世界空间平滑衰减，默认近—远 8–46 单位；超距归零，可由 Spatial Reach 缩放,环境双段脉冲包络,高（客户端调用可见时）
270,dontstarve/common/together/atrium_gate/shadow_pulse,ENVIRONMENT,1.0,True,1.0,False,365,1,2,"haptics.lua 第 365 行注册；触发证据：prefabs/atrium_gate.lua:324 inst.SoundEmitter:PlaySound(""dontstarve/common/together/atrium_gate/shadow_pulse"")；prefabs/atrium_gate_pulsesfx.lua:72 return Prefab(""atrium_gate_pulsesfx"", makesfx(""dontstarve/common/together/atrium_gate/shadow_pulse"")),",客户端可见的同名 SoundEmitter 调用由钩子处理；纯服务端直接复制声音无法被 Lua 通用枚举,原版 Controller Vibration=ON；Mod=ON；活动手柄已连接；非暂停；同事件/实体/实例短窗去重；空间距离过滤,ENVIRONMENT 以 Sim.SetListener 三维位置进行世界空间平滑衰减，默认近—远 8–46 单位；超距归零，可由 Spatial Reach 缩放,环境双段脉冲包络,条件覆盖：事件表语义完整，触发可观察性由引擎路径决定
271,dontstarve/common/together/atrium_gate/explode,ENVIRONMENT,1.0,True,1.0,False,366,1,1,"haptics.lua 第 366 行注册；触发证据：prefabs/atrium_gate_pulsesfx.lua:73 Prefab(""atrium_gate_explodesfx"", makesfx(""dontstarve/common/together/atrium_gate/explode"")),",客户端可见的同名 SoundEmitter 调用由钩子处理；纯服务端直接复制声音无法被 Lua 通用枚举,原版 Controller Vibration=ON；Mod=ON；活动手柄已连接；非暂停；同事件/实体/实例短窗去重；空间距离过滤,ENVIRONMENT 以 Sim.SetListener 三维位置进行世界空间平滑衰减，默认近—远 8–46 单位；超距归零，可由 Spatial Reach 缩放,爆炸/重击三段冲击包络,条件覆盖：事件表语义完整，触发可观察性由引擎路径决定
272,dontstarve/creatures/hound/firehound_explo,ENVIRONMENT,1.0,True,1.0,False,369,1,1,"haptics.lua 第 369 行注册；触发证据：prefabs/hound.lua:639 inst.SoundEmitter:PlaySound(""dontstarve/creatures/hound/firehound_explo"")",客户端可见的同名 SoundEmitter 调用由钩子处理；纯服务端直接复制声音无法被 Lua 通用枚举,原版 Controller Vibration=ON；Mod=ON；活动手柄已连接；非暂停；同事件/实体/实例短窗去重；空间距离过滤,ENVIRONMENT 以 Sim.SetListener 三维位置进行世界空间平滑衰减，默认近—远 8–46 单位；超距归零，可由 Spatial Reach 缩放,环境双段脉冲包络,条件覆盖：事件表语义完整，触发可观察性由引擎路径决定
273,dontstarve/creatures/hound/icehound_explo,ENVIRONMENT,1.0,True,1.0,False,370,1,1,"haptics.lua 第 370 行注册；触发证据：prefabs/hound.lua:687 inst.SoundEmitter:PlaySound(""dontstarve/creatures/hound/icehound_explo"")",客户端可见的同名 SoundEmitter 调用由钩子处理；纯服务端直接复制声音无法被 Lua 通用枚举,原版 Controller Vibration=ON；Mod=ON；活动手柄已连接；非暂停；同事件/实体/实例短窗去重；空间距离过滤,ENVIRONMENT 以 Sim.SetListener 三维位置进行世界空间平滑衰减，默认近—远 8–46 单位；超距归零，可由 Spatial Reach 缩放,环境双段脉冲包络,条件覆盖：事件表语义完整，触发可观察性由引擎路径决定
274,dontstarve/creatures/hound/distant,ENVIRONMENT,1.0,True,1.0,False,371,1,1,"haptics.lua 第 371 行注册；触发证据：prefabs/houndwarning.lua:19 inst.SoundEmitter:PlaySound(""dontstarve/creatures/hound/distant"")",客户端可见的同名 SoundEmitter 调用由钩子处理；纯服务端直接复制声音无法被 Lua 通用枚举,原版 Controller Vibration=ON；Mod=ON；活动手柄已连接；非暂停；同事件/实体/实例短窗去重；空间距离过滤,ENVIRONMENT 以 Sim.SetListener 三维位置进行世界空间平滑衰减，默认近—远 8–46 单位；超距归零，可由 Spatial Reach 缩放,环境双段脉冲包络,条件覆盖：事件表语义完整，触发可观察性由引擎路径决定
275,dontstarve/creatures/worm/distant,ENVIRONMENT,1.0,True,1.0,False,372,1,1,"haptics.lua 第 372 行注册；触发证据：prefabs/wormwarning.lua:19 local sound = soundoveride or ""dontstarve/creatures/worm/distant""",客户端可见的同名 SoundEmitter 调用由钩子处理；纯服务端直接复制声音无法被 Lua 通用枚举,原版 Controller Vibration=ON；Mod=ON；活动手柄已连接；非暂停；同事件/实体/实例短窗去重；空间距离过滤,ENVIRONMENT 以 Sim.SetListener 三维位置进行世界空间平滑衰减，默认近—远 8–46 单位；超距归零，可由 Spatial Reach 缩放,环境双段脉冲包络,条件覆盖：事件表语义完整，触发可观察性由引擎路径决定
276,dontstarve/creatures/worm/emerge,ENVIRONMENT,1.0,True,1.0,False,373,1,4,"haptics.lua 第 373 行注册；触发证据：stategraphs/SGworm.lua:149 inst.SoundEmitter:PlaySound(""dontstarve/creatures/worm/emerge"")；stategraphs/SGworm.lua:189 inst.SoundEmitter:PlaySound(""dontstarve/creatures/worm/emerge"")；stategraphs/SGworm.lua:229 inst.SoundEmitter:PlaySound(""dontstarve/creatures/worm/emerge"")；另 1 处",客户端可见的同名 SoundEmitter 调用由钩子处理；纯服务端直接复制声音无法被 Lua 通用枚举,原版 Controller Vibration=ON；Mod=ON；活动手柄已连接；非暂停；同事件/实体/实例短窗去重；空间距离过滤,ENVIRONMENT 以 Sim.SetListener 三维位置进行世界空间平滑衰减，默认近—远 8–46 单位；超距归零，可由 Spatial Reach 缩放,环境双段脉冲包络,条件覆盖：事件表语义完整，触发可观察性由引擎路径决定
277,dontstarve/characters/walter/woby/big/footstep,ENVIRONMENT,1.0,True,1.0,False,374,1,48,"haptics.lua 第 374 行注册；触发证据：prefabs/wobybig.lua:48 walk = ""dontstarve/characters/walter/woby/big/footstep"",；stategraphs/SGwilson.lua:11513 inst.SoundEmitter:PlaySoundWithParams(""dontstarve/characters/walter/woby/big/footstep"", { intensity = 1 }, nil, true)；stategraphs/SGwilson.lua:11520 inst.SoundEmitter:PlaySoundWithParams(""dontstarve/characters/walter/woby/big/footstep"", { intensity = 1 }, nil, true)；另 45 处",客户端 Lua 路径由 SoundEmitter 钩子精确处理；服务端直接复制路径依赖同事件是否也有客户端回调,原版 Controller Vibration=ON；Mod=ON；活动手柄已连接；非暂停；同事件/实体/实例短窗去重；空间距离过滤,ENVIRONMENT 以 Sim.SetListener 三维位置进行世界空间平滑衰减，默认近—远 8–46 单位；超距归零，可由 Spatial Reach 缩放,脚步/落地双脉冲包络,混合：客户端路径精确，纯服务端路径存在引擎可观察性限制
278,dontstarve/beefalo/fart,ENVIRONMENT,1.0,True,1.0,False,375,1,1,"haptics.lua 第 375 行注册；触发证据：stategraphs/SGBeefalo.lua:547 TimeEvent(9*FRAMES, function(inst) inst.SoundEmitter:PlaySound(""dontstarve/beefalo/fart"") end),",客户端可见的同名 SoundEmitter 调用由钩子处理；纯服务端直接复制声音无法被 Lua 通用枚举,原版 Controller Vibration=ON；Mod=ON；活动手柄已连接；非暂停；同事件/实体/实例短窗去重；空间距离过滤,ENVIRONMENT 以 Sim.SetListener 三维位置进行世界空间平滑衰减，默认近—远 8–46 单位；超距归零，可由 Spatial Reach 缩放,环境双段脉冲包络,条件覆盖：事件表语义完整，触发可观察性由引擎路径决定
279,dontstarve/tentacle/tentapiller_emerge,ENVIRONMENT,1.0,True,1.0,False,376,1,1,"haptics.lua 第 376 行注册；触发证据：prefabs/tentacle_pillar.lua:150 inst.SoundEmitter:PlaySound(""dontstarve/tentacle/tentapiller_emerge"")",客户端可见的同名 SoundEmitter 调用由钩子处理；纯服务端直接复制声音无法被 Lua 通用枚举,原版 Controller Vibration=ON；Mod=ON；活动手柄已连接；非暂停；同事件/实体/实例短窗去重；空间距离过滤,ENVIRONMENT 以 Sim.SetListener 三维位置进行世界空间平滑衰减，默认近—远 8–46 单位；超距归零，可由 Spatial Reach 缩放,环境双段脉冲包络,条件覆盖：事件表语义完整，触发可观察性由引擎路径决定
280,dontstarve/tentacle/tentapiller_die,ENVIRONMENT,1.0,True,1.0,False,377,1,1,"haptics.lua 第 377 行注册；触发证据：prefabs/tentacle_pillar.lua:238 inst.SoundEmitter:PlaySound(""dontstarve/tentacle/tentapiller_die"")",客户端可见的同名 SoundEmitter 调用由钩子处理；纯服务端直接复制声音无法被 Lua 通用枚举,原版 Controller Vibration=ON；Mod=ON；活动手柄已连接；非暂停；同事件/实体/实例短窗去重；空间距离过滤,ENVIRONMENT 以 Sim.SetListener 三维位置进行世界空间平滑衰减，默认近—远 8–46 单位；超距归零，可由 Spatial Reach 缩放,环境双段脉冲包络,条件覆盖：事件表语义完整，触发可观察性由引擎路径决定
281,dontstarve/tentacle/tentapiller_die_VO,ENVIRONMENT,1.0,True,1.0,False,378,1,1,"haptics.lua 第 378 行注册；触发证据：prefabs/tentacle_pillar.lua:239 inst.SoundEmitter:PlaySound(""dontstarve/tentacle/tentapiller_die_VO"")",客户端可见的同名 SoundEmitter 调用由钩子处理；纯服务端直接复制声音无法被 Lua 通用枚举,原版 Controller Vibration=ON；Mod=ON；活动手柄已连接；非暂停；同事件/实体/实例短窗去重；空间距离过滤,ENVIRONMENT 以 Sim.SetListener 三维位置进行世界空间平滑衰减，默认近—远 8–46 单位；超距归零，可由 Spatial Reach 缩放,环境双段脉冲包络,条件覆盖：事件表语义完整，触发可观察性由引擎路径决定
282,rifts7/vault_crawler/roll_LP,ENVIRONMENT,1.0,True,1.0,False,379,1,1,"haptics.lua 第 379 行注册；触发证据：stategraphs/SGvault_crawler.lua:578 inst.SoundEmitter:PlaySound(""rifts7/vault_crawler/roll_LP"", ""rolling"")",SoundEmitter 具名循环钩子；PlayingSound、SetParameter、SetVolume、KillSound/KillAllSounds 驱动,原版 Controller Vibration=ON；Mod=ON；活动手柄已连接；非暂停；同事件/实体/实例短窗去重；空间距离过滤,ENVIRONMENT 以 Sim.SetListener 三维位置进行世界空间平滑衰减，默认近—远 8–46 单位；超距归零，可由 Spatial Reach 缩放,具名循环：85 ms 更新、100 ms 连续脉冲；KillSound/音量/实体/暂停/卸载控制生命周期,高（客户端 Lua 可见循环）；已验证参数逐事件映射，未知参数保持中性
283,rifts4/rope_bridge/shake_lp,ENVIRONMENT,1.0,True,1.0,False,382,1,4,"haptics.lua 第 382 行注册；触发证据：prefabs/rope_bridge.lua:143 inst.SoundEmitter:PlaySound(""rifts4/rope_bridge/shake_lp"", ""shake_lp"")；prefabs/rope_bridge.lua:176 inst.SoundEmitter:PlaySound(""rifts4/rope_bridge/shake_lp"", ""shake_lp"")；prefabs/worm.lua:494 inst.loop_sound = ""rifts4/rope_bridge/shake_lp""；另 1 处",SoundEmitter 具名循环钩子；PlayingSound、SetParameter、SetVolume、KillSound/KillAllSounds 驱动,原版 Controller Vibration=ON；Mod=ON；活动手柄已连接；非暂停；同事件/实体/实例短窗去重；空间距离过滤,ENVIRONMENT 以 Sim.SetListener 三维位置进行世界空间平滑衰减，默认近—远 8–46 单位；超距归零，可由 Spatial Reach 缩放,具名循环：85 ms 更新、100 ms 连续脉冲；KillSound/音量/实体/暂停/卸载控制生命周期,高（客户端 Lua 可见循环）；已验证参数逐事件映射，未知参数保持中性
284,dontstarve/cave/earthquake,ENVIRONMENT,1.0,True,1.0,False,383,1,3,"haptics.lua 第 383 行注册；触发证据：components/quaker.lua:571 _world.SoundEmitter:PlaySound(""dontstarve/cave/earthquake"", ""earthquake"")；components/quaker.lua:582 _world.SoundEmitter:PlaySound(""dontstarve/cave/earthquake"", ""miniearthquake"")；prefabs/alterguardian_phase2spike.lua:254 inst.SoundEmitter:PlaySound(""dontstarve/cave/earthquake"", ""earthquake"")",客户端可见的同名 SoundEmitter 调用由钩子处理；纯服务端直接复制声音无法被 Lua 通用枚举,原版 Controller Vibration=ON；Mod=ON；活动手柄已连接；非暂停；同事件/实体/实例短窗去重；空间距离过滤,ENVIRONMENT 以 Sim.SetListener 三维位置进行世界空间平滑衰减，默认近—远 8–46 单位；超距归零，可由 Spatial Reach 缩放,环境双段脉冲包络,条件覆盖：事件表语义完整，触发可观察性由引擎路径决定
285,dontstarve/forest/treeFall,ENVIRONMENT,1.0,True,1.0,False,384,1,1,"haptics.lua 第 384 行注册；触发证据：stategraphs/SGLeif.lua:48 inst.SoundEmitter:PlaySound(""dontstarve/forest/treeFall"")",客户端可见的同名 SoundEmitter 调用由钩子处理；纯服务端直接复制声音无法被 Lua 通用枚举,原版 Controller Vibration=ON；Mod=ON；活动手柄已连接；非暂停；同事件/实体/实例短窗去重；空间距离过滤,ENVIRONMENT 以 Sim.SetListener 三维位置进行世界空间平滑衰减，默认近—远 8–46 单位；超距归零，可由 Spatial Reach 缩放,环境双段脉冲包络,条件覆盖：事件表语义完整，触发可观察性由引擎路径决定
286,dontstarve/creatures/deerclops/distant,BOSS,1.0,True,1.0,False,389,1,5,"haptics.lua 第 389 行注册；触发证据：prefabs/monsterwarningsounds.lua:14 sound = ""dontstarve/creatures/deerclops/distant"",；prefabs/monsterwarningsounds.lua:18 sound = ""dontstarve/creatures/deerclops/distant"",；prefabs/monsterwarningsounds.lua:22 sound = ""dontstarve/creatures/deerclops/distant"",；另 2 处",客户端可见的同名 SoundEmitter 调用由钩子处理；纯服务端直接复制声音无法被 Lua 通用枚举,原版 Controller Vibration=ON；Mod=ON；活动手柄已连接；非暂停；同事件/实体/实例短窗去重；空间距离过滤,BOSS 以 Sim.SetListener 三维位置进行世界空间平滑衰减，默认近—远 12–64 单位；超距归零，可由 Spatial Reach 缩放,Boss 双段重脉冲包络,条件覆盖：事件表语义完整，触发可观察性由引擎路径决定
287,dontstarve/creatures/deerclops/ice_large,BOSS,1.0,True,1.0,False,390,1,0,haptics.lua 第 390 行注册；触发证据：当前 Lua 源码无字面引用（可能由动态变量、资源/引擎路径触发，或为保留定义）,事件仍动态入索引；出现客户端 SoundEmitter 调用时自动处理,原版 Controller Vibration=ON；Mod=ON；活动手柄已连接；非暂停；同事件/实体/实例短窗去重；空间距离过滤,BOSS 以 Sim.SetListener 三维位置进行世界空间平滑衰减，默认近—远 12–64 单位；超距归零，可由 Spatial Reach 缩放,Boss 双段重脉冲包络,保留未来/动态入口；当前源码无字面触发点，不能伪造触发
288,dontstarve/creatures/deerclops/laser,BOSS,1.0,True,1.0,False,391,1,1,"haptics.lua 第 391 行注册；触发证据：stategraphs/SGdeerclops.lua:994 inst.SoundEmitter:PlaySound(""dontstarve/creatures/deerclops/laser"")",客户端可见的同名 SoundEmitter 调用由钩子处理；纯服务端直接复制声音无法被 Lua 通用枚举,原版 Controller Vibration=ON；Mod=ON；活动手柄已连接；非暂停；同事件/实体/实例短窗去重；空间距离过滤,BOSS 以 Sim.SetListener 三维位置进行世界空间平滑衰减，默认近—远 12–64 单位；超距归零，可由 Spatial Reach 缩放,Boss 双段重脉冲包络,条件覆盖：事件表语义完整，触发可观察性由引擎路径决定
289,dontstarve/creatures/deerclops/swipe,BOSS,1.0,True,1.0,False,392,1,2,"haptics.lua 第 392 行注册；触发证据：prefabs/deerclops.lua:64 swipe = ""dontstarve/creatures/deerclops/swipe"",；prefabs/deerclops.lua:77 swipe = ""dontstarve/creatures/deerclops/swipe"",",客户端可见的同名 SoundEmitter 调用由钩子处理；纯服务端直接复制声音无法被 Lua 通用枚举,原版 Controller Vibration=ON；Mod=ON；活动手柄已连接；非暂停；同事件/实体/实例短窗去重；空间距离过滤,BOSS 以 Sim.SetListener 三维位置进行世界空间平滑衰减，默认近—远 12–64 单位；超距归零，可由 Spatial Reach 缩放,Boss 双段重脉冲包络,条件覆盖：事件表语义完整，触发可观察性由引擎路径决定
290,dontstarve/creatures/deerclops/charge,BOSS,1.0,True,1.0,False,393,1,2,"haptics.lua 第 393 行注册；触发证据：prefabs/deerclops.lua:65 charge = ""dontstarve/creatures/deerclops/charge"",；prefabs/deerclops.lua:78 charge = ""dontstarve/creatures/deerclops/charge"",",客户端可见的同名 SoundEmitter 调用由钩子处理；纯服务端直接复制声音无法被 Lua 通用枚举,原版 Controller Vibration=ON；Mod=ON；活动手柄已连接；非暂停；同事件/实体/实例短窗去重；空间距离过滤,BOSS 以 Sim.SetListener 三维位置进行世界空间平滑衰减，默认近—远 12–64 单位；超距归零，可由 Spatial Reach 缩放,Boss 双段重脉冲包络,条件覆盖：事件表语义完整，触发可观察性由引擎路径决定
291,dontstarve/creatures/deerclops/step,BOSS,1.0,True,1.0,False,394,1,2,"haptics.lua 第 394 行注册；触发证据：prefabs/deerclops.lua:58 step = ""dontstarve/creatures/deerclops/step"",；prefabs/deerclops.lua:71 step = ""dontstarve/creatures/deerclops/step"",",客户端可见的同名 SoundEmitter 调用由钩子处理；纯服务端直接复制声音无法被 Lua 通用枚举,原版 Controller Vibration=ON；Mod=ON；活动手柄已连接；非暂停；同事件/实体/实例短窗去重；空间距离过滤,BOSS 以 Sim.SetListener 三维位置进行世界空间平滑衰减，默认近—远 12–64 单位；超距归零，可由 Spatial Reach 缩放,脚步/落地双脉冲包络,条件覆盖：事件表语义完整，触发可观察性由引擎路径决定
292,dontstarve/creatures/deerclops/taunt_grrr,BOSS,1.0,True,1.0,False,395,1,1,"haptics.lua 第 395 行注册；触发证据：prefabs/deerclops.lua:59 taunt_grrr = ""dontstarve/creatures/deerclops/taunt_grrr"",",客户端可见的同名 SoundEmitter 调用由钩子处理；纯服务端直接复制声音无法被 Lua 通用枚举,原版 Controller Vibration=ON；Mod=ON；活动手柄已连接；非暂停；同事件/实体/实例短窗去重；空间距离过滤,BOSS 以 Sim.SetListener 三维位置进行世界空间平滑衰减，默认近—远 12–64 单位；超距归零，可由 Spatial Reach 缩放,咆哮/蓄力三段包络（上升—峰值—衰减）,条件覆盖：事件表语义完整，触发可观察性由引擎路径决定
293,dontstarve/creatures/deerclops/taunt_howl,BOSS,1.0,True,1.0,False,396,1,2,"haptics.lua 第 396 行注册；触发证据：prefabs/deerclops.lua:60 taunt_howl = ""dontstarve/creatures/deerclops/taunt_howl"",；stategraphs/SGmalbatross.lua:426 TimeEvent(16 * FRAMES, function(inst) inst.SoundEmitter:PlaySound(""dontstarve/creatures/deerclops/taunt_howl"") end),",客户端可见的同名 SoundEmitter 调用由钩子处理；纯服务端直接复制声音无法被 Lua 通用枚举,原版 Controller Vibration=ON；Mod=ON；活动手柄已连接；非暂停；同事件/实体/实例短窗去重；空间距离过滤,BOSS 以 Sim.SetListener 三维位置进行世界空间平滑衰减，默认近—远 12–64 单位；超距归零，可由 Spatial Reach 缩放,咆哮/蓄力三段包络（上升—峰值—衰减）,条件覆盖：事件表语义完整，触发可观察性由引擎路径决定
294,dontstarve/creatures/deerclops/bodyfall_snow,BOSS,1.0,True,1.0,False,397,1,2,"haptics.lua 第 397 行注册；触发证据：stategraphs/SGdeerclops.lua:828 inst.SoundEmitter:PlaySound(""dontstarve/creatures/deerclops/bodyfall_snow"")；stategraphs/SGdeerclops.lua:1563 inst.SoundEmitter:PlaySound(""dontstarve/creatures/deerclops/bodyfall_snow"")",客户端可见的同名 SoundEmitter 调用由钩子处理；纯服务端直接复制声音无法被 Lua 通用枚举,原版 Controller Vibration=ON；Mod=ON；活动手柄已连接；非暂停；同事件/实体/实例短窗去重；空间距离过滤,BOSS 以 Sim.SetListener 三维位置进行世界空间平滑衰减，默认近—远 12–64 单位；超距归零，可由 Spatial Reach 缩放,爆炸/重击三段冲击包络,条件覆盖：事件表语义完整，触发可观察性由引擎路径决定
295,dontstarve/creatures/deerclops/bodyfall_dirt,BOSS,1.0,True,1.0,False,398,1,2,"haptics.lua 第 398 行注册；触发证据：stategraphs/SGdeerclops.lua:830 inst.SoundEmitter:PlaySound(""dontstarve/creatures/deerclops/bodyfall_dirt"")；stategraphs/SGdeerclops.lua:1565 inst.SoundEmitter:PlaySound(""dontstarve/creatures/deerclops/bodyfall_dirt"")",客户端可见的同名 SoundEmitter 调用由钩子处理；纯服务端直接复制声音无法被 Lua 通用枚举,原版 Controller Vibration=ON；Mod=ON；活动手柄已连接；非暂停；同事件/实体/实例短窗去重；空间距离过滤,BOSS 以 Sim.SetListener 三维位置进行世界空间平滑衰减，默认近—远 12–64 单位；超距归零，可由 Spatial Reach 缩放,爆炸/重击三段冲击包络,条件覆盖：事件表语义完整，触发可观察性由引擎路径决定
296,rifts3/mutated_deerclops/ice_crackling_LP,BOSS,1.0,True,1.0,False,400,1,4,"haptics.lua 第 400 行注册；触发证据：stategraphs/SGdeerclops.lua:1229 inst.SoundEmitter:PlaySound(""rifts3/mutated_deerclops/ice_crackling_LP"", ""loop"")；stategraphs/SGdeerclops.lua:1326 inst.SoundEmitter:PlaySound(""rifts3/mutated_deerclops/ice_crackling_LP"", ""loop"")；stategraphs/SGdeerclops.lua:1722 inst.SoundEmitter:PlaySound(""rifts3/mutated_deerclops/ice_crackling_LP"", ""loop"")；另 1 处",SoundEmitter 具名循环钩子；PlayingSound、SetParameter、SetVolume、KillSound/KillAllSounds 驱动,原版 Controller Vibration=ON；Mod=ON；活动手柄已连接；非暂停；同事件/实体/实例短窗去重；空间距离过滤,BOSS 以 Sim.SetListener 三维位置进行世界空间平滑衰减，默认近—远 12–64 单位；超距归零，可由 Spatial Reach 缩放,具名循环：85 ms 更新、100 ms 连续脉冲；KillSound/音量/实体/暂停/卸载控制生命周期,高（客户端 Lua 可见循环）；已验证参数逐事件映射，未知参数保持中性
297,rifts3/mutated_deerclops/ice_grow_4f_leadin,BOSS,1.0,True,1.0,False,401,1,11,"haptics.lua 第 401 行注册；触发证据：stategraphs/SGdeerclops.lua:1255 inst.SoundEmitter:PlaySound(""rifts3/mutated_deerclops/ice_grow_4f_leadin"")；stategraphs/SGdeerclops.lua:1265 inst.SoundEmitter:PlaySound(""rifts3/mutated_deerclops/ice_grow_4f_leadin"")；stategraphs/SGdeerclops.lua:1278 inst.SoundEmitter:PlaySound(""rifts3/mutated_deerclops/ice_grow_4f_leadin"")；另 8 处",客户端可见的同名 SoundEmitter 调用由钩子处理；纯服务端直接复制声音无法被 Lua 通用枚举,原版 Controller Vibration=ON；Mod=ON；活动手柄已连接；非暂停；同事件/实体/实例短窗去重；空间距离过滤,BOSS 以 Sim.SetListener 三维位置进行世界空间平滑衰减，默认近—远 12–64 单位；超距归零，可由 Spatial Reach 缩放,Boss 双段重脉冲包络,条件覆盖：事件表语义完整，触发可观察性由引擎路径决定
298,rifts3/mutated_deerclops/taunt_grrr,BOSS,1.0,True,1.0,False,402,1,1,"haptics.lua 第 402 行注册；触发证据：prefabs/deerclops.lua:72 taunt_grrr = ""rifts3/mutated_deerclops/taunt_grrr"",",客户端可见的同名 SoundEmitter 调用由钩子处理；纯服务端直接复制声音无法被 Lua 通用枚举,原版 Controller Vibration=ON；Mod=ON；活动手柄已连接；非暂停；同事件/实体/实例短窗去重；空间距离过滤,BOSS 以 Sim.SetListener 三维位置进行世界空间平滑衰减，默认近—远 12–64 单位；超距归零，可由 Spatial Reach 缩放,咆哮/蓄力三段包络（上升—峰值—衰减）,条件覆盖：事件表语义完整，触发可观察性由引擎路径决定
299,rifts3/mutated_deerclops/taunt_howl,BOSS,1.0,True,1.0,False,403,1,1,"haptics.lua 第 403 行注册；触发证据：prefabs/deerclops.lua:73 taunt_howl = ""rifts3/mutated_deerclops/taunt_howl"",",客户端可见的同名 SoundEmitter 调用由钩子处理；纯服务端直接复制声音无法被 Lua 通用枚举,原版 Controller Vibration=ON；Mod=ON；活动手柄已连接；非暂停；同事件/实体/实例短窗去重；空间距离过滤,BOSS 以 Sim.SetListener 三维位置进行世界空间平滑衰减，默认近—远 12–64 单位；超距归零，可由 Spatial Reach 缩放,咆哮/蓄力三段包络（上升—峰值—衰减）,条件覆盖：事件表语义完整，触发可观察性由引擎路径决定
300,rifts3/mutated_deerclops/ice_throw_f13,BOSS,1.0,True,1.0,False,404,1,1,"haptics.lua 第 404 行注册；触发证据：stategraphs/SGdeerclops.lua:1100 FrameEvent(8, function(inst) inst.SoundEmitter:PlaySound(""rifts3/mutated_deerclops/ice_throw_f13"") end),",客户端可见的同名 SoundEmitter 调用由钩子处理；纯服务端直接复制声音无法被 Lua 通用枚举,原版 Controller Vibration=ON；Mod=ON；活动手柄已连接；非暂停；同事件/实体/实例短窗去重；空间距离过滤,BOSS 以 Sim.SetListener 三维位置进行世界空间平滑衰减，默认近—远 12–64 单位；超距归零，可由 Spatial Reach 缩放,Boss 双段重脉冲包络,条件覆盖：事件表语义完整，触发可观察性由引擎路径决定
301,rifts3/mutated_deerclops/ice_throw_f47,BOSS,1.0,True,1.0,False,405,1,1,"haptics.lua 第 405 行注册；触发证据：stategraphs/SGdeerclops.lua:1140 FrameEvent(47, function(inst) inst.SoundEmitter:PlaySound(""rifts3/mutated_deerclops/ice_throw_f47"") end),",客户端可见的同名 SoundEmitter 调用由钩子处理；纯服务端直接复制声音无法被 Lua 通用枚举,原版 Controller Vibration=ON；Mod=ON；活动手柄已连接；非暂停；同事件/实体/实例短窗去重；空间距离过滤,BOSS 以 Sim.SetListener 三维位置进行世界空间平滑衰减，默认近—远 12–64 单位；超距归零，可由 Spatial Reach 缩放,Boss 双段重脉冲包络,条件覆盖：事件表语义完整，触发可观察性由引擎路径决定
302,dontstarve_DLC001/creatures/bearger/distant,BOSS,1.0,True,1.0,False,410,1,4,"haptics.lua 第 410 行注册；触发证据：prefabs/monsterwarningsounds.lua:37 sound = ""dontstarve_DLC001/creatures/bearger/distant"",；prefabs/monsterwarningsounds.lua:41 sound = ""dontstarve_DLC001/creatures/bearger/distant"",；prefabs/monsterwarningsounds.lua:45 sound = ""dontstarve_DLC001/creatures/bearger/distant"",；另 1 处",客户端可见的同名 SoundEmitter 调用由钩子处理；纯服务端直接复制声音无法被 Lua 通用枚举,原版 Controller Vibration=ON；Mod=ON；活动手柄已连接；非暂停；同事件/实体/实例短窗去重；空间距离过滤,BOSS 以 Sim.SetListener 三维位置进行世界空间平滑衰减，默认近—远 12–64 单位；超距归零，可由 Spatial Reach 缩放,Boss 双段重脉冲包络,条件覆盖：事件表语义完整，触发可观察性由引擎路径决定
303,dontstarve_DLC001/creatures/bearger/groundpound,BOSS,1.0,True,1.0,False,411,1,7,"haptics.lua 第 411 行注册；触发证据：stategraphs/SGbearger.lua:1170 inst.SoundEmitter:PlaySound(""dontstarve_DLC001/creatures/bearger/groundpound"")；stategraphs/SGbearger.lua:1561 FrameEvent(46, function(inst) inst.SoundEmitter:PlaySound(""dontstarve_DLC001/creatures/bearger/groundpound"") end),；stategraphs/SGklaus.lua:310 inst.SoundEmitter:PlaySound(""dontstarve_DLC001/creatures/bearger/groundpound"")；另 4 处",客户端可见的同名 SoundEmitter 调用由钩子处理；纯服务端直接复制声音无法被 Lua 通用枚举,原版 Controller Vibration=ON；Mod=ON；活动手柄已连接；非暂停；同事件/实体/实例短窗去重；空间距离过滤,BOSS 以 Sim.SetListener 三维位置进行世界空间平滑衰减，默认近—远 12–64 单位；超距归零，可由 Spatial Reach 缩放,爆炸/重击三段冲击包络,条件覆盖：事件表语义完整，触发可观察性由引擎路径决定
304,dontstarve_DLC001/creatures/bearger/taunt,BOSS,1.0,True,1.0,False,412,1,1,"haptics.lua 第 412 行注册；触发证据：prefabs/bearger.lua:56 taunt = ""dontstarve_DLC001/creatures/bearger/taunt"",",客户端可见的同名 SoundEmitter 调用由钩子处理；纯服务端直接复制声音无法被 Lua 通用枚举,原版 Controller Vibration=ON；Mod=ON；活动手柄已连接；非暂停；同事件/实体/实例短窗去重；空间距离过滤,BOSS 以 Sim.SetListener 三维位置进行世界空间平滑衰减，默认近—远 12–64 单位；超距归零，可由 Spatial Reach 缩放,咆哮/蓄力三段包络（上升—峰值—衰减）,条件覆盖：事件表语义完整，触发可观察性由引擎路径决定
305,dontstarve_DLC001/creatures/bearger/taunt_short,BOSS,1.0,True,1.0,False,413,1,1,"haptics.lua 第 413 行注册；触发证据：prefabs/bearger.lua:57 taunt_short = ""dontstarve_DLC001/creatures/bearger/taunt_short"",",客户端可见的同名 SoundEmitter 调用由钩子处理；纯服务端直接复制声音无法被 Lua 通用枚举,原版 Controller Vibration=ON；Mod=ON；活动手柄已连接；非暂停；同事件/实体/实例短窗去重；空间距离过滤,BOSS 以 Sim.SetListener 三维位置进行世界空间平滑衰减，默认近—远 12–64 单位；超距归零，可由 Spatial Reach 缩放,咆哮/蓄力三段包络（上升—峰值—衰减）,条件覆盖：事件表语义完整，触发可观察性由引擎路径决定
306,dontstarve_DLC001/creatures/bearger/step_stomp,BOSS,1.0,True,1.0,False,414,1,5,"haptics.lua 第 414 行注册；触发证据：stategraphs/SGbearger.lua:442 inst.SoundEmitter:PlaySound(""dontstarve_DLC001/creatures/bearger/step_stomp"")；stategraphs/SGbearger.lua:2075 inst.SoundEmitter:PlaySound(""dontstarve_DLC001/creatures/bearger/step_stomp"")；stategraphs/SGbearger.lua:2082 inst.SoundEmitter:PlaySound(""dontstarve_DLC001/creatures/bearger/step_stomp"")；另 2 处",客户端可见的同名 SoundEmitter 调用由钩子处理；纯服务端直接复制声音无法被 Lua 通用枚举,原版 Controller Vibration=ON；Mod=ON；活动手柄已连接；非暂停；同事件/实体/实例短窗去重；空间距离过滤,BOSS 以 Sim.SetListener 三维位置进行世界空间平滑衰减，默认近—远 12–64 单位；超距归零，可由 Spatial Reach 缩放,脚步/落地双脉冲包络,条件覆盖：事件表语义完整，触发可观察性由引擎路径决定
307,dontstarve_DLC001/creatures/bearger/grrrr,BOSS,1.0,True,1.0,False,415,1,1,"haptics.lua 第 415 行注册；触发证据：prefabs/bearger.lua:58 growl = ""dontstarve_DLC001/creatures/bearger/grrrr"",",客户端可见的同名 SoundEmitter 调用由钩子处理；纯服务端直接复制声音无法被 Lua 通用枚举,原版 Controller Vibration=ON；Mod=ON；活动手柄已连接；非暂停；同事件/实体/实例短窗去重；空间距离过滤,BOSS 以 Sim.SetListener 三维位置进行世界空间平滑衰减，默认近—远 12–64 单位；超距归零，可由 Spatial Reach 缩放,Boss 双段重脉冲包络,条件覆盖：事件表语义完整，触发可观察性由引擎路径决定
308,dontstarve_DLC001/creatures/bearger/attack,BOSS,1.0,True,1.0,False,416,1,1,"haptics.lua 第 416 行注册；触发证据：prefabs/bearger.lua:52 attack = ""dontstarve_DLC001/creatures/bearger/attack"",",客户端可见的同名 SoundEmitter 调用由钩子处理；纯服务端直接复制声音无法被 Lua 通用枚举,原版 Controller Vibration=ON；Mod=ON；活动手柄已连接；非暂停；同事件/实体/实例短窗去重；空间距离过滤,BOSS 以 Sim.SetListener 三维位置进行世界空间平滑衰减，默认近—远 12–64 单位；超距归零，可由 Spatial Reach 缩放,挥动/攻击双脉冲包络,条件覆盖：事件表语义完整，触发可观察性由引擎路径决定
309,dontstarve_DLC001/creatures/bearger/swhoosh,BOSS,1.0,True,1.0,False,417,1,8,"haptics.lua 第 417 行注册；触发证据：stategraphs/SGalterguardian_phase2.lua:222 inst.SoundEmitter:PlaySound(""dontstarve_DLC001/creatures/bearger/swhoosh"")；stategraphs/SGalterguardian_phase2.lua:610 inst.SoundEmitter:PlaySound(""dontstarve_DLC001/creatures/bearger/swhoosh"")；stategraphs/SGbearger.lua:808 FrameEvent(28, function(inst) inst.SoundEmitter:PlaySound(""dontstarve_DLC001/creatures/bearger/swhoosh"") end),；另 5 处",客户端可见的同名 SoundEmitter 调用由钩子处理；纯服务端直接复制声音无法被 Lua 通用枚举,原版 Controller Vibration=ON；Mod=ON；活动手柄已连接；非暂停；同事件/实体/实例短窗去重；空间距离过滤,BOSS 以 Sim.SetListener 三维位置进行世界空间平滑衰减，默认近—远 12–64 单位；超距归零，可由 Spatial Reach 缩放,挥动/攻击双脉冲包络,条件覆盖：事件表语义完整，触发可观察性由引擎路径决定
310,rifts3/mutated_bearger/mutate,BOSS,1.0,True,1.0,False,418,1,3,"haptics.lua 第 418 行注册；触发证据：stategraphs/SGbearger.lua:2279 SoundFrameEvent(82, ""rifts3/mutated_bearger/mutate_pre_cracks_f0"")；stategraphs/SGbearger.lua:2285 SoundFrameEvent(125, ""rifts3/mutated_bearger/mutate""),；stategraphs/SGbearger.lua:2303 inst.SoundEmitter:PlaySound(""rifts3/mutated_bearger/mutate_pre_tone_f0"")",客户端可见的同名 SoundEmitter 调用由钩子处理；纯服务端直接复制声音无法被 Lua 通用枚举,原版 Controller Vibration=ON；Mod=ON；活动手柄已连接；非暂停；同事件/实体/实例短窗去重；空间距离过滤,BOSS 以 Sim.SetListener 三维位置进行世界空间平滑衰减，默认近—远 12–64 单位；超距归零，可由 Spatial Reach 缩放,Boss 双段重脉冲包络,条件覆盖：事件表语义完整，触发可观察性由引擎路径决定
311,rifts3/mutated_bearger/taunt,BOSS,1.0,True,1.0,False,419,1,3,"haptics.lua 第 419 行注册；触发证据：prefabs/bearger.lua:68 taunt = ""rifts3/mutated_bearger/taunt"",；prefabs/bearger.lua:69 taunt_short = ""rifts3/mutated_bearger/taunt_short"",；stategraphs/SGbearger.lua:2307 inst.SoundEmitter:PlaySound(""rifts3/mutated_bearger/taunt"")",客户端可见的同名 SoundEmitter 调用由钩子处理；纯服务端直接复制声音无法被 Lua 通用枚举,原版 Controller Vibration=ON；Mod=ON；活动手柄已连接；非暂停；同事件/实体/实例短窗去重；空间距离过滤,BOSS 以 Sim.SetListener 三维位置进行世界空间平滑衰减，默认近—远 12–64 单位；超距归零，可由 Spatial Reach 缩放,咆哮/蓄力三段包络（上升—峰值—衰减）,条件覆盖：事件表语义完整，触发可观察性由引擎路径决定
312,rifts3/mutated_bearger/buttslam,BOSS,1.0,True,1.0,False,420,1,1,"haptics.lua 第 420 行注册；触发证据：stategraphs/SGbearger.lua:1391 inst.SoundEmitter:PlaySound(""rifts3/mutated_bearger/buttslam"")",客户端可见的同名 SoundEmitter 调用由钩子处理；纯服务端直接复制声音无法被 Lua 通用枚举,原版 Controller Vibration=ON；Mod=ON；活动手柄已连接；非暂停；同事件/实体/实例短窗去重；空间距离过滤,BOSS 以 Sim.SetListener 三维位置进行世界空间平滑衰减，默认近—远 12–64 单位；超距归零，可由 Spatial Reach 缩放,爆炸/重击三段冲击包络,条件覆盖：事件表语义完整，触发可观察性由引擎路径决定
313,ancientguardian_rework/minotaur2/walk,BOSS,1.0,True,1.0,False,424,1,1,"haptics.lua 第 424 行注册；触发证据：stategraphs/SGminotaur.lua:700 inst.SoundEmitter:PlaySound(""ancientguardian_rework/minotaur2/walk"")",客户端可见的同名 SoundEmitter 调用由钩子处理；纯服务端直接复制声音无法被 Lua 通用枚举,原版 Controller Vibration=ON；Mod=ON；活动手柄已连接；非暂停；同事件/实体/实例短窗去重；空间距离过滤,BOSS 以 Sim.SetListener 三维位置进行世界空间平滑衰减，默认近—远 12–64 单位；超距归零，可由 Spatial Reach 缩放,Boss 双段重脉冲包络,条件覆盖：事件表语义完整，触发可观察性由引擎路径决定
314,ancientguardian_rework/minotaur2/step,BOSS,1.0,True,1.0,False,425,1,6,"haptics.lua 第 425 行注册；触发证据：stategraphs/SGminotaur.lua:201 inst.SoundEmitter:PlaySound(""ancientguardian_rework/minotaur2/step"")；stategraphs/SGminotaur.lua:210 TimeEvent(5 * FRAMES, function(inst) inst.SoundEmitter:PlaySound(""ancientguardian_rework/minotaur2/step"") end),；stategraphs/SGminotaur.lua:432 TimeEvent(8*FRAMES, function(inst) inst.SoundEmitter:PlaySound(""ancientguardian_rework/minotaur2/step"") end),；另 3 处",客户端可见的同名 SoundEmitter 调用由钩子处理；纯服务端直接复制声音无法被 Lua 通用枚举,原版 Controller Vibration=ON；Mod=ON；活动手柄已连接；非暂停；同事件/实体/实例短窗去重；空间距离过滤,BOSS 以 Sim.SetListener 三维位置进行世界空间平滑衰减，默认近—远 12–64 单位；超距归零，可由 Spatial Reach 缩放,脚步/落地双脉冲包络,条件覆盖：事件表语义完整，触发可观察性由引擎路径决定
315,ancientguardian_rework/minotaur2/taunt,BOSS,1.0,True,1.0,False,426,1,3,"haptics.lua 第 426 行注册；触发证据：stategraphs/SGminotaur.lua:249 inst.SoundEmitter:PlaySound(""ancientguardian_rework/minotaur2/taunt"")；stategraphs/SGminotaur.lua:254 --TimeEvent(10 * FRAMES, function(inst) inst.SoundEmitter:PlaySound(""ancientguardian_rework/minotaur2/taunt"") end),；stategraphs/SGminotaur.lua:255 TimeEvent(27 * FRAMES, function(inst) inst.SoundEmitter:PlaySound(""ancientguardian_rework/minotaur2/taunt"") end),",客户端可见的同名 SoundEmitter 调用由钩子处理；纯服务端直接复制声音无法被 Lua 通用枚举,原版 Controller Vibration=ON；Mod=ON；活动手柄已连接；非暂停；同事件/实体/实例短窗去重；空间距离过滤,BOSS 以 Sim.SetListener 三维位置进行世界空间平滑衰减，默认近—远 12–64 单位；超距归零，可由 Spatial Reach 缩放,咆哮/蓄力三段包络（上升—峰值—衰减）,条件覆盖：事件表语义完整，触发可观察性由引擎路径决定
316,ancientguardian_rework/minotaur2/death,BOSS,1.0,True,1.0,False,427,1,1,"haptics.lua 第 427 行注册；触发证据：stategraphs/SGminotaur.lua:371 inst.SoundEmitter:PlaySound(""ancientguardian_rework/minotaur2/death"")",客户端可见的同名 SoundEmitter 调用由钩子处理；纯服务端直接复制声音无法被 Lua 通用枚举,原版 Controller Vibration=ON；Mod=ON；活动手柄已连接；非暂停；同事件/实体/实例短窗去重；空间距离过滤,BOSS 以 Sim.SetListener 三维位置进行世界空间平滑衰减，默认近—远 12–64 单位；超距归零，可由 Spatial Reach 缩放,Boss 双段重脉冲包络,条件覆盖：事件表语义完整，触发可观察性由引擎路径决定
317,ancientguardian_rework/minotaur2/groundpound,BOSS,1.0,True,1.0,False,428,1,2,"haptics.lua 第 428 行注册；触发证据：stategraphs/SGminotaur.lua:400 FrameEvent(52, function(inst) inst.SoundEmitter:PlaySound(""ancientguardian_rework/minotaur2/groundpound"") end),；stategraphs/SGminotaur.lua:524 FrameEvent(8, function(inst) inst.SoundEmitter:PlaySound(""ancientguardian_rework/minotaur2/groundpound"") end),",客户端可见的同名 SoundEmitter 调用由钩子处理；纯服务端直接复制声音无法被 Lua 通用枚举,原版 Controller Vibration=ON；Mod=ON；活动手柄已连接；非暂停；同事件/实体/实例短窗去重；空间距离过滤,BOSS 以 Sim.SetListener 三维位置进行世界空间平滑衰减，默认近—远 12–64 单位；超距归零，可由 Spatial Reach 缩放,爆炸/重击三段冲击包络,条件覆盖：事件表语义完整，触发可观察性由引擎路径决定
318,dontstarve/creatures/together/antlion/taunt,BOSS,1.0,True,1.0,False,431,1,2,"haptics.lua 第 431 行注册；触发证据：stategraphs/SGantlion.lua:186 TimeEvent(7 * FRAMES, function(inst) inst.SoundEmitter:PlaySound(""dontstarve/creatures/together/antlion/taunt"") end),；stategraphs/SGantlion_angry.lua:459 inst.SoundEmitter:PlaySound(""dontstarve/creatures/together/antlion/taunt"")",客户端可见的同名 SoundEmitter 调用由钩子处理；纯服务端直接复制声音无法被 Lua 通用枚举,原版 Controller Vibration=ON；Mod=ON；活动手柄已连接；非暂停；同事件/实体/实例短窗去重；空间距离过滤,BOSS 以 Sim.SetListener 三维位置进行世界空间平滑衰减，默认近—远 12–64 单位；超距归零，可由 Spatial Reach 缩放,咆哮/蓄力三段包络（上升—峰值—衰减）,条件覆盖：事件表语义完整，触发可观察性由引擎路径决定
319,dontstarve/creatures/together/antlion/purr,BOSS,1.0,True,1.0,False,432,1,1,"haptics.lua 第 432 行注册；触发证据：stategraphs/SGantlion.lua:241 inst.SoundEmitter:PlaySound(""dontstarve/creatures/together/antlion/purr"")",客户端可见的同名 SoundEmitter 调用由钩子处理；纯服务端直接复制声音无法被 Lua 通用枚举,原版 Controller Vibration=ON；Mod=ON；活动手柄已连接；非暂停；同事件/实体/实例短窗去重；空间距离过滤,BOSS 以 Sim.SetListener 三维位置进行世界空间平滑衰减，默认近—远 12–64 单位；超距归零，可由 Spatial Reach 缩放,Boss 双段重脉冲包络,条件覆盖：事件表语义完整，触发可观察性由引擎路径决定
320,dontstarve/creatures/together/antlion/sfx/break_spike,BOSS,1.0,True,1.0,False,433,1,3,"haptics.lua 第 433 行注册；触发证据：prefabs/sand_spike.lua:222 ""dontstarve/creatures/together/antlion/sfx/break_spike"",；stategraphs/SGantlion.lua:389 TimeEvent(0 * FRAMES, function(inst) inst.SoundEmitter:PlaySound(""dontstarve/creatures/together/antlion/sfx/break_spike"") end),；stategraphs/SGantlion.lua:418 TimeEvent(28 * FRAMES, function(inst) inst.SoundEmitter:PlaySound(""dontstarve/creatures/together/antlion/sfx/break_spike"") end),",客户端可见的同名 SoundEmitter 调用由钩子处理；纯服务端直接复制声音无法被 Lua 通用枚举,原版 Controller Vibration=ON；Mod=ON；活动手柄已连接；非暂停；同事件/实体/实例短窗去重；空间距离过滤,BOSS 以 Sim.SetListener 三维位置进行世界空间平滑衰减，默认近—远 12–64 单位；超距归零，可由 Spatial Reach 缩放,Boss 双段重脉冲包络,条件覆盖：事件表语义完整，触发可观察性由引擎路径决定
321,dontstarve/creatures/together/antlion/sfx/ground_break,BOSS,1.0,True,1.0,False,434,1,14,"haptics.lua 第 434 行注册；触发证据：fx.lua:1668 fn = function(inst) inst.entity:AddSoundEmitter():PlaySoundWithParams(""dontstarve/creatures/together/antlion/sfx/ground_break"", { size = 0.01 }) end,；fx.lua:1676 fn = function(inst) inst.entity:AddSoundEmitter():PlaySoundWithParams(""dontstarve/creatures/together/antlion/sfx/ground_break"", { size = 0.01 }) end,；fx.lua:1684 fn = function(inst) inst.entity:AddSoundEmitter():PlaySoundWithParams(""dontstarve/creatures/together/antlion/sfx/ground_break"", { size = 0.01 }) end,；另 11 处",客户端可见的同名 SoundEmitter 调用由钩子处理；纯服务端直接复制声音无法被 Lua 通用枚举,原版 Controller Vibration=ON；Mod=ON；活动手柄已连接；非暂停；同事件/实体/实例短窗去重；空间距离过滤,BOSS 以 Sim.SetListener 三维位置进行世界空间平滑衰减，默认近—远 12–64 单位；超距归零，可由 Spatial Reach 缩放,Boss 双段重脉冲包络,条件覆盖：事件表语义完整，触发可观察性由引擎路径决定
322,dontstarve/creatures/together/antlion/bodyfall_death,BOSS,1.0,True,1.0,False,435,1,3,"haptics.lua 第 435 行注册；触发证据：stategraphs/SGantlion.lua:560 TimeEvent(46 * FRAMES, function(inst) inst.SoundEmitter:PlaySound(""dontstarve/creatures/together/antlion/bodyfall_death"") end),；stategraphs/SGantlion_angry.lua:253 TimeEvent(40 * FRAMES, function(inst) inst.SoundEmitter:PlaySound(""dontstarve/creatures/together/antlion/bodyfall_death"") end),；stategraphs/SGantlion_angry.lua:526 TimeEvent(46 * FRAMES, function(inst) inst.SoundEmitter:PlaySound(""dontstarve/creatures/together/antlion/bodyfall_death"") end),",客户端可见的同名 SoundEmitter 调用由钩子处理；纯服务端直接复制声音无法被 Lua 通用枚举,原版 Controller Vibration=ON；Mod=ON；活动手柄已连接；非暂停；同事件/实体/实例短窗去重；空间距离过滤,BOSS 以 Sim.SetListener 三维位置进行世界空间平滑衰减，默认近—远 12–64 单位；超距归零，可由 Spatial Reach 缩放,爆炸/重击三段冲击包络,条件覆盖：事件表语义完整，触发可观察性由引擎路径决定
323,dontstarve/creatures/together/bee_queen/taunt,BOSS,1.0,True,1.0,False,438,1,1,"haptics.lua 第 438 行注册；触发证据：stategraphs/SGbeequeen.lua:27 inst.SoundEmitter:PlaySound(""dontstarve/creatures/together/bee_queen/taunt"")",客户端可见的同名 SoundEmitter 调用由钩子处理；纯服务端直接复制声音无法被 Lua 通用枚举,原版 Controller Vibration=ON；Mod=ON；活动手柄已连接；非暂停；同事件/实体/实例短窗去重；空间距离过滤,BOSS 以 Sim.SetListener 三维位置进行世界空间平滑衰减，默认近—远 12–64 单位；超距归零，可由 Spatial Reach 缩放,咆哮/蓄力三段包络（上升—峰值—衰减）,条件覆盖：事件表语义完整，触发可观察性由引擎路径决定
324,moonstorm/creatures/boss/alterguardian1/onothercollide,BOSS,1.0,True,1.0,False,441,1,5,"haptics.lua 第 441 行注册；触发证据：prefabs/alterguardian_phase1.lua:109 inst.SoundEmitter:PlaySound(""moonstorm/creatures/boss/alterguardian1/onothercollide"")；prefabs/alterguardian_phase1.lua:196 inst.SoundEmitter:PlaySound(""moonstorm/creatures/boss/alterguardian1/onothercollide"")；prefabs/alterguardian_phase2.lua:385 inst.components.combat:SetHurtSound(""moonstorm/creatures/boss/alterguardian1/onothercollide"")；另 2 处",客户端可见的同名 SoundEmitter 调用由钩子处理；纯服务端直接复制声音无法被 Lua 通用枚举,原版 Controller Vibration=ON；Mod=ON；活动手柄已连接；非暂停；同事件/实体/实例短窗去重；空间距离过滤,BOSS 以 Sim.SetListener 三维位置进行世界空间平滑衰减，默认近—远 12–64 单位；超距归零，可由 Spatial Reach 缩放,Boss 双段重脉冲包络,条件覆盖：事件表语义完整，触发可观察性由引擎路径决定
325,moonstorm/creatures/boss/alterguardian1/roll,BOSS,1.0,True,1.0,False,442,1,3,"haptics.lua 第 442 行注册；触发证据：stategraphs/SGalterguardian_phase1.lua:400 inst.SoundEmitter:PlaySound(""moonstorm/creatures/boss/alterguardian1/roll"")；stategraphs/SGalterguardian_phase1.lua:476 inst.SoundEmitter:PlaySound(""moonstorm/creatures/boss/alterguardian1/roll"")；stategraphs/SGalterguardian_phase1.lua:483 inst.SoundEmitter:PlaySound(""moonstorm/creatures/boss/alterguardian1/roll"")",客户端可见的同名 SoundEmitter 调用由钩子处理；纯服务端直接复制声音无法被 Lua 通用枚举,原版 Controller Vibration=ON；Mod=ON；活动手柄已连接；非暂停；同事件/实体/实例短窗去重；空间距离过滤,BOSS 以 Sim.SetListener 三维位置进行世界空间平滑衰减，默认近—远 12–64 单位；超距归零，可由 Spatial Reach 缩放,Boss 双段重脉冲包络,条件覆盖：事件表语义完整，触发可观察性由引擎路径决定
326,moonstorm/creatures/boss/alterguardian1/step,BOSS,1.0,True,1.0,False,443,1,17,"haptics.lua 第 443 行注册；触发证据：stategraphs/SGalterguardian_phase1.lua:342 inst.SoundEmitter:PlaySound(""moonstorm/creatures/boss/alterguardian1/step"")；stategraphs/SGalterguardian_phase1.lua:345 inst.SoundEmitter:PlaySound(""moonstorm/creatures/boss/alterguardian1/step"")；stategraphs/SGalterguardian_phase1.lua:348 inst.SoundEmitter:PlaySound(""moonstorm/creatures/boss/alterguardian1/step"")；另 14 处",客户端可见的同名 SoundEmitter 调用由钩子处理；纯服务端直接复制声音无法被 Lua 通用枚举,原版 Controller Vibration=ON；Mod=ON；活动手柄已连接；非暂停；同事件/实体/实例短窗去重；空间距离过滤,BOSS 以 Sim.SetListener 三维位置进行世界空间平滑衰减，默认近—远 12–64 单位；超距归零，可由 Spatial Reach 缩放,脚步/落地双脉冲包络,条件覆盖：事件表语义完整，触发可观察性由引擎路径决定
327,moonstorm/creatures/boss/alterguardian1/tantrum,BOSS,1.0,True,1.0,False,444,1,8,"haptics.lua 第 444 行注册；触发证据：stategraphs/SGalterguardian_phase1.lua:486 inst.SoundEmitter:PlaySound(""moonstorm/creatures/boss/alterguardian1/tantrum"")；stategraphs/SGalterguardian_phase1.lua:575 inst.SoundEmitter:PlaySound(""moonstorm/creatures/boss/alterguardian1/tantrum"")；stategraphs/SGalterguardian_phase1.lua:578 inst.SoundEmitter:PlaySound(""moonstorm/creatures/boss/alterguardian1/tantrum"")；另 5 处",客户端可见的同名 SoundEmitter 调用由钩子处理；纯服务端直接复制声音无法被 Lua 通用枚举,原版 Controller Vibration=ON；Mod=ON；活动手柄已连接；非暂停；同事件/实体/实例短窗去重；空间距离过滤,BOSS 以 Sim.SetListener 三维位置进行世界空间平滑衰减，默认近—远 12–64 单位；超距归零，可由 Spatial Reach 缩放,Boss 双段重脉冲包络,条件覆盖：事件表语义完整，触发可观察性由引擎路径决定
328,moonstorm/creatures/boss/alterguardian1/death,BOSS,1.0,True,1.0,False,445,1,2,"haptics.lua 第 445 行注册；触发证据：stategraphs/SGalterguardian_phase1.lua:772 inst.SoundEmitter:PlaySound(""moonstorm/creatures/boss/alterguardian1/death"")；stategraphs/SGalterguardian_phase1.lua:811 SoundTimeEvent(0, ""moonstorm/creatures/boss/alterguardian1/death""),",客户端可见的同名 SoundEmitter 调用由钩子处理；纯服务端直接复制声音无法被 Lua 通用枚举,原版 Controller Vibration=ON；Mod=ON；活动手柄已连接；非暂停；同事件/实体/实例短窗去重；空间距离过滤,BOSS 以 Sim.SetListener 三维位置进行世界空间平滑衰减，默认近—远 12–64 单位；超距归零，可由 Spatial Reach 缩放,Boss 双段重脉冲包络,条件覆盖：事件表语义完整，触发可观察性由引擎路径决定
329,moonstorm/creatures/boss/alterguardian2/step,BOSS,1.0,True,1.0,False,446,1,1,"haptics.lua 第 446 行注册；触发证据：stategraphs/SGalterguardian_phase2.lua:801 inst.SoundEmitter:PlaySound(""moonstorm/creatures/boss/alterguardian2/step"")",客户端可见的同名 SoundEmitter 调用由钩子处理；纯服务端直接复制声音无法被 Lua 通用枚举,原版 Controller Vibration=ON；Mod=ON；活动手柄已连接；非暂停；同事件/实体/实例短窗去重；空间距离过滤,BOSS 以 Sim.SetListener 三维位置进行世界空间平滑衰减，默认近—远 12–64 单位；超距归零，可由 Spatial Reach 缩放,脚步/落地双脉冲包络,条件覆盖：事件表语义完整，触发可观察性由引擎路径决定
330,moonstorm/creatures/boss/alterguardian2/scream,BOSS,1.0,True,1.0,False,447,1,1,"haptics.lua 第 447 行注册；触发证据：stategraphs/SGalterguardian_phase2.lua:219 inst.SoundEmitter:PlaySound(""moonstorm/creatures/boss/alterguardian2/scream"")",客户端可见的同名 SoundEmitter 调用由钩子处理；纯服务端直接复制声音无法被 Lua 通用枚举,原版 Controller Vibration=ON；Mod=ON；活动手柄已连接；非暂停；同事件/实体/实例短窗去重；空间距离过滤,BOSS 以 Sim.SetListener 三维位置进行世界空间平滑衰减，默认近—远 12–64 单位；超距归零，可由 Spatial Reach 缩放,咆哮/蓄力三段包络（上升—峰值—衰减）,条件覆盖：事件表语义完整，触发可观察性由引擎路径决定
331,moonstorm/creatures/boss/alterguardian2/ground_hit,BOSS,1.0,True,1.0,False,448,1,2,"haptics.lua 第 448 行注册；触发证据：stategraphs/SGalterguardian_phase2.lua:225 inst.SoundEmitter:PlaySound(""moonstorm/creatures/boss/alterguardian2/ground_hit"")；stategraphs/SGalterguardian_phase2.lua:613 inst.SoundEmitter:PlaySound(""moonstorm/creatures/boss/alterguardian2/ground_hit"")",客户端可见的同名 SoundEmitter 调用由钩子处理；纯服务端直接复制声音无法被 Lua 通用枚举,原版 Controller Vibration=ON；Mod=ON；活动手柄已连接；非暂停；同事件/实体/实例短窗去重；空间距离过滤,BOSS 以 Sim.SetListener 三维位置进行世界空间平滑衰减，默认近—远 12–64 单位；超距归零，可由 Spatial Reach 缩放,命中双脉冲包络,条件覆盖：事件表语义完整，触发可观察性由引擎路径决定
332,moonstorm/creatures/boss/alterguardian2/atk_spike,BOSS,1.0,True,1.0,False,449,1,4,"haptics.lua 第 449 行注册；触发证据：stategraphs/SGalterguardian_phase2.lua:259 inst.SoundEmitter:PlaySound(""moonstorm/creatures/boss/alterguardian2/atk_spike_pre"")；stategraphs/SGalterguardian_phase2.lua:262 inst.SoundEmitter:PlaySound(""moonstorm/creatures/boss/alterguardian2/atk_spike"")；stategraphs/SGalterguardian_phase2.lua:685 inst.SoundEmitter:PlaySound(""moonstorm/creatures/boss/alterguardian2/atk_spike_pre"")；另 1 处",客户端可见的同名 SoundEmitter 调用由钩子处理；纯服务端直接复制声音无法被 Lua 通用枚举,原版 Controller Vibration=ON；Mod=ON；活动手柄已连接；非暂停；同事件/实体/实例短窗去重；空间距离过滤,BOSS 以 Sim.SetListener 三维位置进行世界空间平滑衰减，默认近—远 12–64 单位；超距归零，可由 Spatial Reach 缩放,Boss 双段重脉冲包络,条件覆盖：事件表语义完整，触发可观察性由引擎路径决定
333,moonstorm/creatures/boss/alterguardian2/atk_spin_LP,BOSS,1.0,True,1.0,False,450,1,1,"haptics.lua 第 450 行注册；触发证据：stategraphs/SGalterguardian_phase2.lua:418 inst.SoundEmitter:PlaySound(""moonstorm/creatures/boss/alterguardian2/atk_spin_LP"",""spin_loop"")",SoundEmitter 具名循环钩子；PlayingSound、SetParameter、SetVolume、KillSound/KillAllSounds 驱动,原版 Controller Vibration=ON；Mod=ON；活动手柄已连接；非暂停；同事件/实体/实例短窗去重；空间距离过滤,BOSS 以 Sim.SetListener 三维位置进行世界空间平滑衰减，默认近—远 12–64 单位；超距归零，可由 Spatial Reach 缩放,具名循环：85 ms 更新、100 ms 连续脉冲；KillSound/音量/实体/暂停/卸载控制生命周期,高（客户端 Lua 可见循环）；已验证参数逐事件映射，未知参数保持中性
334,moonstorm/creatures/boss/alterguardian2/spike,BOSS,1.0,True,1.0,False,451,1,2,"haptics.lua 第 451 行注册；触发证据：prefabs/alterguardian_phase2spike.lua:296 inst.SoundEmitter:PlaySoundWithParams(""moonstorm/creatures/boss/alterguardian2/spike"",  { intensity = math.random() })；stategraphs/SGalterguardian_phase2.lua:708 inst.SoundEmitter:PlaySoundWithParams(""moonstorm/creatures/boss/alterguardian2/spike"", { intensity = 0.2*math.random() })",客户端可见的同名 SoundEmitter 调用由钩子处理；纯服务端直接复制声音无法被 Lua 通用枚举,原版 Controller Vibration=ON；Mod=ON；活动手柄已连接；非暂停；同事件/实体/实例短窗去重；空间距离过滤,BOSS 以 Sim.SetListener 三维位置进行世界空间平滑衰减，默认近—远 12–64 单位；超距归零，可由 Spatial Reach 缩放,Boss 双段重脉冲包络,条件覆盖：事件表语义完整，触发可观察性由引擎路径决定
335,moonstorm/creatures/boss/alterguardian2/death,BOSS,1.0,True,1.0,False,452,1,1,"haptics.lua 第 452 行注册；触发证据：stategraphs/SGalterguardian_phase2.lua:744 inst.SoundEmitter:PlaySound(""moonstorm/creatures/boss/alterguardian2/death"")",客户端可见的同名 SoundEmitter 调用由钩子处理；纯服务端直接复制声音无法被 Lua 通用枚举,原版 Controller Vibration=ON；Mod=ON；活动手柄已连接；非暂停；同事件/实体/实例短窗去重；空间距离过滤,BOSS 以 Sim.SetListener 三维位置进行世界空间平滑衰减，默认近—远 12–64 单位；超距归零，可由 Spatial Reach 缩放,Boss 双段重脉冲包络,条件覆盖：事件表语义完整，触发可观察性由引擎路径决定
336,moonstorm/creatures/boss/alterguardian3/atk_beam,BOSS,1.0,True,1.0,False,455,2,3,"haptics.lua 第 455 行注册；触发证据：stategraphs/SGalterguardian_phase3.lua:219 -- inst.SoundEmitter:PlaySound(""moonstorm/creatures/boss/alterguardian3/atk_beam_laser"")；stategraphs/SGalterguardian_phase3.lua:665 inst.SoundEmitter:PlaySound(""moonstorm/creatures/boss/alterguardian3/atk_beam"")；stategraphs/SGalterguardian_phase3.lua:785 inst.SoundEmitter:PlaySound(""moonstorm/creatures/boss/alterguardian3/atk_beam"")",客户端可见的同名 SoundEmitter 调用由钩子处理；纯服务端直接复制声音无法被 Lua 通用枚举,原版 Controller Vibration=ON；Mod=ON；活动手柄已连接；非暂停；同事件/实体/实例短窗去重；空间距离过滤,BOSS 以 Sim.SetListener 三维位置进行世界空间平滑衰减，默认近—远 12–64 单位；超距归零，可由 Spatial Reach 缩放,Boss 双段重脉冲包络,条件覆盖：事件表语义完整，触发可观察性由引擎路径决定
337,moonstorm/creatures/boss/alterguardian3/atk_sky_beam,BOSS,1.0,True,1.0,False,454,1,1,"haptics.lua 第 454 行注册；触发证据：stategraphs/SGalterguardian_phase3.lua:582 inst.SoundEmitter:PlaySound(""moonstorm/creatures/boss/alterguardian3/atk_sky_beam"")",客户端可见的同名 SoundEmitter 调用由钩子处理；纯服务端直接复制声音无法被 Lua 通用枚举,原版 Controller Vibration=ON；Mod=ON；活动手柄已连接；非暂停；同事件/实体/实例短窗去重；空间距离过滤,BOSS 以 Sim.SetListener 三维位置进行世界空间平滑衰减，默认近—远 12–64 单位；超距归零，可由 Spatial Reach 缩放,Boss 双段重脉冲包络,条件覆盖：事件表语义完整，触发可观察性由引擎路径决定
338,moonstorm/creatures/boss/alterguardian3/atk_stab,BOSS,1.0,True,1.0,False,456,1,4,"haptics.lua 第 456 行注册；触发证据：stategraphs/SGalterguardian_phase3.lua:431 TimeEvent(0*FRAMES, function(inst) inst.SoundEmitter:PlaySound(""moonstorm/creatures/boss/alterguardian3/atk_stab"") end),；stategraphs/SGalterguardian_phase3.lua:432 TimeEvent(22*FRAMES, function (inst) inst.SoundEmitter:PlaySound(""moonstorm/creatures/boss/alterguardian3/atk_stab_LP"",""stab_loop"") end),；stategraphs/SGalterguardian_phase3.lua:457 inst.SoundEmitter:PlaySound(""moonstorm/creatures/boss/alterguardian3/atk_stab_short"")；另 1 处",客户端可见的同名 SoundEmitter 调用由钩子处理；纯服务端直接复制声音无法被 Lua 通用枚举,原版 Controller Vibration=ON；Mod=ON；活动手柄已连接；非暂停；同事件/实体/实例短窗去重；空间距离过滤,BOSS 以 Sim.SetListener 三维位置进行世界空间平滑衰减，默认近—远 12–64 单位；超距归零，可由 Spatial Reach 缩放,Boss 双段重脉冲包络,条件覆盖：事件表语义完整，触发可观察性由引擎路径决定
339,moonstorm/creatures/boss/alterguardian3/death,BOSS,1.0,True,1.0,False,457,1,2,"haptics.lua 第 457 行注册；触发证据：prefabs/alterguardian_phase3dead.lua:85 inst.SoundEmitter:PlaySound(""moonstorm/creatures/boss/alterguardian3/death_pst"")；stategraphs/SGalterguardian_phase3.lua:897 inst.SoundEmitter:PlaySound(""moonstorm/creatures/boss/alterguardian3/death"")",客户端可见的同名 SoundEmitter 调用由钩子处理；纯服务端直接复制声音无法被 Lua 通用枚举,原版 Controller Vibration=ON；Mod=ON；活动手柄已连接；非暂停；同事件/实体/实例短窗去重；空间距离过滤,BOSS 以 Sim.SetListener 三维位置进行世界空间平滑衰减，默认近—远 12–64 单位；超距归零，可由 Spatial Reach 缩放,Boss 双段重脉冲包络,条件覆盖：事件表语义完整，触发可观察性由引擎路径决定
340,turnoftides/common/together/water/emerge/medium,BOSS,1.0,True,1.0,False,460,1,8,"haptics.lua 第 460 行注册；触发证据：stategraphs/SGcrabkingclaw.lua:151 inst.SoundEmitter:PlaySound(""turnoftides/common/together/water/emerge/medium"")；stategraphs/SGcrabkingclaw.lua:186 inst.SoundEmitter:PlaySound(""turnoftides/common/together/water/emerge/medium"")；stategraphs/SGgnarwail.lua:131 TimeEvent(3*FRAMES, function(inst) inst.SoundEmitter:PlaySound(""turnoftides/common/together/water/emerge/medium"") end),；另 5 处",客户端可见的同名 SoundEmitter 调用由钩子处理；纯服务端直接复制声音无法被 Lua 通用枚举,原版 Controller Vibration=ON；Mod=ON；活动手柄已连接；非暂停；同事件/实体/实例短窗去重；空间距离过滤,BOSS 以 Sim.SetListener 三维位置进行世界空间平滑衰减，默认近—远 12–64 单位；超距归零，可由 Spatial Reach 缩放,Boss 双段重脉冲包络,条件覆盖：事件表语义完整，触发可观察性由引擎路径决定
341,meta4/mortars/loading,BOSS,1.0,True,1.0,False,461,1,1,"haptics.lua 第 461 行注册；触发证据：stategraphs/SGcrabking_cannontower.lua:126 inst.SoundEmitter:PlaySound(""meta4/mortars/loading"")",客户端可见的同名 SoundEmitter 调用由钩子处理；纯服务端直接复制声音无法被 Lua 通用枚举,原版 Controller Vibration=ON；Mod=ON；活动手柄已连接；非暂停；同事件/实体/实例短窗去重；空间距离过滤,BOSS 以 Sim.SetListener 三维位置进行世界空间平滑衰减，默认近—远 12–64 单位；超距归零，可由 Spatial Reach 缩放,Boss 双段重脉冲包络,条件覆盖：事件表语义完整，触发可观察性由引擎路径决定
342,meta4/mortars/shoot,BOSS,1.0,True,1.0,False,462,1,1,"haptics.lua 第 462 行注册；触发证据：stategraphs/SGcrabking_cannontower.lua:142 inst.SoundEmitter:PlaySound(""meta4/mortars/shoot"")",客户端可见的同名 SoundEmitter 调用由钩子处理；纯服务端直接复制声音无法被 Lua 通用枚举,原版 Controller Vibration=ON；Mod=ON；活动手柄已连接；非暂停；同事件/实体/实例短窗去重；空间距离过滤,BOSS 以 Sim.SetListener 三维位置进行世界空间平滑衰减，默认近—远 12–64 单位；超距归零，可由 Spatial Reach 缩放,Boss 双段重脉冲包络,条件覆盖：事件表语义完整，触发可观察性由引擎路径决定
343,meta4/mortars/breach_thrust,BOSS,1.0,True,1.0,False,463,1,1,"haptics.lua 第 463 行注册；触发证据：stategraphs/SGcrabking_cannontower.lua:201 inst.SoundEmitter:PlaySound(""meta4/mortars/breach_thrust"")",客户端可见的同名 SoundEmitter 调用由钩子处理；纯服务端直接复制声音无法被 Lua 通用枚举,原版 Controller Vibration=ON；Mod=ON；活动手柄已连接；非暂停；同事件/实体/实例短窗去重；空间距离过滤,BOSS 以 Sim.SetListener 三维位置进行世界空间平滑衰减，默认近—远 12–64 单位；超距归零，可由 Spatial Reach 缩放,爆炸/重击三段冲击包络,条件覆盖：事件表语义完整，触发可观察性由引擎路径决定
344,hookline_2/creatures/boss/crabking/chatter,BOSS,1.0,True,1.0,False,464,1,2,"haptics.lua 第 464 行注册；触发证据：stategraphs/SGcrabking.lua:532 inst.SoundEmitter:PlaySound(""hookline_2/creatures/boss/crabking/chatter"")；stategraphs/SGcrabking.lua:544 inst.SoundEmitter:PlaySound(""hookline_2/creatures/boss/crabking/chatter"")",客户端可见的同名 SoundEmitter 调用由钩子处理；纯服务端直接复制声音无法被 Lua 通用枚举,原版 Controller Vibration=ON；Mod=ON；活动手柄已连接；非暂停；同事件/实体/实例短窗去重；空间距离过滤,BOSS 以 Sim.SetListener 三维位置进行世界空间平滑衰减，默认近—远 12–64 单位；超距归零，可由 Spatial Reach 缩放,Boss 双段重脉冲包络,条件覆盖：事件表语义完整，触发可观察性由引擎路径决定
345,hookline_2/creatures/boss/crabking/vocal,BOSS,1.0,True,1.0,False,465,1,3,"haptics.lua 第 465 行注册；触发证据：stategraphs/SGcrabking.lua:187 TimeEvent(7*FRAMES, function(inst) inst.SoundEmitter:PlaySound(""hookline_2/creatures/boss/crabking/vocal"",nil,.25) end),；stategraphs/SGcrabking.lua:188 TimeEvent(12*FRAMES, function(inst) inst.SoundEmitter:PlaySound(""hookline_2/creatures/boss/crabking/vocal"",nil,.25) end),；stategraphs/SGcrabking.lua:364 SoundFrameEvent(25, ""hookline_2/creatures/boss/crabking/vocal""),",客户端可见的同名 SoundEmitter 调用由钩子处理；纯服务端直接复制声音无法被 Lua 通用枚举,原版 Controller Vibration=ON；Mod=ON；活动手柄已连接；非暂停；同事件/实体/实例短窗去重；空间距离过滤,BOSS 以 Sim.SetListener 三维位置进行世界空间平滑衰减，默认近—远 12–64 单位；超距归零，可由 Spatial Reach 缩放,Boss 双段重脉冲包络,条件覆盖：事件表语义完整，触发可观察性由引擎路径决定
346,hookline_2/creatures/boss/crabking/magic_LP,BOSS,1.0,True,1.0,False,466,1,1,"haptics.lua 第 466 行注册；触发证据：stategraphs/SGcrabking.lua:485 inst.SoundEmitter:PlaySound(""hookline_2/creatures/boss/crabking/magic_LP"",""crabmagic"")",SoundEmitter 具名循环钩子；PlayingSound、SetParameter、SetVolume、KillSound/KillAllSounds 驱动,原版 Controller Vibration=ON；Mod=ON；活动手柄已连接；非暂停；同事件/实体/实例短窗去重；空间距离过滤,BOSS 以 Sim.SetListener 三维位置进行世界空间平滑衰减，默认近—远 12–64 单位；超距归零，可由 Spatial Reach 缩放,具名循环：85 ms 更新、100 ms 连续脉冲；KillSound/音量/实体/暂停/卸载控制生命周期,高（客户端 Lua 可见循环）；已验证参数逐事件映射，未知参数保持中性
347,hookline_2/creatures/boss/crabking/hit,BOSS,1.0,True,1.0,False,467,1,5,"haptics.lua 第 467 行注册；触发证据：stategraphs/SGcrabking.lua:758 inst.SoundEmitter:PlaySound(""hookline_2/creatures/boss/crabking/hit"")；stategraphs/SGcrabking.lua:806 SoundTimeEvent(0, ""hookline_2/creatures/boss/crabking/hit""),；stategraphs/SGcrabking.lua:843 TimeEvent(0 * FRAMES, function(inst) inst.SoundEmitter:PlaySound(""hookline_2/creatures/boss/crabking/hit"",nil,.5) end),；另 2 处",客户端可见的同名 SoundEmitter 调用由钩子处理；纯服务端直接复制声音无法被 Lua 通用枚举,原版 Controller Vibration=ON；Mod=ON；活动手柄已连接；非暂停；同事件/实体/实例短窗去重；空间距离过滤,BOSS 以 Sim.SetListener 三维位置进行世界空间平滑衰减，默认近—远 12–64 单位；超距归零，可由 Spatial Reach 缩放,危险/受击三段衰减包络,条件覆盖：事件表语义完整，触发可观察性由引擎路径决定
348,hookline_2/creatures/boss/crabking/death2,BOSS,1.0,True,1.0,False,468,1,1,"haptics.lua 第 468 行注册；触发证据：stategraphs/SGcrabking.lua:842 SoundTimeEvent(0, ""hookline_2/creatures/boss/crabking/death2""),",客户端可见的同名 SoundEmitter 调用由钩子处理；纯服务端直接复制声音无法被 Lua 通用枚举,原版 Controller Vibration=ON；Mod=ON；活动手柄已连接；非暂停；同事件/实体/实例短窗去重；空间距离过滤,BOSS 以 Sim.SetListener 三维位置进行世界空间平滑衰减，默认近—远 12–64 单位；超距归零，可由 Spatial Reach 缩放,Boss 双段重脉冲包络,条件覆盖：事件表语义完整，触发可观察性由引擎路径决定
349,dontstarve_DLC001/creatures/dragonfly/angry,BOSS,1.0,True,1.0,False,471,1,2,"haptics.lua 第 471 行注册；触发证据：stategraphs/SGdragonfly.lua:142 inst.SoundEmitter:PlaySound(""dontstarve_DLC001/creatures/dragonfly/angry"")；stategraphs/SGdragonfly.lua:183 inst.SoundEmitter:PlaySound(""dontstarve_DLC001/creatures/dragonfly/angry"")",客户端可见的同名 SoundEmitter 调用由钩子处理；纯服务端直接复制声音无法被 Lua 通用枚举,原版 Controller Vibration=ON；Mod=ON；活动手柄已连接；非暂停；同事件/实体/实例短窗去重；空间距离过滤,BOSS 以 Sim.SetListener 三维位置进行世界空间平滑衰减，默认近—远 12–64 单位；超距归零，可由 Spatial Reach 缩放,Boss 双段重脉冲包络,条件覆盖：事件表语义完整，触发可观察性由引擎路径决定
350,dontstarve_DLC001/creatures/dragonfly/swipe,BOSS,1.0,True,1.0,False,472,1,1,"haptics.lua 第 472 行注册；触发证据：stategraphs/SGdragonfly.lua:473 TimeEvent(7*FRAMES, function(inst) inst.SoundEmitter:PlaySound(""dontstarve_DLC001/creatures/dragonfly/swipe"") end),",客户端可见的同名 SoundEmitter 调用由钩子处理；纯服务端直接复制声音无法被 Lua 通用枚举,原版 Controller Vibration=ON；Mod=ON；活动手柄已连接；非暂停；同事件/实体/实例短窗去重；空间距离过滤,BOSS 以 Sim.SetListener 三维位置进行世界空间平滑衰减，默认近—远 12–64 单位；超距归零，可由 Spatial Reach 缩放,Boss 双段重脉冲包络,条件覆盖：事件表语义完整，触发可观察性由引擎路径决定
351,dontstarve_DLC001/creatures/dragonfly/punchimpact,BOSS,1.0,True,1.0,False,473,1,1,"haptics.lua 第 473 行注册；触发证据：stategraphs/SGdragonfly.lua:475 inst.SoundEmitter:PlaySound(""dontstarve_DLC001/creatures/dragonfly/punchimpact"")",客户端可见的同名 SoundEmitter 调用由钩子处理；纯服务端直接复制声音无法被 Lua 通用枚举,原版 Controller Vibration=ON；Mod=ON；活动手柄已连接；非暂停；同事件/实体/实例短窗去重；空间距离过滤,BOSS 以 Sim.SetListener 三维位置进行世界空间平滑衰减，默认近—远 12–64 单位；超距归零，可由 Spatial Reach 缩放,Boss 双段重脉冲包络,条件覆盖：事件表语义完整，触发可观察性由引擎路径决定
352,dontstarve_DLC001/creatures/dragonfly/firedup,BOSS,1.0,True,1.0,False,474,1,1,"haptics.lua 第 474 行注册；触发证据：stategraphs/SGdragonfly.lua:523 inst.SoundEmitter:PlaySound(""dontstarve_DLC001/creatures/dragonfly/firedup"", ""fireflying"")",客户端可见的同名 SoundEmitter 调用由钩子处理；纯服务端直接复制声音无法被 Lua 通用枚举,原版 Controller Vibration=ON；Mod=ON；活动手柄已连接；非暂停；同事件/实体/实例短窗去重；空间距离过滤,BOSS 以 Sim.SetListener 三维位置进行世界空间平滑衰减，默认近—远 12–64 单位；超距归零，可由 Spatial Reach 缩放,Boss 双段重脉冲包络,条件覆盖：事件表语义完整，触发可观察性由引擎路径决定
353,dontstarve_DLC001/creatures/dragonfly/buttstomp,BOSS,1.0,True,1.0,False,475,1,6,"haptics.lua 第 475 行注册；触发证据：stategraphs/SGdragonfly.lua:622 inst.SoundEmitter:PlaySound(""dontstarve_DLC001/creatures/dragonfly/buttstomp"")；stategraphs/SGdragonfly.lua:623 inst.SoundEmitter:PlaySound(""dontstarve_DLC001/creatures/dragonfly/buttstomp_voice"")；stategraphs/SGdragonfly.lua:627 inst.SoundEmitter:PlaySound(""dontstarve_DLC001/creatures/dragonfly/buttstomp"")；另 3 处",客户端可见的同名 SoundEmitter 调用由钩子处理；纯服务端直接复制声音无法被 Lua 通用枚举,原版 Controller Vibration=ON；Mod=ON；活动手柄已连接；非暂停；同事件/实体/实例短窗去重；空间距离过滤,BOSS 以 Sim.SetListener 三维位置进行世界空间平滑衰减，默认近—远 12–64 单位；超距归零，可由 Spatial Reach 缩放,Boss 双段重脉冲包络,条件覆盖：事件表语义完整，触发可观察性由引擎路径决定
354,dontstarve_DLC001/creatures/dragonfly/vomitrumble,BOSS,1.0,True,1.0,False,476,1,1,"haptics.lua 第 476 行注册；触发证据：stategraphs/SGdragonfly.lua:672 inst.SoundEmitter:PlaySound(""dontstarve_DLC001/creatures/dragonfly/vomitrumble"", ""vomitrumble"")",客户端可见的同名 SoundEmitter 调用由钩子处理；纯服务端直接复制声音无法被 Lua 通用枚举,原版 Controller Vibration=ON；Mod=ON；活动手柄已连接；非暂停；同事件/实体/实例短窗去重；空间距离过滤,BOSS 以 Sim.SetListener 三维位置进行世界空间平滑衰减，默认近—远 12–64 单位；超距归零，可由 Spatial Reach 缩放,Boss 双段重脉冲包络,条件覆盖：事件表语义完整，触发可观察性由引擎路径决定
355,dontstarve_DLC001/creatures/dragonfly/land,BOSS,1.0,True,1.0,False,477,1,4,"haptics.lua 第 477 行注册；触发证据：stategraphs/SGdragonfly.lua:726 inst.SoundEmitter:PlaySound(""dontstarve_DLC001/creatures/dragonfly/land"")；stategraphs/SGdragonfly.lua:741 TimeEvent(203*FRAMES, function(inst) inst.SoundEmitter:PlaySound(""dontstarve_DLC001/creatures/dragonfly/land"") end),；stategraphs/SGdragonfly.lua:863 TimeEvent(28*FRAMES, function(inst) inst.SoundEmitter:PlaySound(""dontstarve_DLC001/creatures/dragonfly/land"") end),；另 1 处",客户端可见的同名 SoundEmitter 调用由钩子处理；纯服务端直接复制声音无法被 Lua 通用枚举,原版 Controller Vibration=ON；Mod=ON；活动手柄已连接；非暂停；同事件/实体/实例短窗去重；空间距离过滤,BOSS 以 Sim.SetListener 三维位置进行世界空间平滑衰减，默认近—远 12–64 单位；超距归零，可由 Spatial Reach 缩放,脚步/落地双脉冲包络,条件覆盖：事件表语义完整，触发可观察性由引擎路径决定
356,dontstarve_DLC001/creatures/dragonfly/death,BOSS,1.0,True,1.0,False,478,1,2,"haptics.lua 第 478 行注册；触发证据：stategraphs/SGdragonfly.lua:847 inst.SoundEmitter:PlaySound(""dontstarve_DLC001/creatures/dragonfly/death"")；stategraphs/SGtoadstool.lua:438 inst.SoundEmitter:PlaySound(""dontstarve_DLC001/creatures/dragonfly/death"")",客户端可见的同名 SoundEmitter 调用由钩子处理；纯服务端直接复制声音无法被 Lua 通用枚举,原版 Controller Vibration=ON；Mod=ON；活动手柄已连接；非暂停；同事件/实体/实例短窗去重；空间距离过滤,BOSS 以 Sim.SetListener 三维位置进行世界空间平滑衰减，默认近—远 12–64 单位；超距归零，可由 Spatial Reach 缩放,Boss 双段重脉冲包络,条件覆盖：事件表语义完整，触发可观察性由引擎路径决定
357,terraria1/eyeofterror/arrive,BOSS,1.0,True,1.0,False,481,1,1,"haptics.lua 第 481 行注册；触发证据：prefabs/eyeofterror_arrive_fx.lua:74 inst.SoundEmitter:PlaySound(""terraria1/eyeofterror/arrive_portal"")",客户端可见的同名 SoundEmitter 调用由钩子处理；纯服务端直接复制声音无法被 Lua 通用枚举,原版 Controller Vibration=ON；Mod=ON；活动手柄已连接；非暂停；同事件/实体/实例短窗去重；空间距离过滤,BOSS 以 Sim.SetListener 三维位置进行世界空间平滑衰减，默认近—远 12–64 单位；超距归零，可由 Spatial Reach 缩放,Boss 双段重脉冲包络,条件覆盖：事件表语义完整，触发可观察性由引擎路径决定
358,terraria1/eyeofterror/taunt_roar,BOSS,1.0,True,1.0,False,482,1,0,haptics.lua 第 482 行注册；触发证据：当前 Lua 源码无字面引用（可能由动态变量、资源/引擎路径触发，或为保留定义）,事件仍动态入索引；出现客户端 SoundEmitter 调用时自动处理,原版 Controller Vibration=ON；Mod=ON；活动手柄已连接；非暂停；同事件/实体/实例短窗去重；空间距离过滤,BOSS 以 Sim.SetListener 三维位置进行世界空间平滑衰减，默认近—远 12–64 单位；超距归零，可由 Spatial Reach 缩放,咆哮/蓄力三段包络（上升—峰值—衰减）,保留未来/动态入口；当前源码无字面触发点，不能伪造触发
359,terraria1/eyeofterror/taunt_epic,BOSS,1.0,True,1.0,False,483,1,0,haptics.lua 第 483 行注册；触发证据：当前 Lua 源码无字面引用（可能由动态变量、资源/引擎路径触发，或为保留定义）,事件仍动态入索引；出现客户端 SoundEmitter 调用时自动处理,原版 Controller Vibration=ON；Mod=ON；活动手柄已连接；非暂停；同事件/实体/实例短窗去重；空间距离过滤,BOSS 以 Sim.SetListener 三维位置进行世界空间平滑衰减，默认近—远 12–64 单位；超距归零，可由 Spatial Reach 缩放,咆哮/蓄力三段包络（上升—峰值—衰减）,保留未来/动态入口；当前源码无字面触发点，不能伪造触发
360,terraria1/eyeofterror/charge_eye,BOSS,1.0,True,1.0,False,484,1,0,haptics.lua 第 484 行注册；触发证据：当前 Lua 源码无字面引用（可能由动态变量、资源/引擎路径触发，或为保留定义）,事件仍动态入索引；出现客户端 SoundEmitter 调用时自动处理,原版 Controller Vibration=ON；Mod=ON；活动手柄已连接；非暂停；同事件/实体/实例短窗去重；空间距离过滤,BOSS 以 Sim.SetListener 三维位置进行世界空间平滑衰减，默认近—远 12–64 单位；超距归零，可由 Spatial Reach 缩放,Boss 双段重脉冲包络,保留未来/动态入口；当前源码无字面触发点，不能伪造触发
361,terraria1/eyeofterror/charge,BOSS,1.0,True,1.0,False,485,1,2,"haptics.lua 第 485 行注册；触发证据：stategraphs/SGeyeofterror.lua:254 inst.SoundEmitter:PlaySound(""terraria1/eyeofterror/charge_pre_sfx"")；stategraphs/SGeyeofterror.lua:368 inst.SoundEmitter:PlaySound(""terraria1/eyeofterror/charge_pst_sfx"")",客户端可见的同名 SoundEmitter 调用由钩子处理；纯服务端直接复制声音无法被 Lua 通用枚举,原版 Controller Vibration=ON；Mod=ON；活动手柄已连接；非暂停；同事件/实体/实例短窗去重；空间距离过滤,BOSS 以 Sim.SetListener 三维位置进行世界空间平滑衰减，默认近—远 12–64 单位；超距归零，可由 Spatial Reach 缩放,Boss 双段重脉冲包络,条件覆盖：事件表语义完整，触发可观察性由引擎路径决定
362,terraria1/eyeofterror/chomp,BOSS,1.0,True,1.0,False,486,1,0,haptics.lua 第 486 行注册；触发证据：当前 Lua 源码无字面引用（可能由动态变量、资源/引擎路径触发，或为保留定义）,事件仍动态入索引；出现客户端 SoundEmitter 调用时自动处理,原版 Controller Vibration=ON；Mod=ON；活动手柄已连接；非暂停；同事件/实体/实例短窗去重；空间距离过滤,BOSS 以 Sim.SetListener 三维位置进行世界空间平滑衰减，默认近—远 12–64 单位；超距归零，可由 Spatial Reach 缩放,Boss 双段重脉冲包络,保留未来/动态入口；当前源码无字面触发点，不能伪造触发
363,terraria1/eyeofterror/death,BOSS,1.0,True,1.0,False,487,1,0,haptics.lua 第 487 行注册；触发证据：当前 Lua 源码无字面引用（可能由动态变量、资源/引擎路径触发，或为保留定义）,事件仍动态入索引；出现客户端 SoundEmitter 调用时自动处理,原版 Controller Vibration=ON；Mod=ON；活动手柄已连接；非暂停；同事件/实体/实例短窗去重；空间距离过滤,BOSS 以 Sim.SetListener 三维位置进行世界空间平滑衰减，默认近—远 12–64 单位；超距归零，可由 Spatial Reach 缩放,Boss 双段重脉冲包络,保留未来/动态入口；当前源码无字面触发点，不能伪造触发
364,turnoftides/common/together/water/emerge/large,BOSS,1.0,True,1.0,False,490,1,1,"haptics.lua 第 490 行注册；触发证据：stategraphs/SGsharkboi.lua:710 inst.SoundEmitter:PlaySound(""turnoftides/common/together/water/emerge/large"")",客户端可见的同名 SoundEmitter 调用由钩子处理；纯服务端直接复制声音无法被 Lua 通用枚举,原版 Controller Vibration=ON；Mod=ON；活动手柄已连接；非暂停；同事件/实体/实例短窗去重；空间距离过滤,BOSS 以 Sim.SetListener 三维位置进行世界空间平滑衰减，默认近—远 12–64 单位；超距归零，可由 Spatial Reach 缩放,Boss 双段重脉冲包络,条件覆盖：事件表语义完整，触发可观察性由引擎路径决定
365,meta3/sharkboi/swipe_arm,BOSS,1.0,True,1.0,False,491,1,2,"haptics.lua 第 491 行注册；触发证据：stategraphs/SGsharkboi.lua:852 inst.SoundEmitter:PlaySound(""meta3/sharkboi/swipe_arm"")；stategraphs/SGsharkboi.lua:916 inst.SoundEmitter:PlaySound(""meta3/sharkboi/swipe_arm"")",客户端可见的同名 SoundEmitter 调用由钩子处理；纯服务端直接复制声音无法被 Lua 通用枚举,原版 Controller Vibration=ON；Mod=ON；活动手柄已连接；非暂停；同事件/实体/实例短窗去重；空间距离过滤,BOSS 以 Sim.SetListener 三维位置进行世界空间平滑衰减，默认近—远 12–64 单位；超距归零，可由 Spatial Reach 缩放,Boss 双段重脉冲包络,条件覆盖：事件表语义完整，触发可观察性由引擎路径决定
366,meta3/sharkboi/swipe_tail,BOSS,1.0,True,1.0,False,492,1,1,"haptics.lua 第 492 行注册；触发证据：stategraphs/SGsharkboi.lua:1053 inst.SoundEmitter:PlaySound(""meta3/sharkboi/swipe_tail"")",客户端可见的同名 SoundEmitter 调用由钩子处理；纯服务端直接复制声音无法被 Lua 通用枚举,原版 Controller Vibration=ON；Mod=ON；活动手柄已连接；非暂停；同事件/实体/实例短窗去重；空间距离过滤,BOSS 以 Sim.SetListener 三维位置进行世界空间平滑衰减，默认近—远 12–64 单位；超距归零，可由 Spatial Reach 缩放,Boss 双段重脉冲包络,条件覆盖：事件表语义完整，触发可观察性由引擎路径决定
367,meta3/sharkboi/torpedo_drill,BOSS,1.0,True,1.0,False,493,1,2,"haptics.lua 第 493 行注册；触发证据：stategraphs/SGsharkboi.lua:1260 inst.SoundEmitter:PlaySound(""meta3/sharkboi/torpedo_drill"", ""drill"")；stategraphs/SGsharkboi.lua:1302 inst.SoundEmitter:PlaySound(""meta3/sharkboi/torpedo_drill"", ""drill"")",客户端可见的同名 SoundEmitter 调用由钩子处理；纯服务端直接复制声音无法被 Lua 通用枚举,原版 Controller Vibration=ON；Mod=ON；活动手柄已连接；非暂停；同事件/实体/实例短窗去重；空间距离过滤,BOSS 以 Sim.SetListener 三维位置进行世界空间平滑衰减，默认近—远 12–64 单位；超距归零，可由 Spatial Reach 缩放,Boss 双段重脉冲包络,条件覆盖：事件表语义完整，触发可观察性由引擎路径决定
368,meta3/sharkboi/divedown,BOSS,1.0,True,1.0,False,494,1,1,"haptics.lua 第 494 行注册；触发证据：stategraphs/SGsharkboi.lua:1766 inst.SoundEmitter:PlaySound(""meta3/sharkboi/divedown"")",客户端可见的同名 SoundEmitter 调用由钩子处理；纯服务端直接复制声音无法被 Lua 通用枚举,原版 Controller Vibration=ON；Mod=ON；活动手柄已连接；非暂停；同事件/实体/实例短窗去重；空间距离过滤,BOSS 以 Sim.SetListener 三维位置进行世界空间平滑衰减，默认近—远 12–64 单位；超距归零，可由 Spatial Reach 缩放,Boss 双段重脉冲包络,条件覆盖：事件表语义完整，触发可观察性由引擎路径决定
369,meta3/sharkboi/attack_big,BOSS,1.0,True,1.0,False,495,1,0,haptics.lua 第 495 行注册；触发证据：当前 Lua 源码无字面引用（可能由动态变量、资源/引擎路径触发，或为保留定义）,事件仍动态入索引；出现客户端 SoundEmitter 调用时自动处理,原版 Controller Vibration=ON；Mod=ON；活动手柄已连接；非暂停；同事件/实体/实例短窗去重；空间距离过滤,BOSS 以 Sim.SetListener 三维位置进行世界空间平滑衰减，默认近—远 12–64 单位；超距归零，可由 Spatial Reach 缩放,挥动/攻击双脉冲包络,保留未来/动态入口；当前源码无字面触发点，不能伪造触发
370,dontstarve/creatures/together/stalker/mindcontrol_LP,BOSS,1.0,True,1.0,False,498,1,1,"haptics.lua 第 498 行注册；触发证据：stategraphs/SGstalker.lua:91 inst.SoundEmitter:PlaySound(""dontstarve/creatures/together/stalker/mindcontrol_LP"", ""mindcontrol"")",SoundEmitter 具名循环钩子；PlayingSound、SetParameter、SetVolume、KillSound/KillAllSounds 驱动,原版 Controller Vibration=ON；Mod=ON；活动手柄已连接；非暂停；同事件/实体/实例短窗去重；空间距离过滤,BOSS 以 Sim.SetListener 三维位置进行世界空间平滑衰减，默认近—远 12–64 单位；超距归零，可由 Spatial Reach 缩放,具名循环：85 ms 更新、100 ms 连续脉冲；KillSound/音量/实体/暂停/卸载控制生命周期,高（客户端 Lua 可见循环）；已验证参数逐事件映射，未知参数保持中性
371,dontstarve/creatures/together/stalker/enter,BOSS,1.0,True,1.0,False,499,1,1,"haptics.lua 第 499 行注册；触发证据：stategraphs/SGstalker.lua:308 FrameEvent(0, function(inst) inst.SoundEmitter:PlaySound(""dontstarve/creatures/together/stalker/enter"") end),",客户端可见的同名 SoundEmitter 调用由钩子处理；纯服务端直接复制声音无法被 Lua 通用枚举,原版 Controller Vibration=ON；Mod=ON；活动手柄已连接；非暂停；同事件/实体/实例短窗去重；空间距离过滤,BOSS 以 Sim.SetListener 三维位置进行世界空间平滑衰减，默认近—远 12–64 单位；超距归零，可由 Spatial Reach 缩放,Boss 双段重脉冲包络,条件覆盖：事件表语义完整，触发可观察性由引擎路径决定
372,dontstarve/creatures/together/stalker/death_pop,BOSS,1.0,True,1.0,False,500,1,11,"haptics.lua 第 500 行注册；触发证据：stategraphs/SGstalker.lua:578 FrameEvent(15, function(inst) inst.SoundEmitter:PlaySound(""dontstarve/creatures/together/stalker/death_pop"") end),；stategraphs/SGstalker.lua:579 FrameEvent(17, function(inst) inst.SoundEmitter:PlaySound(""dontstarve/creatures/together/stalker/death_pop"") end),；stategraphs/SGstalker.lua:580 FrameEvent(21, function(inst) inst.SoundEmitter:PlaySound(""dontstarve/creatures/together/stalker/death_pop"") end),；另 8 处",客户端可见的同名 SoundEmitter 调用由钩子处理；纯服务端直接复制声音无法被 Lua 通用枚举,原版 Controller Vibration=ON；Mod=ON；活动手柄已连接；非暂停；同事件/实体/实例短窗去重；空间距离过滤,BOSS 以 Sim.SetListener 三维位置进行世界空间平滑衰减，默认近—远 12–64 单位；超距归零，可由 Spatial Reach 缩放,Boss 双段重脉冲包络,条件覆盖：事件表语义完整，触发可观察性由引擎路径决定
373,dontstarve/creatures/together/stalker/bone_drop,BOSS,1.0,True,1.0,False,501,1,7,"haptics.lua 第 501 行注册；触发证据：stategraphs/SGstalker.lua:625 inst.SoundEmitter:PlaySound(""dontstarve/creatures/together/stalker/bone_drop"")；stategraphs/SGstalker.lua:632 inst.SoundEmitter:PlaySound(""dontstarve/creatures/together/stalker/bone_drop"")；stategraphs/SGstalker.lua:645 inst.SoundEmitter:PlaySound(""dontstarve/creatures/together/stalker/bone_drop"")；另 4 处",客户端可见的同名 SoundEmitter 调用由钩子处理；纯服务端直接复制声音无法被 Lua 通用枚举,原版 Controller Vibration=ON；Mod=ON；活动手柄已连接；非暂停；同事件/实体/实例短窗去重；空间距离过滤,BOSS 以 Sim.SetListener 三维位置进行世界空间平滑衰减，默认近—远 12–64 单位；超距归零，可由 Spatial Reach 缩放,Boss 双段重脉冲包络,条件覆盖：事件表语义完整，触发可观察性由引擎路径决定
374,dontstarve/creatures/together/stalker/taunt_short,BOSS,1.0,True,1.0,False,502,1,5,"haptics.lua 第 502 行注册；触发证据：stategraphs/SGstalker.lua:742 FrameEvent(170, function(inst) inst.SoundEmitter:PlaySound(""dontstarve/creatures/together/stalker/taunt_short"") end),；stategraphs/SGstalker.lua:923 FrameEvent(48, function(inst) inst.SoundEmitter:PlaySound(""dontstarve/creatures/together/stalker/taunt_short"", nil, .6) end),；stategraphs/SGstalker.lua:984 FrameEvent(8, function(inst) inst.SoundEmitter:PlaySound(""dontstarve/creatures/together/stalker/taunt_short"") end),；另 2 处",客户端可见的同名 SoundEmitter 调用由钩子处理；纯服务端直接复制声音无法被 Lua 通用枚举,原版 Controller Vibration=ON；Mod=ON；活动手柄已连接；非暂停；同事件/实体/实例短窗去重；空间距离过滤,BOSS 以 Sim.SetListener 三维位置进行世界空间平滑衰减，默认近—远 12–64 单位；超距归零，可由 Spatial Reach 缩放,咆哮/蓄力三段包络（上升—峰值—衰减）,条件覆盖：事件表语义完整，触发可观察性由引擎路径决定
375,dontstarve/creatures/together/stalker/taunt,BOSS,1.0,True,1.0,False,503,1,2,"haptics.lua 第 503 行注册；触发证据：stategraphs/SGstalker.lua:795 FrameEvent(14, function(inst) inst.SoundEmitter:PlaySound(""dontstarve/creatures/together/stalker/taunt"") end),；stategraphs/SGstalker.lua:1435 inst.SoundEmitter:PlaySound(""dontstarve/creatures/together/stalker/taunt"")",客户端可见的同名 SoundEmitter 调用由钩子处理；纯服务端直接复制声音无法被 Lua 通用枚举,原版 Controller Vibration=ON；Mod=ON；活动手柄已连接；非暂停；同事件/实体/实例短窗去重；空间距离过滤,BOSS 以 Sim.SetListener 三维位置进行世界空间平滑衰减，默认近—远 12–64 单位；超距归零，可由 Spatial Reach 缩放,咆哮/蓄力三段包络（上升—峰值—衰减）,条件覆盖：事件表语义完整，触发可观察性由引擎路径决定
376,dontstarve/creatures/together/stalker/attack_swipe,BOSS,1.0,True,1.0,False,504,1,1,"haptics.lua 第 504 行注册；触发证据：stategraphs/SGstalker.lua:842 FrameEvent(13, function(inst) inst.SoundEmitter:PlaySound(""dontstarve/creatures/together/stalker/attack_swipe"") end),",客户端可见的同名 SoundEmitter 调用由钩子处理；纯服务端直接复制声音无法被 Lua 通用枚举,原版 Controller Vibration=ON；Mod=ON；活动手柄已连接；非暂停；同事件/实体/实例短窗去重；空间距离过滤,BOSS 以 Sim.SetListener 三维位置进行世界空间平滑衰减，默认近—远 12–64 单位；超距归零，可由 Spatial Reach 缩放,挥动/攻击双脉冲包络,条件覆盖：事件表语义完整，触发可观察性由引擎路径决定
377,dontstarve/creatures/together/stalker/attack1_pbaoe,BOSS,1.0,True,1.0,False,505,1,4,"haptics.lua 第 505 行注册；触发证据：stategraphs/SGstalker.lua:877 FrameEvent(0, function(inst) inst.SoundEmitter:PlaySound(""dontstarve/creatures/together/stalker/attack1_pbaoe_pre"") end),；stategraphs/SGstalker.lua:878 FrameEvent(24, function(inst) inst.SoundEmitter:PlaySound(""dontstarve/creatures/together/stalker/attack1_pbaoe"") end),；stategraphs/SGstalker.lua:908 inst.SoundEmitter:PlaySound(""dontstarve/creatures/together/stalker/attack1_pbaoe_pre"")；另 1 处",客户端可见的同名 SoundEmitter 调用由钩子处理；纯服务端直接复制声音无法被 Lua 通用枚举,原版 Controller Vibration=ON；Mod=ON；活动手柄已连接；非暂停；同事件/实体/实例短窗去重；空间距离过滤,BOSS 以 Sim.SetListener 三维位置进行世界空间平滑衰减，默认近—远 12–64 单位；超距归零，可由 Spatial Reach 缩放,挥动/攻击双脉冲包络,条件覆盖：事件表语义完整，触发可观察性由引擎路径决定
378,dontstarve/creatures/together/klaus/step,BOSS,1.0,True,1.0,False,508,1,2,"haptics.lua 第 508 行注册；触发证据：stategraphs/SGklaus.lua:30 inst.SoundEmitter:PlaySound(""dontstarve/creatures/together/klaus/step"", nil, volume)；stategraphs/SGklaus.lua:35 inst.SoundEmitter:PlaySound(""dontstarve/creatures/together/klaus/step"")",客户端可见的同名 SoundEmitter 调用由钩子处理；纯服务端直接复制声音无法被 Lua 通用枚举,原版 Controller Vibration=ON；Mod=ON；活动手柄已连接；非暂停；同事件/实体/实例短窗去重；空间距离过滤,BOSS 以 Sim.SetListener 三维位置进行世界空间平滑衰减，默认近—远 12–64 单位；超距归零，可由 Spatial Reach 缩放,脚步/落地双脉冲包络,条件覆盖：事件表语义完整，触发可观察性由引擎路径决定
379,dontstarve/creatures/together/klaus/swipe,BOSS,1.0,True,1.0,False,509,1,1,"haptics.lua 第 509 行注册；触发证据：stategraphs/SGklaus.lua:40 inst.SoundEmitter:PlaySound(""dontstarve/creatures/together/klaus/swipe"", nil, not inst.enraged and .7 or nil)",客户端可见的同名 SoundEmitter 调用由钩子处理；纯服务端直接复制声音无法被 Lua 通用枚举,原版 Controller Vibration=ON；Mod=ON；活动手柄已连接；非暂停；同事件/实体/实例短窗去重；空间距离过滤,BOSS 以 Sim.SetListener 三维位置进行世界空间平滑衰减，默认近—远 12–64 单位；超距归零，可由 Spatial Reach 缩放,Boss 双段重脉冲包络,条件覆盖：事件表语义完整，触发可观察性由引擎路径决定
380,dontstarve/creatures/together/klaus/attack_3,BOSS,1.0,True,1.0,False,511,1,1,"haptics.lua 第 511 行注册；触发证据：stategraphs/SGklaus.lua:630 inst.SoundEmitter:PlaySound(""dontstarve/creatures/together/klaus/attack_3"", nil, not inst.enraged and .8 or nil)",客户端可见的同名 SoundEmitter 调用由钩子处理；纯服务端直接复制声音无法被 Lua 通用枚举,原版 Controller Vibration=ON；Mod=ON；活动手柄已连接；非暂停；同事件/实体/实例短窗去重；空间距离过滤,BOSS 以 Sim.SetListener 三维位置进行世界空间平滑衰减，默认近—远 12–64 单位；超距归零，可由 Spatial Reach 缩放,挥动/攻击双脉冲包络,条件覆盖：事件表语义完整，触发可观察性由引擎路径决定
381,dontstarve/creatures/together/klaus/bite,BOSS,1.0,True,1.0,False,512,1,1,"haptics.lua 第 512 行注册；触发证据：stategraphs/SGklaus.lua:645 inst.SoundEmitter:PlaySound(""dontstarve/creatures/together/klaus/bite"")",客户端可见的同名 SoundEmitter 调用由钩子处理；纯服务端直接复制声音无法被 Lua 通用枚举,原版 Controller Vibration=ON；Mod=ON；活动手柄已连接；非暂停；同事件/实体/实例短窗去重；空间距离过滤,BOSS 以 Sim.SetListener 三维位置进行世界空间平滑衰减，默认近—远 12–64 单位；超距归零，可由 Spatial Reach 缩放,Boss 双段重脉冲包络,条件覆盖：事件表语义完整，触发可观察性由引擎路径决定
382,dontstarve/creatures/together/klaus/bodyfall,BOSS,1.0,True,1.0,False,513,1,3,"haptics.lua 第 513 行注册；触发证据：stategraphs/SGklaus.lua:48 inst.SoundEmitter:PlaySound(""dontstarve/creatures/together/klaus/bodyfall"")；stategraphs/SGklaus.lua:302 inst.SoundEmitter:PlaySound(""dontstarve/creatures/together/klaus/bodyfall_dirt"")；stategraphs/SGklaus.lua:1076 inst.SoundEmitter:PlaySound(""dontstarve/creatures/together/klaus/bodyfall"")",客户端可见的同名 SoundEmitter 调用由钩子处理；纯服务端直接复制声音无法被 Lua 通用枚举,原版 Controller Vibration=ON；Mod=ON；活动手柄已连接；非暂停；同事件/实体/实例短窗去重；空间距离过滤,BOSS 以 Sim.SetListener 三维位置进行世界空间平滑衰减，默认近—远 12–64 单位；超距归零，可由 Spatial Reach 缩放,爆炸/重击三段冲击包络,条件覆盖：事件表语义完整，触发可观察性由引擎路径决定
383,dontstarve/creatures/together/klaus/death,BOSS,1.0,True,1.0,False,514,1,1,"haptics.lua 第 514 行注册；触发证据：stategraphs/SGklaus.lua:298 inst.SoundEmitter:PlaySound(""dontstarve/creatures/together/klaus/death"")",客户端可见的同名 SoundEmitter 调用由钩子处理；纯服务端直接复制声音无法被 Lua 通用枚举,原版 Controller Vibration=ON；Mod=ON；活动手柄已连接；非暂停；同事件/实体/实例短窗去重；空间距离过滤,BOSS 以 Sim.SetListener 三维位置进行世界空间平滑衰减，默认近—远 12–64 单位；超距归零，可由 Spatial Reach 缩放,Boss 双段重脉冲包络,条件覆盖：事件表语义完整，触发可观察性由引擎路径决定
384,dontstarve/creatures/together/klaus/lock_break,BOSS,1.0,True,1.0,False,515,1,3,"haptics.lua 第 515 行注册；触发证据：prefabs/deer.lua:645 inst.SoundEmitter:PlaySound(""dontstarve/creatures/together/klaus/lock_break"")；prefabs/klaus_sack.lua:64 inst.SoundEmitter:PlaySound(""dontstarve/creatures/together/klaus/lock_break"")；stategraphs/SGklaus.lua:421 inst.SoundEmitter:PlaySound(""dontstarve/creatures/together/klaus/lock_break"")",客户端可见的同名 SoundEmitter 调用由钩子处理；纯服务端直接复制声音无法被 Lua 通用枚举,原版 Controller Vibration=ON；Mod=ON；活动手柄已连接；非暂停；同事件/实体/实例短窗去重；空间距离过滤,BOSS 以 Sim.SetListener 三维位置进行世界空间平滑衰减，默认近—远 12–64 单位；超距归零，可由 Spatial Reach 缩放,Boss 双段重脉冲包络,条件覆盖：事件表语义完整，触发可观察性由引擎路径决定
385,dontstarve/creatures/together/klaus/taunt,BOSS,1.0,True,1.0,False,516,1,1,"haptics.lua 第 516 行注册；触发证据：stategraphs/SGklaus.lua:511 inst.SoundEmitter:PlaySound(""dontstarve/creatures/together/klaus/taunt"")",客户端可见的同名 SoundEmitter 调用由钩子处理；纯服务端直接复制声音无法被 Lua 通用枚举,原版 Controller Vibration=ON；Mod=ON；活动手柄已连接；非暂停；同事件/实体/实例短窗去重；空间距离过滤,BOSS 以 Sim.SetListener 三维位置进行世界空间平滑衰减，默认近—远 12–64 单位；超距归零，可由 Spatial Reach 缩放,咆哮/蓄力三段包络（上升—峰值—衰减）,条件覆盖：事件表语义完整，触发可观察性由引擎路径决定
386,dontstarve/creatures/together/klaus/lol,BOSS,1.0,True,1.0,False,517,1,1,"haptics.lua 第 517 行注册；触发证据：stategraphs/SGklaus.lua:837 inst.SoundEmitter:PlaySound(""dontstarve/creatures/together/klaus/lol"")",客户端可见的同名 SoundEmitter 调用由钩子处理；纯服务端直接复制声音无法被 Lua 通用枚举,原版 Controller Vibration=ON；Mod=ON；活动手柄已连接；非暂停；同事件/实体/实例短窗去重；空间距离过滤,BOSS 以 Sim.SetListener 三维位置进行世界空间平滑衰减，默认近—远 12–64 单位；超距归零，可由 Spatial Reach 缩放,Boss 双段重脉冲包络,条件覆盖：事件表语义完整，触发可观察性由引擎路径决定
387,saltydog/creatures/boss/malbatross/whoosh,BOSS,1.0,True,1.0,False,520,1,3,"haptics.lua 第 520 行注册；触发证据：stategraphs/SGmalbatross.lua:196 TimeEvent(7*FRAMES, function(inst) inst.SoundEmitter:PlaySound(""saltydog/creatures/boss/malbatross/whoosh"") end),；stategraphs/SGmalbatross.lua:343 TimeEvent(2*FRAMES, function(inst) inst.SoundEmitter:PlaySound(""saltydog/creatures/boss/malbatross/whoosh"") end),；stategraphs/SGmalbatross.lua:397 TimeEvent(2*FRAMES, function(inst) inst.SoundEmitter:PlaySound(""saltydog/creatures/boss/malbatross/whoosh"") end),",客户端可见的同名 SoundEmitter 调用由钩子处理；纯服务端直接复制声音无法被 Lua 通用枚举,原版 Controller Vibration=ON；Mod=ON；活动手柄已连接；非暂停；同事件/实体/实例短窗去重；空间距离过滤,BOSS 以 Sim.SetListener 三维位置进行世界空间平滑衰减，默认近—远 12–64 单位；超距归零，可由 Spatial Reach 缩放,挥动/攻击双脉冲包络,条件覆盖：事件表语义完整，触发可观察性由引擎路径决定
388,saltydog/creatures/boss/malbatross/beak,BOSS,1.0,True,1.0,False,522,1,1,"haptics.lua 第 522 行注册；触发证据：stategraphs/SGmalbatross.lua:403 TimeEvent(40*FRAMES, function(inst) inst.SoundEmitter:PlaySound(""saltydog/creatures/boss/malbatross/beak"") end),",客户端可见的同名 SoundEmitter 调用由钩子处理；纯服务端直接复制声音无法被 Lua 通用枚举,原版 Controller Vibration=ON；Mod=ON；活动手柄已连接；非暂停；同事件/实体/实例短窗去重；空间距离过滤,BOSS 以 Sim.SetListener 三维位置进行世界空间平滑衰减，默认近—远 12–64 单位；超距归零，可由 Spatial Reach 缩放,Boss 双段重脉冲包络,条件覆盖：事件表语义完整，触发可观察性由引擎路径决定
389,saltydog/creatures/boss/malbatross/taunt,BOSS,1.0,True,1.0,False,523,1,2,"haptics.lua 第 523 行注册；触发证据：stategraphs/SGmalbatross.lua:425 TimeEvent(5 * FRAMES, function(inst) inst.SoundEmitter:PlaySound(""saltydog/creatures/boss/malbatross/taunt"") end),；stategraphs/SGmalbatross.lua:450 TimeEvent(5 * FRAMES, function(inst) inst.SoundEmitter:PlaySound(""saltydog/creatures/boss/malbatross/taunt"") end),",客户端可见的同名 SoundEmitter 调用由钩子处理；纯服务端直接复制声音无法被 Lua 通用枚举,原版 Controller Vibration=ON；Mod=ON；活动手柄已连接；非暂停；同事件/实体/实例短窗去重；空间距离过滤,BOSS 以 Sim.SetListener 三维位置进行世界空间平滑衰减，默认近—远 12–64 单位；超距归零，可由 Spatial Reach 缩放,咆哮/蓄力三段包络（上升—峰值—衰减）,条件覆盖：事件表语义完整，触发可观察性由引擎路径决定
390,saltydog/creatures/boss/malbatross/death,BOSS,1.0,True,1.0,False,524,1,2,"haptics.lua 第 524 行注册；触发证据：stategraphs/SGmalbatross.lua:481 TimeEvent(4 * FRAMES, function(inst) inst.SoundEmitter:PlaySound(""saltydog/creatures/boss/malbatross/death"") end),；stategraphs/SGmalbatross.lua:813 TimeEvent(4 * FRAMES, function(inst) inst.SoundEmitter:PlaySound(""saltydog/creatures/boss/malbatross/death"") end),",客户端可见的同名 SoundEmitter 调用由钩子处理；纯服务端直接复制声音无法被 Lua 通用枚举,原版 Controller Vibration=ON；Mod=ON；活动手柄已连接；非暂停；同事件/实体/实例短窗去重；空间距离过滤,BOSS 以 Sim.SetListener 三维位置进行世界空间平滑衰减，默认近—远 12–64 单位；超距归零，可由 Spatial Reach 缩放,Boss 双段重脉冲包络,条件覆盖：事件表语义完整，触发可观察性由引擎路径决定
391,saltydog/creatures/boss/malbatross/swoop,BOSS,1.0,True,1.0,False,525,1,2,"haptics.lua 第 525 行注册；触发证据：stategraphs/SGmalbatross.lua:534 TimeEvent(8 * FRAMES, function(inst) inst.SoundEmitter:PlaySound(""saltydog/creatures/boss/malbatross/swoop_pre"") end),；stategraphs/SGmalbatross.lua:577 TimeEvent(0*FRAMES, function(inst) inst.SoundEmitter:PlaySound(""saltydog/creatures/boss/malbatross/swoop"") end),",客户端可见的同名 SoundEmitter 调用由钩子处理；纯服务端直接复制声音无法被 Lua 通用枚举,原版 Controller Vibration=ON；Mod=ON；活动手柄已连接；非暂停；同事件/实体/实例短窗去重；空间距离过滤,BOSS 以 Sim.SetListener 三维位置进行世界空间平滑衰减，默认近—远 12–64 单位；超距归零，可由 Spatial Reach 缩放,Boss 双段重脉冲包络,条件覆盖：事件表语义完整，触发可观察性由引擎路径决定
392,saltydog/creatures/boss/malbatross/attack_swipe_water,BOSS,1.0,True,1.0,False,526,1,2,"haptics.lua 第 526 行注册；触发证据：stategraphs/SGmalbatross.lua:638 inst.SoundEmitter:PlaySound(""saltydog/creatures/boss/malbatross/attack_swipe_water"") end),；stategraphs/SGmalbatross.lua:802 inst.SoundEmitter:PlaySound(""saltydog/creatures/boss/malbatross/attack_swipe_water"") end),",客户端可见的同名 SoundEmitter 调用由钩子处理；纯服务端直接复制声音无法被 Lua 通用枚举,原版 Controller Vibration=ON；Mod=ON；活动手柄已连接；非暂停；同事件/实体/实例短窗去重；空间距离过滤,BOSS 以 Sim.SetListener 三维位置进行世界空间平滑衰减，默认近—远 12–64 单位；超距归零，可由 Spatial Reach 缩放,挥动/攻击双脉冲包络,条件覆盖：事件表语义完整，触发可观察性由引擎路径决定
393,turnoftides/common/together/water/splash/jump_boss,BOSS,1.0,True,1.0,False,527,1,3,"haptics.lua 第 527 行注册；触发证据：stategraphs/SGmalbatross.lua:340 inst.SoundEmitter:PlaySound(""turnoftides/common/together/water/splash/jump_boss"")；stategraphs/SGmalbatross.lua:394 inst.SoundEmitter:PlaySound(""turnoftides/common/together/water/splash/jump_boss"")；stategraphs/SGmalbatross.lua:868 TimeEvent(1 * FRAMES, function(inst) inst.SoundEmitter:PlaySound(""turnoftides/common/together/water/splash/jump_boss"") end),",客户端可见的同名 SoundEmitter 调用由钩子处理；纯服务端直接复制声音无法被 Lua 通用枚举,原版 Controller Vibration=ON；Mod=ON；活动手柄已连接；非暂停；同事件/实体/实例短窗去重；空间距离过滤,BOSS 以 Sim.SetListener 三维位置进行世界空间平滑衰减，默认近—远 12–64 单位；超距归零，可由 Spatial Reach 缩放,Boss 双段重脉冲包络,条件覆盖：事件表语义完整，触发可观察性由引擎路径决定
394,turnoftides/common/together/water/splash/boss,BOSS,1.0,True,1.0,False,528,1,2,"haptics.lua 第 528 行注册；触发证据：stategraphs/SGmalbatross.lua:261 inst.SoundEmitter:PlaySound(""turnoftides/common/together/water/splash/boss"")；stategraphs/SGmalbatross.lua:506 inst.SoundEmitter:PlaySound(""turnoftides/common/together/water/splash/boss"")",客户端可见的同名 SoundEmitter 调用由钩子处理；纯服务端直接复制声音无法被 Lua 通用枚举,原版 Controller Vibration=ON；Mod=ON；活动手柄已连接；非暂停；同事件/实体/实例短窗去重；空间距离过滤,BOSS 以 Sim.SetListener 三维位置进行世界空间平滑衰减，默认近—远 12–64 单位；超距归零，可由 Spatial Reach 缩放,Boss 双段重脉冲包络,条件覆盖：事件表语义完整，触发可观察性由引擎路径决定
395,turnoftides/common/together/water/splash/large,BOSS,1.0,True,1.0,False,529,1,10,"haptics.lua 第 529 行注册；触发证据：fx.lua:2026 sound = ""turnoftides/common/together/water/splash/large"",；prefabs/oceantree_pillar.lua:325 inst.SoundEmitter:PlaySound(""turnoftides/common/together/water/splash/large"")；prefabs/oceantree_pillar.lua:336 inst.SoundEmitter:PlaySound(""turnoftides/common/together/water/splash/large"")；另 7 处",客户端可见的同名 SoundEmitter 调用由钩子处理；纯服务端直接复制声音无法被 Lua 通用枚举,原版 Controller Vibration=ON；Mod=ON；活动手柄已连接；非暂停；同事件/实体/实例短窗去重；空间距离过滤,BOSS 以 Sim.SetListener 三维位置进行世界空间平滑衰减，默认近—远 12–64 单位；超距归零，可由 Spatial Reach 缩放,Boss 双段重脉冲包络,条件覆盖：事件表语义完整，触发可观察性由引擎路径决定
396,dontstarve_DLC001/creatures/moose/attack,BOSS,1.0,True,1.0,False,532,1,3,"haptics.lua 第 532 行注册；触发证据：stategraphs/SGmoose.lua:167 TimeEvent(1*FRAMES, function(inst) inst.SoundEmitter:PlaySound(""dontstarve_DLC001/creatures/moose/attack"") end),；stategraphs/SGmoose.lua:192 TimeEvent(FRAMES*1, function(inst) inst.SoundEmitter:PlaySound(""dontstarve_DLC001/creatures/moose/attack"") end),；stategraphs/SGmoose.lua:517 inst.SoundEmitter:PlaySound(""dontstarve_DLC001/creatures/moose/attack"")",客户端可见的同名 SoundEmitter 调用由钩子处理；纯服务端直接复制声音无法被 Lua 通用枚举,原版 Controller Vibration=ON；Mod=ON；活动手柄已连接；非暂停；同事件/实体/实例短窗去重；空间距离过滤,BOSS 以 Sim.SetListener 三维位置进行世界空间平滑衰减，默认近—远 12–64 单位；超距归零，可由 Spatial Reach 缩放,挥动/攻击双脉冲包络,条件覆盖：事件表语义完整，触发可观察性由引擎路径决定
397,dontstarve_DLC001/creatures/moose/taunt,BOSS,1.0,True,1.0,False,533,1,1,"haptics.lua 第 533 行注册；触发证据：stategraphs/SGmoose.lua:260 TimeEvent(11*FRAMES, function(inst) inst.SoundEmitter:PlaySound(""dontstarve_DLC001/creatures/moose/taunt"") end),",客户端可见的同名 SoundEmitter 调用由钩子处理；纯服务端直接复制声音无法被 Lua 通用枚举,原版 Controller Vibration=ON；Mod=ON；活动手柄已连接；非暂停；同事件/实体/实例短窗去重；空间距离过滤,BOSS 以 Sim.SetListener 三维位置进行世界空间平滑衰减，默认近—远 12–64 单位；超距归零，可由 Spatial Reach 缩放,咆哮/蓄力三段包络（上升—峰值—衰减）,条件覆盖：事件表语义完整，触发可观察性由引擎路径决定
398,dontstarve_DLC001/creatures/moose/swhoosh,BOSS,1.0,True,1.0,False,534,1,2,"haptics.lua 第 534 行注册；触发证据：stategraphs/SGmoose.lua:361 inst.SoundEmitter:PlaySound(""dontstarve_DLC001/creatures/moose/swhoosh"")；stategraphs/SGmoose.lua:510 TimeEvent(13*FRAMES, function(inst) inst.SoundEmitter:PlaySound(""dontstarve_DLC001/creatures/moose/swhoosh"") end),",客户端可见的同名 SoundEmitter 调用由钩子处理；纯服务端直接复制声音无法被 Lua 通用枚举,原版 Controller Vibration=ON；Mod=ON；活动手柄已连接；非暂停；同事件/实体/实例短窗去重；空间距离过滤,BOSS 以 Sim.SetListener 三维位置进行世界空间平滑衰减，默认近—远 12–64 单位；超距归零，可由 Spatial Reach 缩放,挥动/攻击双脉冲包络,条件覆盖：事件表语义完整，触发可观察性由引擎路径决定
399,dontstarve_DLC001/creatures/moose/honk,BOSS,1.0,True,1.0,False,535,1,2,"haptics.lua 第 535 行注册；触发证据：stategraphs/SGmoose.lua:364 inst.SoundEmitter:PlaySound(""dontstarve_DLC001/creatures/moose/honk"")；stategraphs/SGmoose.lua:396 TimeEvent(12*FRAMES, function(inst) inst.SoundEmitter:PlaySound(""dontstarve_DLC001/creatures/moose/honk"") end),",客户端可见的同名 SoundEmitter 调用由钩子处理；纯服务端直接复制声音无法被 Lua 通用枚举,原版 Controller Vibration=ON；Mod=ON；活动手柄已连接；非暂停；同事件/实体/实例短窗去重；空间距离过滤,BOSS 以 Sim.SetListener 三维位置进行世界空间平滑衰减，默认近—远 12–64 单位；超距归零，可由 Spatial Reach 缩放,Boss 双段重脉冲包络,条件覆盖：事件表语义完整，触发可观察性由引擎路径决定
400,dontstarve_DLC001/creatures/moose/death,BOSS,1.0,True,1.0,False,536,1,1,"haptics.lua 第 536 行注册；触发证据：stategraphs/SGmoose.lua:525 inst.SoundEmitter:PlaySound(""dontstarve_DLC001/creatures/moose/death"")",客户端可见的同名 SoundEmitter 调用由钩子处理；纯服务端直接复制声音无法被 Lua 通用枚举,原版 Controller Vibration=ON；Mod=ON；活动手柄已连接；非暂停；同事件/实体/实例短窗去重；空间距离过滤,BOSS 以 Sim.SetListener 三维位置进行世界空间平滑衰减，默认近—远 12–64 单位；超距归零，可由 Spatial Reach 缩放,Boss 双段重脉冲包络,条件覆盖：事件表语义完整，触发可观察性由引擎路径决定
401,daywalker/action/step,BOSS,1.0,True,1.0,False,539,1,11,"haptics.lua 第 539 行注册；触发证据：prefabs/daywalker.lua:1180 inst.footstep = ""daywalker/action/step""；stategraphs/SGdaywalker_imprisoned.lua:109 FrameEvent(57, function(inst) inst.SoundEmitter:PlaySound(""daywalker/action/step"", nil, 0.3) end),；stategraphs/SGdaywalker_imprisoned.lua:142 FrameEvent(11, function(inst) inst.SoundEmitter:PlaySound(""daywalker/action/step"", nil, 0.3) end),；另 8 处",客户端可见的同名 SoundEmitter 调用由钩子处理；纯服务端直接复制声音无法被 Lua 通用枚举,原版 Controller Vibration=ON；Mod=ON；活动手柄已连接；非暂停；同事件/实体/实例短窗去重；空间距离过滤,BOSS 以 Sim.SetListener 三维位置进行世界空间平滑衰减，默认近—远 12–64 单位；超距归零，可由 Spatial Reach 缩放,脚步/落地双脉冲包络,条件覆盖：事件表语义完整，触发可观察性由引擎路径决定
402,daywalker/action/attack3,BOSS,1.0,True,1.0,False,540,1,2,"haptics.lua 第 540 行注册；触发证据：stategraphs/SGdaywalker.lua:1204 inst.SoundEmitter:PlaySound(""daywalker/action/attack3"")；stategraphs/SGdaywalker2.lua:2114 inst.SoundEmitter:PlaySound(""daywalker/action/attack3"")",客户端可见的同名 SoundEmitter 调用由钩子处理；纯服务端直接复制声音无法被 Lua 通用枚举,原版 Controller Vibration=ON；Mod=ON；活动手柄已连接；非暂停；同事件/实体/实例短窗去重；空间距离过滤,BOSS 以 Sim.SetListener 三维位置进行世界空间平滑衰减，默认近—远 12–64 单位；超距归零，可由 Spatial Reach 缩放,挥动/攻击双脉冲包络,条件覆盖：事件表语义完整，触发可观察性由引擎路径决定
403,daywalker/action/attack_slam_whoosh,BOSS,1.0,True,1.0,False,541,1,2,"haptics.lua 第 541 行注册；触发证据：stategraphs/SGdaywalker.lua:1491 FrameEvent(1, function(inst) inst.SoundEmitter:PlaySound(""daywalker/action/attack_slam_whoosh"") end),；stategraphs/SGvault_pillar_guard.lua:780 FrameEvent(29, function(inst) inst.SoundEmitter:PlaySound(""daywalker/action/attack_slam_whoosh"") end),",客户端可见的同名 SoundEmitter 调用由钩子处理；纯服务端直接复制声音无法被 Lua 通用枚举,原版 Controller Vibration=ON；Mod=ON；活动手柄已连接；非暂停；同事件/实体/实例短窗去重；空间距离过滤,BOSS 以 Sim.SetListener 三维位置进行世界空间平滑衰减，默认近—远 12–64 单位；超距归零，可由 Spatial Reach 缩放,爆炸/重击三段冲击包络,条件覆盖：事件表语义完整，触发可观察性由引擎路径决定
404,daywalker/action/attack_slam_down,BOSS,1.0,True,1.0,False,542,1,2,"haptics.lua 第 542 行注册；触发证据：stategraphs/SGdaywalker.lua:1496 FrameEvent(25, function(inst) inst.SoundEmitter:PlaySound(""daywalker/action/attack_slam_down"") end),；stategraphs/SGvault_pillar_guard.lua:781 FrameEvent(45, function(inst) inst.SoundEmitter:PlaySound(""daywalker/action/attack_slam_down"") end),",客户端可见的同名 SoundEmitter 调用由钩子处理；纯服务端直接复制声音无法被 Lua 通用枚举,原版 Controller Vibration=ON；Mod=ON；活动手柄已连接；非暂停；同事件/实体/实例短窗去重；空间距离过滤,BOSS 以 Sim.SetListener 三维位置进行世界空间平滑衰减，默认近—远 12–64 单位；超距归零，可由 Spatial Reach 缩放,爆炸/重击三段冲击包络,条件覆盖：事件表语义完整，触发可观察性由引擎路径决定
405,daywalker/voice/hurt,BOSS,1.0,True,1.0,False,543,1,15,"haptics.lua 第 543 行注册；触发证据：stategraphs/SGdaywalker.lua:581 inst.SoundEmitter:PlaySound(""daywalker/voice/hurt"")；stategraphs/SGdaywalker.lua:740 inst.SoundEmitter:PlaySound(""daywalker/voice/hurt"")；stategraphs/SGdaywalker.lua:862 inst.SoundEmitter:PlaySound(""daywalker/voice/hurt"")；另 12 处",客户端可见的同名 SoundEmitter 调用由钩子处理；纯服务端直接复制声音无法被 Lua 通用枚举,原版 Controller Vibration=ON；Mod=ON；活动手柄已连接；非暂停；同事件/实体/实例短窗去重；空间距离过滤,BOSS 以 Sim.SetListener 三维位置进行世界空间平滑衰减，默认近—远 12–64 单位；超距归零，可由 Spatial Reach 缩放,危险/受击三段衰减包络,条件覆盖：事件表语义完整，触发可观察性由引擎路径决定
406,daywalker/voice/speak_short,BOSS,1.0,True,1.0,False,544,1,18,"haptics.lua 第 544 行注册；触发证据：prefabs/daywalker.lua:1065 inst.SoundEmitter:PlaySound(""daywalker/voice/speak_short"")；prefabs/daywalker2.lua:973 inst.SoundEmitter:PlaySound(""daywalker/voice/speak_short"")；stategraphs/SGdaywalker.lua:1203 inst.SoundEmitter:PlaySound(""daywalker/voice/speak_short"")；另 15 处",客户端可见的同名 SoundEmitter 调用由钩子处理；纯服务端直接复制声音无法被 Lua 通用枚举,原版 Controller Vibration=ON；Mod=ON；活动手柄已连接；非暂停；同事件/实体/实例短窗去重；空间距离过滤,BOSS 以 Sim.SetListener 三维位置进行世界空间平滑衰减，默认近—远 12–64 单位；超距归零，可由 Spatial Reach 缩放,Boss 双段重脉冲包络,条件覆盖：事件表语义完整，触发可观察性由引擎路径决定
407,daywalker/voice/attack_big,BOSS,1.0,True,1.0,False,545,1,2,"haptics.lua 第 545 行注册；触发证据：stategraphs/SGdaywalker.lua:1493 inst.SoundEmitter:PlaySound(""daywalker/voice/attack_big"")；stategraphs/SGdaywalker2.lua:1620 inst.SoundEmitter:PlaySound(""daywalker/voice/attack_big"")",客户端可见的同名 SoundEmitter 调用由钩子处理；纯服务端直接复制声音无法被 Lua 通用枚举,原版 Controller Vibration=ON；Mod=ON；活动手柄已连接；非暂停；同事件/实体/实例短窗去重；空间距离过滤,BOSS 以 Sim.SetListener 三维位置进行世界空间平滑衰减，默认近—远 12–64 单位；超距归零，可由 Spatial Reach 缩放,挥动/攻击双脉冲包络,条件覆盖：事件表语义完整，触发可观察性由引擎路径决定
408,daywalker/voice/chainbreak_break_2,BOSS,1.0,True,1.0,False,546,1,3,"haptics.lua 第 546 行注册；触发证据：stategraphs/SGdaywalker.lua:1613 FrameEvent(4, function(inst) inst.SoundEmitter:PlaySound(""daywalker/voice/chainbreak_break_2"") end),；stategraphs/SGdaywalker2.lua:2233 FrameEvent(4, function(inst) inst.SoundEmitter:PlaySound(""daywalker/voice/chainbreak_break_2"") end),；stategraphs/SGdaywalker_imprisoned.lua:385 FrameEvent(5, function(inst) inst.SoundEmitter:PlaySound(""daywalker/voice/chainbreak_break_2"") end),",客户端可见的同名 SoundEmitter 调用由钩子处理；纯服务端直接复制声音无法被 Lua 通用枚举,原版 Controller Vibration=ON；Mod=ON；活动手柄已连接；非暂停；同事件/实体/实例短窗去重；空间距离过滤,BOSS 以 Sim.SetListener 三维位置进行世界空间平滑衰减，默认近—远 12–64 单位；超距归零，可由 Spatial Reach 缩放,Boss 双段重脉冲包络,条件覆盖：事件表语义完整，触发可观察性由引擎路径决定
409,daywalker/pillar/hit,BOSS,1.0,True,1.0,False,547,1,8,"haptics.lua 第 547 行注册；触发证据：prefabs/daywalker_pillar.lua:397 SpawnDebris(inst, anim, 1).SoundEmitter:PlaySound(""daywalker/pillar/hit"")；prefabs/daywalker_pillar.lua:581 inst.SoundEmitter:PlaySound(""daywalker/pillar/hit"")；stategraphs/SGvault_pillar_guard.lua:367 FrameEvent(78, function(inst) inst.SoundEmitter:PlaySound(""daywalker/pillar/hit"") end),；另 5 处",客户端可见的同名 SoundEmitter 调用由钩子处理；纯服务端直接复制声音无法被 Lua 通用枚举,原版 Controller Vibration=ON；Mod=ON；活动手柄已连接；非暂停；同事件/实体/实例短窗去重；空间距离过滤,BOSS 以 Sim.SetListener 三维位置进行世界空间平滑衰减，默认近—远 12–64 单位；超距归零，可由 Spatial Reach 缩放,危险/受击三段衰减包络,条件覆盖：事件表语义完整，触发可观察性由引擎路径决定
410,qol1/daywalker_scrappy/buried_stagger,BOSS,1.0,True,1.0,False,550,1,2,"haptics.lua 第 550 行注册；触发证据：stategraphs/SGdaywalker2_buried.lua:61 inst.SoundEmitter:PlaySound(""qol1/daywalker_scrappy/buried_stagger"")；stategraphs/SGdaywalker2_buried.lua:98 inst.SoundEmitter:PlaySound(""qol1/daywalker_scrappy/buried_stagger"")",客户端可见的同名 SoundEmitter 调用由钩子处理；纯服务端直接复制声音无法被 Lua 通用枚举,原版 Controller Vibration=ON；Mod=ON；活动手柄已连接；非暂停；同事件/实体/实例短窗去重；空间距离过滤,BOSS 以 Sim.SetListener 三维位置进行世界空间平滑衰减，默认近—远 12–64 单位；超距归零，可由 Spatial Reach 缩放,Boss 双段重脉冲包络,条件覆盖：事件表语义完整，触发可观察性由引擎路径决定
411,qol1/daywalker_scrappy/step,BOSS,1.0,True,1.0,False,551,1,1,"haptics.lua 第 551 行注册；触发证据：prefabs/daywalker2.lua:1163 inst.footstep = ""qol1/daywalker_scrappy/step""",客户端可见的同名 SoundEmitter 调用由钩子处理；纯服务端直接复制声音无法被 Lua 通用枚举,原版 Controller Vibration=ON；Mod=ON；活动手柄已连接；非暂停；同事件/实体/实例短窗去重；空间距离过滤,BOSS 以 Sim.SetListener 三维位置进行世界空间平滑衰减，默认近—远 12–64 单位；超距归零，可由 Spatial Reach 缩放,脚步/落地双脉冲包络,条件覆盖：事件表语义完整，触发可观察性由引擎路径决定
412,qol1/daywalker_scrappy/emerge,BOSS,1.0,True,1.0,False,552,1,1,"haptics.lua 第 552 行注册；触发证据：stategraphs/SGdaywalker2.lua:591 inst.SoundEmitter:PlaySound(""qol1/daywalker_scrappy/emerge"")",客户端可见的同名 SoundEmitter 调用由钩子处理；纯服务端直接复制声音无法被 Lua 通用枚举,原版 Controller Vibration=ON；Mod=ON；活动手柄已连接；非暂停；同事件/实体/实例短窗去重；空间距离过滤,BOSS 以 Sim.SetListener 三维位置进行世界空间平滑衰减，默认近—远 12–64 单位；超距归零，可由 Spatial Reach 缩放,Boss 双段重脉冲包络,条件覆盖：事件表语义完整，触发可观察性由引擎路径决定
413,qol1/daywalker_scrappy/objectswing_f15,BOSS,1.0,True,1.0,False,553,1,1,"haptics.lua 第 553 行注册；触发证据：stategraphs/SGdaywalker2.lua:1289 FrameEvent(9, function(inst) inst.SoundEmitter:PlaySound(""qol1/daywalker_scrappy/objectswing_f15"") end),",客户端可见的同名 SoundEmitter 调用由钩子处理；纯服务端直接复制声音无法被 Lua 通用枚举,原版 Controller Vibration=ON；Mod=ON；活动手柄已连接；非暂停；同事件/实体/实例短窗去重；空间距离过滤,BOSS 以 Sim.SetListener 三维位置进行世界空间平滑衰减，默认近—远 12–64 单位；超距归零，可由 Spatial Reach 缩放,挥动/攻击双脉冲包络,条件覆盖：事件表语义完整，触发可观察性由引擎路径决定
414,qol1/daywalker_scrappy/bodyswing_f5,BOSS,1.0,True,1.0,False,554,1,1,"haptics.lua 第 554 行注册；触发证据：stategraphs/SGdaywalker2.lua:1905 inst.SoundEmitter:PlaySound(""qol1/daywalker_scrappy/bodyswing_f5"")",客户端可见的同名 SoundEmitter 调用由钩子处理；纯服务端直接复制声音无法被 Lua 通用枚举,原版 Controller Vibration=ON；Mod=ON；活动手柄已连接；非暂停；同事件/实体/实例短窗去重；空间距离过滤,BOSS 以 Sim.SetListener 三维位置进行世界空间平滑衰减，默认近—远 12–64 单位；超距归零，可由 Spatial Reach 缩放,挥动/攻击双脉冲包络,条件覆盖：事件表语义完整，触发可观察性由引擎路径决定
415,qol1/daywalker_scrappy/laser_pre,BOSS,1.0,True,1.0,False,555,1,1,"haptics.lua 第 555 行注册；触发证据：stategraphs/SGdaywalker2.lua:1388 inst.SoundEmitter:PlaySound(""qol1/daywalker_scrappy/laser_pre"")",客户端可见的同名 SoundEmitter 调用由钩子处理；纯服务端直接复制声音无法被 Lua 通用枚举,原版 Controller Vibration=ON；Mod=ON；活动手柄已连接；非暂停；同事件/实体/实例短窗去重；空间距离过滤,BOSS 以 Sim.SetListener 三维位置进行世界空间平滑衰减，默认近—远 12–64 单位；超距归零，可由 Spatial Reach 缩放,Boss 双段重脉冲包络,条件覆盖：事件表语义完整，触发可观察性由引擎路径决定
416,qol1/daywalker_scrappy/laser_pst,BOSS,1.0,True,1.0,False,556,1,1,"haptics.lua 第 556 行注册；触发证据：stategraphs/SGdaywalker2.lua:1434 inst.SoundEmitter:PlaySound(""qol1/daywalker_scrappy/laser_pst"")",客户端可见的同名 SoundEmitter 调用由钩子处理；纯服务端直接复制声音无法被 Lua 通用枚举,原版 Controller Vibration=ON；Mod=ON；活动手柄已连接；非暂停；同事件/实体/实例短窗去重；空间距离过滤,BOSS 以 Sim.SetListener 三维位置进行世界空间平滑衰减，默认近—远 12–64 单位；超距归零，可由 Spatial Reach 缩放,Boss 双段重脉冲包络,条件覆盖：事件表语义完整，触发可观察性由引擎路径决定
417,dontstarve/creatures/together/toad_stool/spawn_appear,BOSS,1.0,True,1.0,False,559,1,3,"haptics.lua 第 559 行注册；触发证据：stategraphs/SGtoadstool.lua:310 inst.SoundEmitter:PlaySound(""dontstarve/creatures/together/toad_stool/spawn_appear_pre"")；stategraphs/SGtoadstool.lua:316 inst.SoundEmitter:PlaySound(""dontstarve/creatures/together/toad_stool/spawn_appear"")；stategraphs/SGtoadstool.lua:361 inst.SoundEmitter:PlaySound(""dontstarve/creatures/together/toad_stool/spawn_appear"")",客户端可见的同名 SoundEmitter 调用由钩子处理；纯服务端直接复制声音无法被 Lua 通用枚举,原版 Controller Vibration=ON；Mod=ON；活动手柄已连接；非暂停；同事件/实体/实例短窗去重；空间距离过滤,BOSS 以 Sim.SetListener 三维位置进行世界空间平滑衰减，默认近—远 12–64 单位；超距归零，可由 Spatial Reach 缩放,Boss 双段重脉冲包络,条件覆盖：事件表语义完整，触发可观察性由引擎路径决定
418,dontstarve/creatures/together/toad_stool/roar,BOSS,1.0,True,1.0,False,560,1,4,"haptics.lua 第 560 行注册；触发证据：stategraphs/SGtoadstool.lua:355 inst.SoundEmitter:PlaySound(""dontstarve/creatures/together/toad_stool/roar"")；stategraphs/SGtoadstool.lua:456 inst.SoundEmitter:PlaySound(""dontstarve/creatures/together/toad_stool/roar"")；stategraphs/SGtoadstool.lua:838 inst.SoundEmitter:PlaySound(""dontstarve/creatures/together/toad_stool/roar"")；另 1 处",客户端可见的同名 SoundEmitter 调用由钩子处理；纯服务端直接复制声音无法被 Lua 通用枚举,原版 Controller Vibration=ON；Mod=ON；活动手柄已连接；非暂停；同事件/实体/实例短窗去重；空间距离过滤,BOSS 以 Sim.SetListener 三维位置进行世界空间平滑衰减，默认近—远 12–64 单位；超距归零，可由 Spatial Reach 缩放,咆哮/蓄力三段包络（上升—峰值—衰减）,条件覆盖：事件表语义完整，触发可观察性由引擎路径决定
419,dontstarve/creatures/together/toad_stool/roar_phase,BOSS,1.0,True,1.0,False,561,1,2,"haptics.lua 第 561 行注册；触发证据：stategraphs/SGtoadstool.lua:502 inst.SoundEmitter:PlaySound(""dontstarve/creatures/together/toad_stool/roar_phase"")；stategraphs/SGtoadstool.lua:699 inst.SoundEmitter:PlaySound(""dontstarve/creatures/together/toad_stool/roar_phase"")",客户端可见的同名 SoundEmitter 调用由钩子处理；纯服务端直接复制声音无法被 Lua 通用枚举,原版 Controller Vibration=ON；Mod=ON；活动手柄已连接；非暂停；同事件/实体/实例短窗去重；空间距离过滤,BOSS 以 Sim.SetListener 三维位置进行世界空间平滑衰减，默认近—远 12–64 单位；超距归零，可由 Spatial Reach 缩放,咆哮/蓄力三段包络（上升—峰值—衰减）,条件覆盖：事件表语义完整，触发可观察性由引擎路径决定
420,dontstarve/creatures/together/toad_stool/death_roar,BOSS,1.0,True,1.0,False,562,1,1,"haptics.lua 第 562 行注册；触发证据：stategraphs/SGtoadstool.lua:473 inst.SoundEmitter:PlaySound(""dontstarve/creatures/together/toad_stool/death_roar"")",客户端可见的同名 SoundEmitter 调用由钩子处理；纯服务端直接复制声音无法被 Lua 通用枚举,原版 Controller Vibration=ON；Mod=ON；活动手柄已连接；非暂停；同事件/实体/实例短窗去重；空间距离过滤,BOSS 以 Sim.SetListener 三维位置进行世界空间平滑衰减，默认近—远 12–64 单位；超距归零，可由 Spatial Reach 缩放,咆哮/蓄力三段包络（上升—峰值—衰减）,条件覆盖：事件表语义完整，触发可观察性由引擎路径决定
421,dontstarve/creatures/together/toad_stool/death_fall,BOSS,1.0,True,1.0,False,563,1,1,"haptics.lua 第 563 行注册；触发证据：stategraphs/SGtoadstool.lua:470 inst.SoundEmitter:PlaySound(""dontstarve/creatures/together/toad_stool/death_fall"")",客户端可见的同名 SoundEmitter 调用由钩子处理；纯服务端直接复制声音无法被 Lua 通用枚举,原版 Controller Vibration=ON；Mod=ON；活动手柄已连接；非暂停；同事件/实体/实例短窗去重；空间距离过滤,BOSS 以 Sim.SetListener 三维位置进行世界空间平滑衰减，默认近—远 12–64 单位；超距归零，可由 Spatial Reach 缩放,爆炸/重击三段冲击包络,条件覆盖：事件表语义完整，触发可观察性由引擎路径决定
422,dontstarve/creatures/together/toad_stool/spore_shoot,BOSS,1.0,True,1.0,False,564,1,1,"haptics.lua 第 564 行注册；触发证据：stategraphs/SGtoadstool.lua:841 inst.SoundEmitter:PlaySound(""dontstarve/creatures/together/toad_stool/spore_shoot"")",客户端可见的同名 SoundEmitter 调用由钩子处理；纯服务端直接复制声音无法被 Lua 通用枚举,原版 Controller Vibration=ON；Mod=ON；活动手柄已连接；非暂停；同事件/实体/实例短窗去重；空间距离过滤,BOSS 以 Sim.SetListener 三维位置进行世界空间平滑衰减，默认近—远 12–64 单位；超距归零，可由 Spatial Reach 缩放,Boss 双段重脉冲包络,条件覆盖：事件表语义完整，触发可观察性由引擎路径决定
423,rifts3/mutated_varg/mutate,BOSS,1.0,True,1.0,False,567,1,3,"haptics.lua 第 567 行注册；触发证据：stategraphs/SGwarg.lua:1390 SoundFrameEvent(14, ""rifts3/mutated_varg/mutate_pre_f14""),；stategraphs/SGwarg.lua:1391 SoundFrameEvent(106, ""rifts3/mutated_varg/mutate""),；stategraphs/SGwarg.lua:1410 inst.SoundEmitter:PlaySound(""rifts3/mutated_varg/mutate_pre_f0"")",客户端可见的同名 SoundEmitter 调用由钩子处理；纯服务端直接复制声音无法被 Lua 通用枚举,原版 Controller Vibration=ON；Mod=ON；活动手柄已连接；非暂停；同事件/实体/实例短窗去重；空间距离过滤,BOSS 以 Sim.SetListener 三维位置进行世界空间平滑衰减，默认近—远 12–64 单位；超距归零，可由 Spatial Reach 缩放,Boss 双段重脉冲包络,条件覆盖：事件表语义完整，触发可观察性由引擎路径决定
424,rifts3/mutated_varg/blast_lp,BOSS,1.0,True,1.0,False,568,1,3,"haptics.lua 第 568 行注册；触发证据：prefabs/flamethrower_fx.lua:13 inst.SoundEmitter:PlaySound(""rifts3/mutated_varg/blast_lp"", ""loop"")；stategraphs/SGwarg.lua:908 inst.SoundEmitter:PlaySound(""rifts3/mutated_varg/blast_lp"", ""loop"")；stategraphs/SGwarg.lua:958 inst.SoundEmitter:PlaySound(""rifts3/mutated_varg/blast_lp"", ""loop"")",SoundEmitter 具名循环钩子；PlayingSound、SetParameter、SetVolume、KillSound/KillAllSounds 驱动,原版 Controller Vibration=ON；Mod=ON；活动手柄已连接；非暂停；同事件/实体/实例短窗去重；空间距离过滤,BOSS 以 Sim.SetListener 三维位置进行世界空间平滑衰减，默认近—远 12–64 单位；超距归零，可由 Spatial Reach 缩放,具名循环：85 ms 更新、100 ms 连续脉冲；KillSound/音量/实体/暂停/卸载控制生命周期,高（客户端 Lua 可见循环）；已验证参数逐事件映射，未知参数保持中性
425,rifts4/worm_boss/distant,BOSS,1.0,True,1.0,False,571,1,1,"haptics.lua 第 571 行注册；触发证据：prefabs/wormwarning.lua:49 table.insert(t,Prefab(""wormwarning_worm_boss"", makewarning(SPAWN_DIST, ""rifts4/worm_boss/distant"")))",客户端可见的同名 SoundEmitter 调用由钩子处理；纯服务端直接复制声音无法被 Lua 通用枚举,原版 Controller Vibration=ON；Mod=ON；活动手柄已连接；非暂停；同事件/实体/实例短窗去重；空间距离过滤,BOSS 以 Sim.SetListener 三维位置进行世界空间平滑衰减，默认近—远 12–64 单位；超距归零，可由 Spatial Reach 缩放,Boss 双段重脉冲包络,条件覆盖：事件表语义完整，触发可观察性由引擎路径决定
426,rifts4/worm_boss/dirt_emerge,BOSS,1.0,True,1.0,False,572,1,4,"haptics.lua 第 572 行注册；触发证据：prefabs/vault_lobby_exit.lua:217 inst.SoundEmitter:PlaySound(""rifts4/worm_boss/dirt_emerge"")；prefabs/worm_boss.lua:1304 inst.SoundEmitter:PlaySound(""rifts4/worm_boss/dirt_emerge"")；stategraphs/SGvault_pillar_guard.lua:366 FrameEvent(52, function(inst) inst.SoundEmitter:PlaySound(""rifts4/worm_boss/dirt_emerge"") end),；另 1 处",客户端可见的同名 SoundEmitter 调用由钩子处理；纯服务端直接复制声音无法被 Lua 通用枚举,原版 Controller Vibration=ON；Mod=ON；活动手柄已连接；非暂停；同事件/实体/实例短窗去重；空间距离过滤,BOSS 以 Sim.SetListener 三维位置进行世界空间平滑衰减，默认近—远 12–64 单位；超距归零，可由 Spatial Reach 缩放,Boss 双段重脉冲包络,条件覆盖：事件表语义完整，触发可观察性由引擎路径决定
427,rifts4/worm_boss/ground_crack,BOSS,1.0,True,1.0,False,573,1,1,"haptics.lua 第 573 行注册；触发证据：prefabs/worm_boss.lua:1440 inst.SoundEmitter:PlaySound(""rifts4/worm_boss/ground_crack"")",客户端可见的同名 SoundEmitter 调用由钩子处理；纯服务端直接复制声音无法被 Lua 通用枚举,原版 Controller Vibration=ON；Mod=ON；活动手柄已连接；非暂停；同事件/实体/实例短窗去重；空间距离过滤,BOSS 以 Sim.SetListener 三维位置进行世界空间平滑衰减，默认近—远 12–64 单位；超距归零，可由 Spatial Reach 缩放,Boss 双段重脉冲包络,条件覆盖：事件表语义完整，触发可观察性由引擎路径决定
428,rifts4/worm_boss/taunt,BOSS,1.0,True,1.0,False,574,1,2,"haptics.lua 第 574 行注册；触发证据：stategraphs/SGworm_boss_head.lua:95 PlayWormSound(inst, ""rifts4/worm_boss/taunt"")；stategraphs/SGworm_boss_head.lua:382 PlayWormSound(inst, ""rifts4/worm_boss/taunt"")",客户端可见的同名 SoundEmitter 调用由钩子处理；纯服务端直接复制声音无法被 Lua 通用枚举,原版 Controller Vibration=ON；Mod=ON；活动手柄已连接；非暂停；同事件/实体/实例短窗去重；空间距离过滤,BOSS 以 Sim.SetListener 三维位置进行世界空间平滑衰减，默认近—远 12–64 单位；超距归零，可由 Spatial Reach 缩放,咆哮/蓄力三段包络（上升—峰值—衰减）,条件覆盖：事件表语义完整，触发可观察性由引擎路径决定
429,rifts4/worm_boss/chomp,BOSS,2.0,True,1.0,False,575,1,2,"haptics.lua 第 575 行注册；触发证据：prefabs/yots_snakeshrine.lua:202 inst.SoundEmitter:PlaySound(""rifts4/worm_boss/chomp"")；stategraphs/SGworm_boss_head.lua:116 inst.SoundEmitter:PlaySound(""rifts4/worm_boss/chomp"")",客户端可见的同名 SoundEmitter 调用由钩子处理；纯服务端直接复制声音无法被 Lua 通用枚举,原版 Controller Vibration=ON；Mod=ON；活动手柄已连接；非暂停；同事件/实体/实例短窗去重；空间距离过滤,BOSS 以 Sim.SetListener 三维位置进行世界空间平滑衰减，默认近—远 12–64 单位；超距归零，可由 Spatial Reach 缩放,Boss 双段重脉冲包络,条件覆盖：事件表语义完整，触发可观察性由引擎路径决定
430,rifts4/worm_boss/breach,BOSS,1.0,True,1.0,False,576,1,1,"haptics.lua 第 576 行注册；触发证据：stategraphs/SGworm_boss_head.lua:120 inst.SoundEmitter:PlaySound(""rifts4/worm_boss/breach"")",客户端可见的同名 SoundEmitter 调用由钩子处理；纯服务端直接复制声音无法被 Lua 通用枚举,原版 Controller Vibration=ON；Mod=ON；活动手柄已连接；非暂停；同事件/实体/实例短窗去重；空间距离过滤,BOSS 以 Sim.SetListener 三维位置进行世界空间平滑衰减，默认近—远 12–64 单位；超距归零，可由 Spatial Reach 缩放,爆炸/重击三段冲击包络,条件覆盖：事件表语义完整，触发可观察性由引擎路径决定
431,rifts4/worm_boss/chew,BOSS,2.0,True,1.0,False,577,1,1,"haptics.lua 第 577 行注册；触发证据：stategraphs/SGworm_boss_head.lua:206 inst.SoundEmitter:PlaySound(""rifts4/worm_boss/chew"")",客户端可见的同名 SoundEmitter 调用由钩子处理；纯服务端直接复制声音无法被 Lua 通用枚举,原版 Controller Vibration=ON；Mod=ON；活动手柄已连接；非暂停；同事件/实体/实例短窗去重；空间距离过滤,BOSS 以 Sim.SetListener 三维位置进行世界空间平滑衰减，默认近—远 12–64 单位；超距归零，可由 Spatial Reach 缩放,Boss 双段重脉冲包络,条件覆盖：事件表语义完整，触发可观察性由引擎路径决定
432,rifts4/worm_boss/chew_big,BOSS,2.0,True,1.0,False,578,1,1,"haptics.lua 第 578 行注册；触发证据：stategraphs/SGworm_boss_head.lua:209 inst.SoundEmitter:PlaySound(""rifts4/worm_boss/chew_big"")",客户端可见的同名 SoundEmitter 调用由钩子处理；纯服务端直接复制声音无法被 Lua 通用枚举,原版 Controller Vibration=ON；Mod=ON；活动手柄已连接；非暂停；同事件/实体/实例短窗去重；空间距离过滤,BOSS 以 Sim.SetListener 三维位置进行世界空间平滑衰减，默认近—远 12–64 单位；超距归零，可由 Spatial Reach 缩放,Boss 双段重脉冲包络,条件覆盖：事件表语义完整，触发可观察性由引擎路径决定
433,rifts4/worm_boss/spit_head,BOSS,1.0,True,1.0,False,579,1,1,"haptics.lua 第 579 行注册；触发证据：stategraphs/SGworm_boss_head.lua:325 inst.SoundEmitter:PlaySound(""rifts4/worm_boss/spit_head"")",客户端可见的同名 SoundEmitter 调用由钩子处理；纯服务端直接复制声音无法被 Lua 通用枚举,原版 Controller Vibration=ON；Mod=ON；活动手柄已连接；非暂停；同事件/实体/实例短窗去重；空间距离过滤,BOSS 以 Sim.SetListener 三维位置进行世界空间平滑衰减，默认近—远 12–64 单位；超距归零，可由 Spatial Reach 缩放,Boss 双段重脉冲包络,条件覆盖：事件表语义完整，触发可观察性由引擎路径决定
434,rifts4/worm_boss/spit_butt,BOSS,1.0,True,1.0,False,580,1,1,"haptics.lua 第 580 行注册；触发证据：stategraphs/SGworm_boss_tail.lua:71 inst.SoundEmitter:PlaySound(""rifts4/worm_boss/spit_butt"")",客户端可见的同名 SoundEmitter 调用由钩子处理；纯服务端直接复制声音无法被 Lua 通用枚举,原版 Controller Vibration=ON；Mod=ON；活动手柄已连接；非暂停；同事件/实体/实例短窗去重；空间距离过滤,BOSS 以 Sim.SetListener 三维位置进行世界空间平滑衰减，默认近—远 12–64 单位；超距归零，可由 Spatial Reach 缩放,Boss 双段重脉冲包络,条件覆盖：事件表语义完整，触发可观察性由引擎路径决定
435,rifts4/worm_boss/beingdigested_lp,BOSS,1.0,True,1.0,False,581,1,1,"haptics.lua 第 581 行注册；触发证据：prefabs/player_classified.lua:1095 TheFocalPoint.SoundEmitter:PlaySound(""rifts4/worm_boss/beingdigested_lp"", ""worm_boss_digest"")",SoundEmitter 具名循环钩子；PlayingSound、SetParameter、SetVolume、KillSound/KillAllSounds 驱动,原版 Controller Vibration=ON；Mod=ON；活动手柄已连接；非暂停；同事件/实体/实例短窗去重；空间距离过滤,BOSS 以 Sim.SetListener 三维位置进行世界空间平滑衰减，默认近—远 12–64 单位；超距归零，可由 Spatial Reach 缩放,具名循环：85 ms 更新、100 ms 连续脉冲；KillSound/音量/实体/暂停/卸载控制生命周期,高（客户端 Lua 可见循环）；已验证参数逐事件映射，未知参数保持中性
436,rifts4/worm_boss/death_pst,BOSS,1.0,True,1.0,False,582,1,1,"haptics.lua 第 582 行注册；触发证据：stategraphs/SGworm_boss_head.lua:546 inst.SoundEmitter:PlaySound(""rifts4/worm_boss/death_pst"")",客户端可见的同名 SoundEmitter 调用由钩子处理；纯服务端直接复制声音无法被 Lua 通用枚举,原版 Controller Vibration=ON；Mod=ON；活动手柄已连接；非暂停；同事件/实体/实例短窗去重；空间距离过滤,BOSS 以 Sim.SetListener 三维位置进行世界空间平滑衰减，默认近—远 12–64 单位；超距归零，可由 Spatial Reach 缩放,Boss 双段重脉冲包络,条件覆盖：事件表语义完整，触发可观察性由引擎路径决定
437,rifts5/wagstaff_boss/footstep_front,BOSS,1.0,True,1.0,False,585,1,5,"haptics.lua 第 585 行注册；触发证据：stategraphs/SGwagboss_robot.lua:1146 FrameEvent(23, function(inst) inst.SoundEmitter:PlaySound(""rifts5/wagstaff_boss/footstep_front"") end),；stategraphs/SGwagboss_robot.lua:1147 FrameEvent(26, function(inst) inst.SoundEmitter:PlaySound(""rifts5/wagstaff_boss/footstep_front"") end),；stategraphs/SGwagboss_robot.lua:1148 FrameEvent(29, function(inst) inst.SoundEmitter:PlaySound(""rifts5/wagstaff_boss/footstep_front"") end),；另 2 处",客户端可见的同名 SoundEmitter 调用由钩子处理；纯服务端直接复制声音无法被 Lua 通用枚举,原版 Controller Vibration=ON；Mod=ON；活动手柄已连接；非暂停；同事件/实体/实例短窗去重；空间距离过滤,BOSS 以 Sim.SetListener 三维位置进行世界空间平滑衰减，默认近—远 12–64 单位；超距归零，可由 Spatial Reach 缩放,脚步/落地双脉冲包络,条件覆盖：事件表语义完整，触发可观察性由引擎路径决定
438,rifts5/wagstaff_boss/footstep_stomp,BOSS,1.0,True,1.0,False,586,1,4,"haptics.lua 第 586 行注册；触发证据：stategraphs/SGwagboss_robot.lua:1037 FrameEvent(20, function(inst) inst.SoundEmitter:PlaySound(""rifts5/wagstaff_boss/footstep_stomp"") end),；stategraphs/SGwagboss_robot.lua:1331 FrameEvent(30, function(inst) inst.SoundEmitter:PlaySound(""rifts5/wagstaff_boss/footstep_stomp"") end),；stategraphs/SGwagboss_robot.lua:1533 FrameEvent(0, function(inst) inst.SoundEmitter:PlaySound(""rifts5/wagstaff_boss/footstep_stomp"") end),；另 1 处",客户端可见的同名 SoundEmitter 调用由钩子处理；纯服务端直接复制声音无法被 Lua 通用枚举,原版 Controller Vibration=ON；Mod=ON；活动手柄已连接；非暂停；同事件/实体/实例短窗去重；空间距离过滤,BOSS 以 Sim.SetListener 三维位置进行世界空间平滑衰减，默认近—远 12–64 单位；超距归零，可由 Spatial Reach 缩放,脚步/落地双脉冲包络,条件覆盖：事件表语义完整，触发可观察性由引擎路径决定
439,rifts5/wagstaff_boss/missile_explode,BOSS,1.0,True,1.0,False,587,1,4,"haptics.lua 第 587 行注册；触发证据：fx.lua:3895 sound = ""rifts5/wagstaff_boss/missile_explode"",；stategraphs/SGwagboss_robot.lua:1782 FrameEvent(0, function(inst) inst.SoundEmitter:PlaySound(""rifts5/wagstaff_boss/missile_explode"") end),；stategraphs/SGwx78_shadowdrone_debuffer.lua:284 FrameEvent(9, function(inst) inst.SoundEmitter:PlaySound(""rifts5/wagstaff_boss/missile_explode"", nil, 0.3) end),；另 1 处",客户端可见的同名 SoundEmitter 调用由钩子处理；纯服务端直接复制声音无法被 Lua 通用枚举,原版 Controller Vibration=ON；Mod=ON；活动手柄已连接；非暂停；同事件/实体/实例短窗去重；空间距离过滤,BOSS 以 Sim.SetListener 三维位置进行世界空间平滑衰减，默认近—远 12–64 单位；超距归零，可由 Spatial Reach 缩放,爆炸/重击三段冲击包络,条件覆盖：事件表语义完整，触发可观察性由引擎路径决定
440,rifts5/wagstaff_boss/foot_land,BOSS,1.0,True,1.0,False,588,1,1,"haptics.lua 第 588 行注册；触发证据：prefabs/wagboss_robot_leg.lua:73 inst.SoundEmitter:PlaySound(""rifts5/wagstaff_boss/foot_land"")",客户端可见的同名 SoundEmitter 调用由钩子处理；纯服务端直接复制声音无法被 Lua 通用枚举,原版 Controller Vibration=ON；Mod=ON；活动手柄已连接；非暂停；同事件/实体/实例短窗去重；空间距离过滤,BOSS 以 Sim.SetListener 三维位置进行世界空间平滑衰减，默认近—远 12–64 单位；超距归零，可由 Spatial Reach 缩放,脚步/落地双脉冲包络,条件覆盖：事件表语义完整，触发可观察性由引擎路径决定
441,rifts5/wagstaff_boss/beam_down_LP,BOSS,1.0,True,1.0,False,589,1,1,"haptics.lua 第 589 行注册；触发证据：prefabs/wagboss_beam.lua:354 inst.SoundEmitter:PlaySound(""rifts5/wagstaff_boss/beam_down_LP"", ""loop"")",SoundEmitter 具名循环钩子；PlayingSound、SetParameter、SetVolume、KillSound/KillAllSounds 驱动,原版 Controller Vibration=ON；Mod=ON；活动手柄已连接；非暂停；同事件/实体/实例短窗去重；空间距离过滤,BOSS 以 Sim.SetListener 三维位置进行世界空间平滑衰减，默认近—远 12–64 单位；超距归零，可由 Spatial Reach 缩放,具名循环：85 ms 更新、100 ms 连续脉冲；KillSound/音量/实体/暂停/卸载控制生命周期,高（客户端 Lua 可见循环）；已验证参数逐事件映射，未知参数保持中性
442,rifts5/lunar_boss/footstep,BOSS,1.0,True,1.0,False,590,1,3,"haptics.lua 第 590 行注册；触发证据：stategraphs/SGalterguardian_phase4_lunarrift.lua:505 FrameEvent(12, function(inst) inst.SoundEmitter:PlaySound(""rifts5/lunar_boss/footstep"") end),；stategraphs/SGalterguardian_phase4_lunarrift.lua:1713 FrameEvent(28, function(inst) inst.SoundEmitter:PlaySound(""rifts5/lunar_boss/footstep"") end),；stategraphs/SGalterguardian_phase4_lunarrift.lua:1715 FrameEvent(79, function(inst) inst.SoundEmitter:PlaySound(""rifts5/lunar_boss/footstep"") end),",客户端可见的同名 SoundEmitter 调用由钩子处理；纯服务端直接复制声音无法被 Lua 通用枚举,原版 Controller Vibration=ON；Mod=ON；活动手柄已连接；非暂停；同事件/实体/实例短窗去重；空间距离过滤,BOSS 以 Sim.SetListener 三维位置进行世界空间平滑衰减，默认近—远 12–64 单位；超距归零，可由 Spatial Reach 缩放,脚步/落地双脉冲包络,条件覆盖：事件表语义完整，触发可观察性由引擎路径决定
443,rifts5/lunar_boss/fsbig,BOSS,1.0,True,1.0,False,591,1,7,"haptics.lua 第 591 行注册；触发证据：stategraphs/SGalterguardian_phase4_lunarrift.lua:752 FrameEvent(106, function(inst) inst.SoundEmitter:PlaySound(""rifts5/lunar_boss/fsbig"") end),；stategraphs/SGalterguardian_phase4_lunarrift.lua:753 FrameEvent(123, function(inst) inst.SoundEmitter:PlaySound(""rifts5/lunar_boss/fsbig"") end),；stategraphs/SGalterguardian_phase4_lunarrift.lua:1065 FrameEvent(43, function(inst) inst.SoundEmitter:PlaySound(""rifts5/lunar_boss/fsbig"") end),；另 4 处",客户端可见的同名 SoundEmitter 调用由钩子处理；纯服务端直接复制声音无法被 Lua 通用枚举,原版 Controller Vibration=ON；Mod=ON；活动手柄已连接；非暂停；同事件/实体/实例短窗去重；空间距离过滤,BOSS 以 Sim.SetListener 三维位置进行世界空间平滑衰减，默认近—远 12–64 单位；超距归零，可由 Spatial Reach 缩放,Boss 双段重脉冲包络,条件覆盖：事件表语义完整，触发可观察性由引擎路径决定
444,rifts5/lunar_boss/spawn_3,BOSS,1.0,True,1.0,False,592,1,1,"haptics.lua 第 592 行注册；触发证据：stategraphs/SGwagboss_robot.lua:2076 FrameEvent(196, function(inst) inst.SoundEmitter:PlaySound(""rifts5/lunar_boss/spawn_3"") end),",客户端可见的同名 SoundEmitter 调用由钩子处理；纯服务端直接复制声音无法被 Lua 通用枚举,原版 Controller Vibration=ON；Mod=ON；活动手柄已连接；非暂停；同事件/实体/实例短窗去重；空间距离过滤,BOSS 以 Sim.SetListener 三维位置进行世界空间平滑衰减，默认近—远 12–64 单位；超距归零，可由 Spatial Reach 缩放,Boss 双段重脉冲包络,条件覆盖：事件表语义完整，触发可观察性由引擎路径决定
445,rifts5/lunar_boss/spawn_4,BOSS,1.0,True,1.0,False,593,1,1,"haptics.lua 第 593 行注册；触发证据：stategraphs/SGwagboss_robot.lua:2077 FrameEvent(235, function(inst) inst.SoundEmitter:PlaySound(""rifts5/lunar_boss/spawn_4"") end),	},",客户端可见的同名 SoundEmitter 调用由钩子处理；纯服务端直接复制声音无法被 Lua 通用枚举,原版 Controller Vibration=ON；Mod=ON；活动手柄已连接；非暂停；同事件/实体/实例短窗去重；空间距离过滤,BOSS 以 Sim.SetListener 三维位置进行世界空间平滑衰减，默认近—远 12–64 单位；超距归零，可由 Spatial Reach 缩放,Boss 双段重脉冲包络,条件覆盖：事件表语义完整，触发可观察性由引擎路径决定
446,rifts5/lunar_boss/taunt_emerge,BOSS,1.0,True,1.0,False,594,1,1,"haptics.lua 第 594 行注册；触发证据：stategraphs/SGalterguardian_phase4_lunarrift.lua:575 FrameEvent(0, function(inst) inst.SoundEmitter:PlaySound((inst.sg.statemem.triggerlunacy == false) and ""rifts5/lunar_boss/taunt_emerge"" or ""rifts5/lunar_boss/taunt"") end),",客户端可见的同名 SoundEmitter 调用由钩子处理；纯服务端直接复制声音无法被 Lua 通用枚举,原版 Controller Vibration=ON；Mod=ON；活动手柄已连接；非暂停；同事件/实体/实例短窗去重；空间距离过滤,BOSS 以 Sim.SetListener 三维位置进行世界空间平滑衰减，默认近—远 12–64 单位；超距归零，可由 Spatial Reach 缩放,咆哮/蓄力三段包络（上升—峰值—衰减）,条件覆盖：事件表语义完整，触发可观察性由引擎路径决定
447,rifts5/lunar_boss/supernova_burst_LP,BOSS,1.0,True,1.0,False,595,1,1,"haptics.lua 第 595 行注册；触发证据：widgets/lunarburnover.lua:133 TheFocalPoint.SoundEmitter:PlaySound(""rifts5/lunar_boss/supernova_burst_LP"", ""lunarburn_supernova"")",SoundEmitter 具名循环钩子；PlayingSound、SetParameter、SetVolume、KillSound/KillAllSounds 驱动,原版 Controller Vibration=ON；Mod=ON；活动手柄已连接；非暂停；同事件/实体/实例短窗去重；空间距离过滤,BOSS 以 Sim.SetListener 三维位置进行世界空间平滑衰减，默认近—远 12–64 单位；超距归零，可由 Spatial Reach 缩放,具名循环：85 ms 更新、100 ms 连续脉冲；KillSound/音量/实体/暂停/卸载控制生命周期,高（客户端 Lua 可见循环）；已验证参数逐事件映射，未知参数保持中性
448,rifts5/lunar_boss/finale2,BOSS,1.0,True,1.0,False,596,1,1,"haptics.lua 第 596 行注册；触发证据：stategraphs/SGalterguardian_phase4_lunarrift.lua:1463 FrameEvent(0, function(inst) inst.SoundEmitter:PlaySound(""rifts5/lunar_boss/finale2"") end),",客户端可见的同名 SoundEmitter 调用由钩子处理；纯服务端直接复制声音无法被 Lua 通用枚举,原版 Controller Vibration=ON；Mod=ON；活动手柄已连接；非暂停；同事件/实体/实例短窗去重；空间距离过滤,BOSS 以 Sim.SetListener 三维位置进行世界空间平滑衰减，默认近—远 12–64 单位；超距归零，可由 Spatial Reach 缩放,咆哮/蓄力三段包络（上升—峰值—衰减）,条件覆盖：事件表语义完整，触发可观察性由引擎路径决定
449,rifts5/lunar_boss/finale,BOSS,1.0,True,1.0,False,597,1,3,"haptics.lua 第 597 行注册；触发证据：stategraphs/SGalterguardian_phase4_lunarrift.lua:1522 --FrameEvent(0, function(inst) inst.SoundEmitter:PlaySound(""rifts5/lunar_boss/finale"") end),；stategraphs/SGalterguardian_phase4_lunarrift.lua:1599 FrameEvent(50, function(inst) inst.SoundEmitter:PlaySound(""rifts5/lunar_boss/finale"") end),；stategraphs/SGalterguardian_phase4_lunarrift.lua:1674 --FrameEvent(0, function(inst) inst.SoundEmitter:PlaySound(""rifts5/lunar_boss/finale"") end),",客户端可见的同名 SoundEmitter 调用由钩子处理；纯服务端直接复制声音无法被 Lua 通用枚举,原版 Controller Vibration=ON；Mod=ON；活动手柄已连接；非暂停；同事件/实体/实例短窗去重；空间距离过滤,BOSS 以 Sim.SetListener 三维位置进行世界空间平滑衰减，默认近—远 12–64 单位；超距归零，可由 Spatial Reach 缩放,咆哮/蓄力三段包络（上升—峰值—衰减）,条件覆盖：事件表语义完整，触发可观察性由引擎路径决定
450,rifts5/lunar_boss/slam,BOSS,1.0,True,1.0,False,598,1,1,"haptics.lua 第 598 行注册；触发证据：stategraphs/SGalterguardian_phase4_lunarrift.lua:751 FrameEvent(0, function(inst) inst.SoundEmitter:PlaySound(""rifts5/lunar_boss/slam"") end),",客户端可见的同名 SoundEmitter 调用由钩子处理；纯服务端直接复制声音无法被 Lua 通用枚举,原版 Controller Vibration=ON；Mod=ON；活动手柄已连接；非暂停；同事件/实体/实例短窗去重；空间距离过滤,BOSS 以 Sim.SetListener 三维位置进行世界空间平滑衰减，默认近—远 12–64 单位；超距归零，可由 Spatial Reach 缩放,爆炸/重击三段冲击包络,条件覆盖：事件表语义完整，触发可观察性由引擎路径决定
451,dontstarve/HUD/click_mouseover,UI,0.5,False,0.5,False,602,1,41,"haptics.lua 第 602 行注册；触发证据：frontend.lua:408 self:GetSound():PlaySound(""dontstarve/HUD/click_mouseover_controller"")；screens/modsscreen.lua:576 TheFrontEnd:GetSound():PlaySound(""dontstarve/HUD/click_mouseover"", nil, ClickMouseoverSoundReduction())；screens/modsscreen.lua:704 TheFrontEnd:GetSound():PlaySound(""dontstarve/HUD/click_mouseover"", nil, ClickMouseoverSoundReduction())；另 38 处",SoundEmitter.PlaySound / PlaySoundWithParams 原事件 O(1) 索引钩子,原版 Controller Vibration=ON；Mod=ON；活动手柄已连接；非暂停；同事件/实体/实例短窗去重,UI/HUD 非空间，强度不随世界距离衰减,UI 短触点；重要 UI 动画使用双脉冲,高：客户端 Lua 原调用、参数与返回值不改变
452,dontstarve/HUD/click_move,UI,10.0,False,0.5,False,603,1,175,"haptics.lua 第 603 行注册；触发证据：screens/characterloadoutpopup.lua:120 TheFrontEnd:GetSound():PlaySound(""dontstarve/HUD/click_move"")；screens/characterloadoutselectscreen.lua:118 TheFrontEnd:GetSound():PlaySound(""dontstarve/HUD/click_move"")；screens/characterloadoutselectscreen.lua:130 TheFrontEnd:GetSound():PlaySound(""dontstarve/HUD/click_move"")；另 172 处",SoundEmitter.PlaySound / PlaySoundWithParams 原事件 O(1) 索引钩子,原版 Controller Vibration=ON；Mod=ON；活动手柄已连接；非暂停；同事件/实体/实例短窗去重,UI/HUD 非空间，强度不随世界距离衰减,UI 短触点；重要 UI 动画使用双脉冲,高：客户端 Lua 原调用、参数与返回值不改变
453,dontstarve/HUD/Together_HUD/player_receives_gift_animation,UI,2.5,False,1.0,False,604,1,8,"haptics.lua 第 604 行注册；触发证据：screens/giftitempopup.lua:79 TheFrontEnd:GetSound():PlaySound(""dontstarve/HUD/Together_HUD/player_receives_gift_animation_spin"")；screens/giftitempopup.lua:129 TheFrontEnd:GetSound():PlaySound(""dontstarve/HUD/Together_HUD/player_receives_gift_animation_skinout"")；screens/giftitempopup.lua:146 TheFrontEnd:GetSound():PlaySound(""dontstarve/HUD/Together_HUD/player_receives_gift_animation"")；另 5 处",SoundEmitter.PlaySound / PlaySoundWithParams 原事件 O(1) 索引钩子,原版 Controller Vibration=ON；Mod=ON；活动手柄已连接；非暂停；同事件/实体/实例短窗去重,UI/HUD 非空间，强度不随世界距离衰减,UI 短触点；重要 UI 动画使用双脉冲,高：客户端 Lua 原调用、参数与返回值不改变
454,dontstarve/HUD/Together_HUD/skin_change,UI,1.0,False,1.0,False,605,1,0,haptics.lua 第 605 行注册；触发证据：当前 Lua 源码无字面引用（可能由动态变量、资源/引擎路径触发，或为保留定义）,事件仍动态入索引；出现客户端 SoundEmitter 调用时自动处理,原版 Controller Vibration=ON；Mod=ON；活动手柄已连接；非暂停；同事件/实体/实例短窗去重,UI/HUD 非空间，强度不随世界距离衰减,UI 短触点；重要 UI 动画使用双脉冲,保留未来/动态入口；当前源码无字面触发点，不能伪造触发
455,dontstarve/HUD/Together_HUD/collectionscreen/mysterybox/hit1,UI,1.0,False,1.0,False,606,1,1,"haptics.lua 第 606 行注册；触发证据：screens/redux/itemboxopenerpopup.lua:138 self.inst:DoTaskInTime(0.5, function() TheFrontEnd:GetSound():PlaySound(""dontstarve/HUD/Together_HUD/collectionscreen/mysterybox/hit1"") end )",SoundEmitter.PlaySound / PlaySoundWithParams 原事件 O(1) 索引钩子,原版 Controller Vibration=ON；Mod=ON；活动手柄已连接；非暂停；同事件/实体/实例短窗去重,UI/HUD 非空间，强度不随世界距离衰减,UI 短触点；重要 UI 动画使用双脉冲,高：客户端 Lua 原调用、参数与返回值不改变
456,dontstarve/HUD/Together_HUD/collectionscreen/mysterybox/hit2,UI,1.0,False,1.0,False,607,1,1,"haptics.lua 第 607 行注册；触发证据：screens/redux/itemboxopenerpopup.lua:332 TheFrontEnd:GetSound():PlaySound(""dontstarve/HUD/Together_HUD/collectionscreen/mysterybox/hit2"")",SoundEmitter.PlaySound / PlaySoundWithParams 原事件 O(1) 索引钩子,原版 Controller Vibration=ON；Mod=ON；活动手柄已连接；非暂停；同事件/实体/实例短窗去重,UI/HUD 非空间，强度不随世界距离衰减,UI 短触点；重要 UI 动画使用双脉冲,高：客户端 Lua 原调用、参数与返回值不改变
457,dontstarve/HUD/Together_HUD/collectionscreen/mysterybox/hit3,UI,1.0,False,1.0,False,608,1,2,"haptics.lua 第 608 行注册；触发证据：screens/redux/itemboxopenerpopup.lua:333 self.inst:DoTaskInTime(0.5, function() TheFrontEnd:GetSound():PlaySound(""dontstarve/HUD/Together_HUD/collectionscreen/mysterybox/hit3"") end )；screens/redux/itemboxopenerpopup.lua:343 TheFrontEnd:GetSound():PlaySound(""dontstarve/HUD/Together_HUD/collectionscreen/mysterybox/hit3"")",SoundEmitter.PlaySound / PlaySoundWithParams 原事件 O(1) 索引钩子,原版 Controller Vibration=ON；Mod=ON；活动手柄已连接；非暂停；同事件/实体/实例短窗去重,UI/HUD 非空间，强度不随世界距离衰减,UI 短触点；重要 UI 动画使用双脉冲,高：客户端 Lua 原调用、参数与返回值不改变
458,dontstarve/HUD/Together_HUD/collectionscreen/mysterybox/hit4,UI,1.0,False,1.0,False,609,1,0,haptics.lua 第 609 行注册；触发证据：当前 Lua 源码无字面引用（可能由动态变量、资源/引擎路径触发，或为保留定义）,事件仍动态入索引；出现客户端 SoundEmitter 调用时自动处理,原版 Controller Vibration=ON；Mod=ON；活动手柄已连接；非暂停；同事件/实体/实例短窗去重,UI/HUD 非空间，强度不随世界距离衰减,UI 短触点；重要 UI 动画使用双脉冲,保留未来/动态入口；当前源码无字面触发点，不能伪造触发
459,dontstarve/HUD/Together_HUD/collectionscreen/purchase,UI,1.0,False,1.0,False,610,1,1,"haptics.lua 第 610 行注册；触发证据：screens/redux/purchasepackscreen.lua:120 TheFrontEnd:GetSound():PlaySound(""dontstarve/HUD/Together_HUD/collectionscreen/purchase"")",SoundEmitter.PlaySound / PlaySoundWithParams 原事件 O(1) 索引钩子,原版 Controller Vibration=ON；Mod=ON；活动手柄已连接；非暂停；同事件/实体/实例短窗去重,UI/HUD 非空间，强度不随世界距离衰减,UI 短触点；重要 UI 动画使用双脉冲,高：客户端 Lua 原调用、参数与返回值不改变
460,dontstarve/HUD/Together_HUD/collectionscreen/locked,UI,1.0,False,1.0,False,611,1,0,haptics.lua 第 611 行注册；触发证据：当前 Lua 源码无字面引用（可能由动态变量、资源/引擎路径触发，或为保留定义）,事件仍动态入索引；出现客户端 SoundEmitter 调用时自动处理,原版 Controller Vibration=ON；Mod=ON；活动手柄已连接；非暂停；同事件/实体/实例短窗去重,UI/HUD 非空间，强度不随世界距离衰减,UI 短触点；重要 UI 动画使用双脉冲,保留未来/动态入口；当前源码无字面触发点，不能伪造触发
461,dontstarve/HUD/Together_HUD/collectionscreen/weave,UI,1.0,False,1.0,False,612,1,1,"haptics.lua 第 612 行注册；触发证据：screens/redux/barterscreen.lua:89 self:_BarterComplete(success, status,{""dontstarve/HUD/Together_HUD/collectionscreen/weave"",""dontstarve/HUD/Together_HUD/collectionscreen/unlock""})",SoundEmitter.PlaySound / PlaySoundWithParams 原事件 O(1) 索引钩子,原版 Controller Vibration=ON；Mod=ON；活动手柄已连接；非暂停；同事件/实体/实例短窗去重,UI/HUD 非空间，强度不随世界距离衰减,UI 短触点；重要 UI 动画使用双脉冲,高：客户端 Lua 原调用、参数与返回值不改变
462,dontstarve/HUD/WorldDeathTick,UI,3.0,True,1.0,False,614,1,4,"haptics.lua 第 614 行注册；触发证据：screens/lobbyscreen.lua:297 TheFrontEnd:GetSound():PlaySound(""dontstarve/HUD/WorldDeathTick"")；widgets/playerdeathnotification.lua:269 TheFrontEnd:GetSound():PlaySound(""dontstarve/HUD/WorldDeathTick"", nil, volume)；widgets/waitingforplayers.lua:111 TheFrontEnd:GetSound():PlaySound(""dontstarve/HUD/WorldDeathTick"")；另 1 处",SoundEmitter.PlaySound / PlaySoundWithParams 原事件 O(1) 索引钩子,原版 Controller Vibration=ON；Mod=ON；活动手柄已连接；非暂停；同事件/实体/实例短窗去重,UI/HUD 非空间，强度不随世界距离衰减,UI 短触点；重要 UI 动画使用双脉冲,高：客户端 Lua 原调用、参数与返回值不改变
463,dontstarve/HUD/map_open,UI,1.0,True,1.0,False,615,1,0,haptics.lua 第 615 行注册；触发证据：当前 Lua 源码无字面引用（可能由动态变量、资源/引擎路径触发，或为保留定义）,事件仍动态入索引；出现客户端 SoundEmitter 调用时自动处理,原版 Controller Vibration=ON；Mod=ON；活动手柄已连接；非暂停；同事件/实体/实例短窗去重,UI/HUD 非空间，强度不随世界距离衰减,UI 短触点；重要 UI 动画使用双脉冲,保留未来/动态入口；当前源码无字面触发点，不能伪造触发
464,dontstarve/HUD/map_close,UI,1.0,True,1.0,False,616,1,0,haptics.lua 第 616 行注册；触发证据：当前 Lua 源码无字面引用（可能由动态变量、资源/引擎路径触发，或为保留定义）,事件仍动态入索引；出现客户端 SoundEmitter 调用时自动处理,原版 Controller Vibration=ON；Mod=ON；活动手柄已连接；非暂停；同事件/实体/实例短窗去重,UI/HUD 非空间，强度不随世界距离衰减,UI 短触点；重要 UI 动画使用双脉冲,保留未来/动态入口；当前源码无字面触发点，不能伪造触发
465,dontstarve/HUD/scrapbook_pageflip,UI,1.0,True,1.0,False,617,1,3,"haptics.lua 第 617 行注册；触发证据：screens/redux/scrapbookscreen.lua:365 TheFrontEnd:GetSound():PlaySound(""dontstarve/HUD/scrapbook_pageflip"")；screens/redux/scrapbookscreen.lua:883 TheFrontEnd:GetSound():PlaySound(""dontstarve/HUD/scrapbook_pageflip"")；screens/redux/scrapbookscreen.lua:2457 TheFrontEnd:GetSound():PlaySound(""dontstarve/HUD/scrapbook_pageflip"")",SoundEmitter.PlaySound / PlaySoundWithParams 原事件 O(1) 索引钩子,原版 Controller Vibration=ON；Mod=ON；活动手柄已连接；非暂停；同事件/实体/实例短窗去重,UI/HUD 非空间，强度不随世界距离衰减,UI 短触点；重要 UI 动画使用双脉冲,高：客户端 Lua 原调用、参数与返回值不改变
466,dontstarve/HUD/scrapbook_dropdown,UI,1.0,True,1.0,False,618,1,1,"haptics.lua 第 618 行注册；触发证据：widgets/scrapbooktoast.lua:70 TheFrontEnd:GetSound():PlaySound(""dontstarve/HUD/scrapbook_dropdown"")",SoundEmitter.PlaySound / PlaySoundWithParams 原事件 O(1) 索引钩子,原版 Controller Vibration=ON；Mod=ON；活动手柄已连接；非暂停；同事件/实体/实例短窗去重,UI/HUD 非空间，强度不随世界距离衰减,UI 短触点；重要 UI 动画使用双脉冲,高：客户端 Lua 原调用、参数与返回值不改变
467,dontstarve/HUD/craft_open,UI,1.0,True,0.5,False,619,1,10,"haptics.lua 第 619 行注册；触发证据：screens/playerhud.lua:1057 TheFrontEnd:GetSound():PlaySound(""dontstarve/HUD/craft_open"")；screens/playerhud.lua:1213 TheFrontEnd:GetSound():PlaySound(""dontstarve/HUD/craft_open"")；screens/playerhud.lua:1359 TheFrontEnd:GetSound():PlaySound(""dontstarve/HUD/craft_open"")；另 7 处",SoundEmitter.PlaySound / PlaySoundWithParams 原事件 O(1) 索引钩子,原版 Controller Vibration=ON；Mod=ON；活动手柄已连接；非暂停；同事件/实体/实例短窗去重,UI/HUD 非空间，强度不随世界距离衰减,UI 短触点；重要 UI 动画使用双脉冲,高：客户端 Lua 原调用、参数与返回值不改变
468,dontstarve/HUD/craft_close,UI,1.0,True,0.5,False,620,1,6,"haptics.lua 第 620 行注册；触发证据：screens/playerhud.lua:1075 TheFrontEnd:GetSound():PlaySound(""dontstarve/HUD/craft_close"")；screens/playerhud.lua:1225 TheFrontEnd:GetSound():PlaySound(""dontstarve/HUD/craft_close"")；screens/playerhud.lua:1382 TheFrontEnd:GetSound():PlaySound(""dontstarve/HUD/craft_close"")；另 3 处",SoundEmitter.PlaySound / PlaySoundWithParams 原事件 O(1) 索引钩子,原版 Controller Vibration=ON；Mod=ON；活动手柄已连接；非暂停；同事件/实体/实例短窗去重,UI/HUD 非空间，强度不随世界距离衰减,UI 短触点；重要 UI 动画使用双脉冲,高：客户端 Lua 原调用、参数与返回值不改变
469,dontstarve/HUD/collect_newitem,UNSPECIFIED,1.0,True,0.5,False,621,1,1,"haptics.lua 第 621 行注册；触发证据：prefabs/player_classified.lua:744 TheFocalPoint.SoundEmitter:PlaySound(""dontstarve/HUD/collect_newitem"")",SoundEmitter 原事件钩子（动态/数据表选声同样按最终事件匹配）,原版 Controller Vibration=ON；Mod=ON；活动手柄已连接；非暂停；同事件/实体/实例短窗去重,UI/HUD 非空间，强度不随世界距离衰减,UI 短触点；重要 UI 动画使用双脉冲,高（客户端调用可见时）
470,dontstarve/HUD/recipe_ready,UNSPECIFIED,0.5,True,0.5,False,622,1,2,"haptics.lua 第 622 行注册；触发证据：widgets/crafttabs.lua:52 self.tabs.onhighlight = function() TheFocalPoint.SoundEmitter:PlaySound(""dontstarve/HUD/recipe_ready"") return .2 end；widgets/redux/craftingmenu_pinbar.lua:89 TheFocalPoint.SoundEmitter:PlaySound(""dontstarve/HUD/recipe_ready"")",SoundEmitter.PlaySound / PlaySoundWithParams 原事件 O(1) 索引钩子,原版 Controller Vibration=ON；Mod=ON；活动手柄已连接；非暂停；同事件/实体/实例短窗去重,UI/HUD 非空间，强度不随世界距离衰减,UI 短触点；重要 UI 动画使用双脉冲,高：客户端 Lua 原调用、参数与返回值不改变
471,wilson_rework/ui/skill_mastered,UI,1.0,True,1.0,False,624,1,1,"haptics.lua 第 624 行注册；触发证据：widgets/redux/skilltreebuilder.lua:912 ""wilson_rework/ui/skill_mastered""",SoundEmitter.PlaySound / PlaySoundWithParams 原事件 O(1) 索引钩子,原版 Controller Vibration=ON；Mod=ON；活动手柄已连接；非暂停；同事件/实体/实例短窗去重,UI/HUD 非空间，强度不随世界距离衰减,UI 短触点；重要 UI 动画使用双脉冲,高：客户端 Lua 原调用、参数与返回值不改变
472,wilson_rework/ui/shadow_skill,UI,1.0,True,1.0,False,625,1,2,"haptics.lua 第 625 行注册；触发证据：widgets/redux/skilltreebuilder.lua:910 (isshadow and ""wilson_rework/ui/shadow_skill"") or；widgets/redux/skilltreewidget.lua:227 local sound = ""wilson_rework/ui/shadow_skill""",SoundEmitter.PlaySound / PlaySoundWithParams 原事件 O(1) 索引钩子,原版 Controller Vibration=ON；Mod=ON；活动手柄已连接；非暂停；同事件/实体/实例短窗去重,UI/HUD 非空间，强度不随世界距离衰减,UI 短触点；重要 UI 动画使用双脉冲,高：客户端 Lua 原调用、参数与返回值不改变
473,wilson_rework/ui/lunar_skill,UI,1.0,True,1.0,False,626,1,2,"haptics.lua 第 626 行注册；触发证据：widgets/redux/skilltreebuilder.lua:911 (islunar  and ""wilson_rework/ui/lunar_skill"") or；widgets/redux/skilltreewidget.lua:230 sound = ""wilson_rework/ui/lunar_skill""",SoundEmitter.PlaySound / PlaySoundWithParams 原事件 O(1) 索引钩子,原版 Controller Vibration=ON；Mod=ON；活动手柄已连接；非暂停；同事件/实体/实例短窗去重,UI/HUD 非空间，强度不随世界距离衰减,UI 短触点；重要 UI 动画使用双脉冲,高：客户端 Lua 原调用、参数与返回值不改变
474,wilson_rework/ui/respec,UI,1.0,True,1.0,False,627,1,1,"haptics.lua 第 627 行注册；触发证据：widgets/redux/skilltreewidget.lua:186 TheFrontEnd:GetSound():PlaySound(""wilson_rework/ui/respec"")",SoundEmitter.PlaySound / PlaySoundWithParams 原事件 O(1) 索引钩子,原版 Controller Vibration=ON；Mod=ON；活动手柄已连接；非暂停；同事件/实体/实例短窗去重,UI/HUD 非空间，强度不随世界距离衰减,UI 短触点；重要 UI 动画使用双脉冲,高：客户端 Lua 原调用、参数与返回值不改变
475,rifts6/creatures/centipede/step,ENVIRONMENT,1.0,True,1.0,False,631,1,1,"haptics.lua 第 631 行注册；触发证据：stategraphs/SGshadowthrall_centipede.lua:101 inst.SoundEmitter:PlaySound(""rifts6/creatures/centipede/step"")",客户端可见的同名 SoundEmitter 调用由钩子处理；纯服务端直接复制声音无法被 Lua 通用枚举,原版 Controller Vibration=ON；Mod=ON；活动手柄已连接；非暂停；同事件/实体/实例短窗去重；空间距离过滤,ENVIRONMENT 以 Sim.SetListener 三维位置进行世界空间平滑衰减，默认近—远 8–46 单位；超距归零，可由 Spatial Reach 缩放,脚步/落地双脉冲包络,条件覆盖：事件表语义完整，触发可观察性由引擎路径决定
476,rifts6/creatures/centipede/death,ENVIRONMENT,1.0,True,1.0,False,632,1,1,"haptics.lua 第 632 行注册；触发证据：stategraphs/SGshadowthrall_centipede.lua:236 inst.SoundEmitter:PlaySound(""rifts6/creatures/centipede/death"")",客户端可见的同名 SoundEmitter 调用由钩子处理；纯服务端直接复制声音无法被 Lua 通用枚举,原版 Controller Vibration=ON；Mod=ON；活动手柄已连接；非暂停；同事件/实体/实例短窗去重；空间距离过滤,ENVIRONMENT 以 Sim.SetListener 三维位置进行世界空间平滑衰减，默认近—远 8–46 单位；超距归零，可由 Spatial Reach 缩放,环境双段脉冲包络,条件覆盖：事件表语义完整，触发可观察性由引擎路径决定
477,rifts6/creatures/centipede/flip_hit_ground,ENVIRONMENT,1.0,True,1.0,False,633,1,1,"haptics.lua 第 633 行注册；触发证据：stategraphs/SGshadowthrall_centipede.lua:264 inst.SoundEmitter:PlaySound(""rifts6/creatures/centipede/flip_hit_ground"")",客户端可见的同名 SoundEmitter 调用由钩子处理；纯服务端直接复制声音无法被 Lua 通用枚举,原版 Controller Vibration=ON；Mod=ON；活动手柄已连接；非暂停；同事件/实体/实例短窗去重；空间距离过滤,ENVIRONMENT 以 Sim.SetListener 三维位置进行世界空间平滑衰减，默认近—远 8–46 单位；超距归零，可由 Spatial Reach 缩放,命中双脉冲包络,条件覆盖：事件表语义完整，触发可观察性由引擎路径决定
478,rifts6/creatures/centipede/struggle_pst,ENVIRONMENT,1.0,True,1.0,False,634,1,1,"haptics.lua 第 634 行注册；触发证据：stategraphs/SGshadowthrall_centipede.lua:307 inst.SoundEmitter:PlaySound(""rifts6/creatures/centipede/struggle_pst"")",客户端可见的同名 SoundEmitter 调用由钩子处理；纯服务端直接复制声音无法被 Lua 通用枚举,原版 Controller Vibration=ON；Mod=ON；活动手柄已连接；非暂停；同事件/实体/实例短窗去重；空间距离过滤,ENVIRONMENT 以 Sim.SetListener 三维位置进行世界空间平滑衰减，默认近—远 8–46 单位；超距归零，可由 Spatial Reach 缩放,环境双段脉冲包络,条件覆盖：事件表语义完整，触发可观察性由引擎路径决定
479,rifts6/creatures/rockspider/appear_f1,ENVIRONMENT,1.0,True,1.0,False,635,1,1,"haptics.lua 第 635 行注册；触发证据：stategraphs/SGcaveventmite.lua:541 inst.SoundEmitter:PlaySound(""rifts6/creatures/rockspider/appear_f1"")",客户端可见的同名 SoundEmitter 调用由钩子处理；纯服务端直接复制声音无法被 Lua 通用枚举,原版 Controller Vibration=ON；Mod=ON；活动手柄已连接；非暂停；同事件/实体/实例短窗去重；空间距离过滤,ENVIRONMENT 以 Sim.SetListener 三维位置进行世界空间平滑衰减，默认近—远 8–46 单位；超距归零，可由 Spatial Reach 缩放,环境双段脉冲包络,条件覆盖：事件表语义完整，触发可观察性由引擎路径决定
480,rifts6/creatures/rockspider/disappear_f22,ENVIRONMENT,1.0,True,1.0,False,636,1,1,"haptics.lua 第 636 行注册；触发证据：stategraphs/SGcaveventmite.lua:405 FrameEvent(22, function(inst) inst.SoundEmitter:PlaySound(""rifts6/creatures/rockspider/disappear_f22"") end),",客户端可见的同名 SoundEmitter 调用由钩子处理；纯服务端直接复制声音无法被 Lua 通用枚举,原版 Controller Vibration=ON；Mod=ON；活动手柄已连接；非暂停；同事件/实体/实例短窗去重；空间距离过滤,ENVIRONMENT 以 Sim.SetListener 三维位置进行世界空间平滑衰减，默认近—远 8–46 单位；超距归零，可由 Spatial Reach 缩放,环境双段脉冲包络,条件覆盖：事件表语义完整，触发可观察性由引擎路径决定
481,rifts6/rock_tree/fall_bounce,ENVIRONMENT,1.0,True,1.0,False,637,1,1,"haptics.lua 第 637 行注册；触发证据：prefabs/tree_rocks.lua:556 inst.SoundEmitter:PlaySound(""rifts6/rock_tree/fall_bounce"")",客户端可见的同名 SoundEmitter 调用由钩子处理；纯服务端直接复制声音无法被 Lua 通用枚举,原版 Controller Vibration=ON；Mod=ON；活动手柄已连接；非暂停；同事件/实体/实例短窗去重；空间距离过滤,ENVIRONMENT 以 Sim.SetListener 三维位置进行世界空间平滑衰减，默认近—远 8–46 单位；超距归零，可由 Spatial Reach 缩放,环境双段脉冲包络,条件覆盖：事件表语义完整，触发可观察性由引擎路径决定
482,rifts6/rock_tree/fall_break,ENVIRONMENT,1.0,True,1.0,False,638,1,1,"haptics.lua 第 638 行注册；触发证据：prefabs/tree_rocks.lua:540 inst.SoundEmitter:PlaySound(""rifts6/rock_tree/fall_break"")",客户端可见的同名 SoundEmitter 调用由钩子处理；纯服务端直接复制声音无法被 Lua 通用枚举,原版 Controller Vibration=ON；Mod=ON；活动手柄已连接；非暂停；同事件/实体/实例短窗去重；空间距离过滤,ENVIRONMENT 以 Sim.SetListener 三维位置进行世界空间平滑衰减，默认近—远 8–46 单位；超距归零，可由 Spatial Reach 缩放,环境双段脉冲包络,条件覆盖：事件表语义完整，触发可观察性由引擎路径决定
483,rifts6/whirlpool/whirlpool_LP,ENVIRONMENT,1.0,True,1.0,False,639,1,1,"haptics.lua 第 639 行注册；触发证据：prefabs/oceanwhirlbigportal.lua:164 inst.SoundEmitter:PlaySound(""rifts6/whirlpool/whirlpool_LP"", ""wave"")",SoundEmitter 具名循环钩子；PlayingSound、SetParameter、SetVolume、KillSound/KillAllSounds 驱动,原版 Controller Vibration=ON；Mod=ON；活动手柄已连接；非暂停；同事件/实体/实例短窗去重；空间距离过滤,ENVIRONMENT 以 Sim.SetListener 三维位置进行世界空间平滑衰减，默认近—远 8–46 单位；超距归零，可由 Spatial Reach 缩放,具名循环：85 ms 更新、100 ms 连续脉冲；KillSound/音量/实体/暂停/卸载控制生命周期,高（客户端 Lua 可见循环）；已验证参数逐事件映射，未知参数保持中性
484,rifts6/rock_pillar/wobble_lp,ENVIRONMENT,1.0,True,1.0,False,640,1,2,"haptics.lua 第 640 行注册；触发证据：prefabs/abysspillar.lua:273 inst.SoundEmitter:PlaySound(""rifts6/rock_pillar/wobble_lp"", ""loop"", 0.3)；prefabs/abysspillar.lua:460 inst.SoundEmitter:PlaySound(""rifts6/rock_pillar/wobble_lp"", ""loop"", not inst.AnimState:IsCurrentAnimation(""occupied_warning"") and 0.3 or nil)",SoundEmitter 具名循环钩子；PlayingSound、SetParameter、SetVolume、KillSound/KillAllSounds 驱动,原版 Controller Vibration=ON；Mod=ON；活动手柄已连接；非暂停；同事件/实体/实例短窗去重；空间距离过滤,ENVIRONMENT 以 Sim.SetListener 三维位置进行世界空间平滑衰减，默认近—远 8–46 单位；超距归零，可由 Spatial Reach 缩放,具名循环：85 ms 更新、100 ms 连续脉冲；KillSound/音量/实体/暂停/卸载控制生命周期,高（客户端 Lua 可见循环）；已验证参数逐事件映射，未知参数保持中性
485,rifts6/rock_pillar/fall,ENVIRONMENT,1.0,True,1.0,False,641,1,2,"haptics.lua 第 641 行注册；触发证据：prefabs/abysspillar.lua:283 fx.SoundEmitter:PlaySound(""rifts6/rock_pillar/fall"")；stategraphs/SGvault_pillar_guard.lua:371 FrameEvent(139, function(inst) inst.SoundEmitter:PlaySound(""rifts6/rock_pillar/fall"") end),",客户端可见的同名 SoundEmitter 调用由钩子处理；纯服务端直接复制声音无法被 Lua 通用枚举,原版 Controller Vibration=ON；Mod=ON；活动手柄已连接；非暂停；同事件/实体/实例短窗去重；空间距离过滤,ENVIRONMENT 以 Sim.SetListener 三维位置进行世界空间平滑衰减，默认近—远 8–46 单位；超距归零，可由 Spatial Reach 缩放,环境双段脉冲包络,条件覆盖：事件表语义完整，触发可观察性由引擎路径决定
486,hookline_2/common/hotspring/use,PLAYER,1.0,True,1.0,False,645,1,6,"haptics.lua 第 645 行注册；触发证据：stategraphs/SGhermitcrab.lua:4852 FrameEvent(9, function(inst) inst.SoundEmitter:PlaySound(""hookline_2/common/hotspring/use"") end),；stategraphs/SGhermitcrab.lua:5140 inst.SoundEmitter:PlaySound(""hookline_2/common/hotspring/use"")；stategraphs/SGwilson.lua:27018 FrameEvent(9, function(inst) inst.SoundEmitter:PlaySound(""hookline_2/common/hotspring/use"") end),；另 3 处",客户端可见的同名 SoundEmitter 调用由钩子处理；纯服务端直接复制声音无法被 Lua 通用枚举,原版 Controller Vibration=ON；Mod=ON；活动手柄已连接；非暂停；同事件/实体/实例短窗去重；空间距离过滤,PLAYER 以 Sim.SetListener 三维位置进行世界空间平滑衰减，默认近—远 5–26 单位；超距归零，可由 Spatial Reach 缩放,通用单脉冲包络,条件覆盖：事件表语义完整，触发可观察性由引擎路径决定
487,hookline_2/hermitcrab_shell_teleport/use,PLAYER,1.0,True,1.0,False,646,1,1,"haptics.lua 第 646 行注册；触发证据：prefabs/hermitcrab_shell.lua:190 instrument:SetAssetOverrides(""hermitcrab_shell"", ""hermitcrab_shell01"", ""hookline_2/hermitcrab_shell_teleport/use"")",客户端可见的同名 SoundEmitter 调用由钩子处理；纯服务端直接复制声音无法被 Lua 通用枚举,原版 Controller Vibration=ON；Mod=ON；活动手柄已连接；非暂停；同事件/实体/实例短窗去重；空间距离过滤,PLAYER 以 Sim.SetListener 三维位置进行世界空间平滑衰减，默认近—远 5–26 单位；超距归零，可由 Spatial Reach 缩放,通用单脉冲包络,条件覆盖：事件表语义完整，触发可观察性由引擎路径决定
488,dontstarve/movement/run_horseshoes,PLAYER,1.0,True,1.0,True,650,1,15,"haptics.lua 第 650 行注册；触发证据：clothing.lua:11765 footstep_layered = ""dontstarve/movement/run_horseshoes"",；prefabs/player_common_extensions.lua:1266 if soundpath == ""dontstarve/movement/run_horseshoes"" then；stategraphs/SGwilson.lua:12073 inst.SoundEmitter:PlaySound(""dontstarve/movement/run_horseshoes"", nil, nil, true)；另 12 处",客户端 Lua 路径由 SoundEmitter 钩子精确处理；服务端直接复制路径依赖同事件是否也有客户端回调,原版 Controller Vibration=ON；Mod=ON；活动手柄已连接；非暂停；同事件/实体/实例短窗去重；本地玩家归属过滤,要求 emitter entity == ThePlayer；原版明确由本地 FrontEnd/FocalPoint 发出的事件视为监听者本地上下文；其它玩家/NPC 过滤,通用单脉冲包络,混合：客户端路径精确，纯服务端路径存在引擎可观察性限制
489,yoth_2026/fanfare/announce,ENVIRONMENT,1.0,True,1.0,False,651,1,1,"haptics.lua 第 651 行注册；触发证据：prefabs/yoth_knightwarningsound.lua:9 inst.SoundEmitter:PlaySound(""yoth_2026/fanfare/announce"")",客户端可见的同名 SoundEmitter 调用由钩子处理；纯服务端直接复制声音无法被 Lua 通用枚举,原版 Controller Vibration=ON；Mod=ON；活动手柄已连接；非暂停；同事件/实体/实例短窗去重；空间距离过滤,ENVIRONMENT 以 Sim.SetListener 三维位置进行世界空间平滑衰减，默认近—远 8–46 单位；超距归零，可由 Spatial Reach 缩放,环境双段脉冲包络,条件覆盖：事件表语义完整，触发可观察性由引擎路径决定
